# Blender v3.0.1 OBJ File: ''
# www.blender.org
mtllib boat.mtl
o Base_Cube.002
v -0.430772 -2.203643 20.486345
v -5.399380 5.828875 20.455902
v -0.430772 -2.203643 -15.144203
v -5.399380 5.832460 -15.048032
v 0.597976 -2.203643 20.486345
v 5.566584 5.828834 20.454956
v 6.194480 4.916448 -15.144203
v 6.194480 5.830203 -15.144203
v 0.073962 5.423248 -32.110439
v -0.430772 -2.203643 -18.178791
v 0.597977 -2.203643 -18.178791
v 0.093242 5.423248 -32.110439
v -0.430771 -2.203643 20.779379
v -4.473577 6.243540 29.962675
v 4.611755 6.243540 29.962675
v 0.597976 -2.203643 20.779379
v -6.027276 4.916448 -15.144203
v -6.027276 4.916448 20.486345
v 6.194480 4.916448 20.486345
v 0.597976 -2.203643 -15.144203
v 0.554304 5.338134 -33.114326
v -0.387099 5.338134 -33.114326
v -5.043350 5.357147 30.589975
v 5.179807 5.357147 30.589975
v -6.027276 5.830203 20.486345
v -6.027276 5.830203 -15.144203
v 5.566584 5.832460 -15.048032
v 6.194480 5.830203 20.486345
v -0.387099 5.408518 -33.114326
v 0.554304 5.408518 -33.114326
v 5.179807 6.270902 30.589975
v -5.043350 6.270902 30.589975
v -5.399380 5.330637 -15.036831
v 5.566584 5.330637 -15.036831
v 5.566584 5.327011 20.466158
v -5.399380 5.327052 20.467104
v 0.073962 4.921424 -32.099239
v 0.093242 4.921424 -32.099239
v 4.611755 5.741717 29.973877
v -4.473578 5.741717 29.973877
v 5.803286 12.628917 20.619213
v -5.484435 12.629102 20.620071
v 4.901302 14.522398 29.407606
v -5.029481 13.654388 28.833498
v 3.343862 9.017733 32.571655
v -3.184149 9.017733 32.571655
v 3.589300 15.235016 31.854067
v -3.317949 15.235016 31.854067
v -6.027276 4.916448 6.976355
v -6.027276 5.830203 6.976357
v 6.194480 4.916448 6.976357
v 6.194480 5.830203 6.976355
v -0.430772 -2.203643 6.976355
v 0.597976 -2.203643 6.976357
v -5.399380 5.830235 6.993921
v 5.566584 5.830209 6.993333
v -4.565082 5.328494 6.170779
v 4.732285 5.328472 6.170282
v -6.027276 5.830203 -2.302030
v 6.194480 4.916448 -2.302030
v 0.597976 -2.203643 -2.302030
v -5.399380 5.831168 -2.251494
v -4.565082 5.329258 -1.406021
v -6.027276 4.916448 -2.302031
v 6.194480 5.830203 -2.302031
v -0.430772 -2.203643 -2.302031
v 5.566584 5.831153 -2.251835
v 4.732285 5.329247 -1.406309
v 5.566584 5.329329 -2.240633
v 5.566584 5.328385 7.004536
v -5.399380 5.328411 7.005122
v -5.399380 5.329345 -2.240293
v 4.612136 4.886501 -1.286202
v 4.612136 4.885750 6.050095
v -4.444934 4.885772 6.050579
v -4.444934 4.886512 -1.285921
v -5.467626 4.204439 -15.144203
v -4.907975 3.492430 -15.144203
v -4.348325 2.780421 -15.144203
v -3.788674 2.068412 -15.144203
v -3.229024 1.356403 -15.144203
v -2.669374 0.644394 -15.144203
v -2.109723 -0.067616 -15.144203
v -1.550073 -0.779625 -15.144203
v -0.990422 -1.491634 -15.144203
v -0.990422 -1.491634 20.486345
v -1.550073 -0.779624 20.486345
v -2.109723 -0.067615 20.486345
v -2.669374 0.644394 20.486345
v -3.229024 1.356403 20.486345
v -3.788674 2.068412 20.486345
v -4.348325 2.780421 20.486345
v -4.907975 3.492430 20.486345
v -5.467626 4.204439 20.486345
v 5.634830 4.204439 20.486345
v 5.075180 3.492430 20.486345
v 4.515529 2.780421 20.486345
v 3.955879 2.068412 20.486345
v 3.396228 1.356403 20.486345
v 2.836578 0.644394 20.486345
v 2.276927 -0.067616 20.486345
v 1.717277 -0.779625 20.486345
v 1.157627 -1.491634 20.486345
v 1.157627 -1.491634 -15.144203
v 1.717277 -0.779624 -15.144203
v 2.276927 -0.067615 -15.144203
v 2.836578 0.644394 -15.144203
v 3.396228 1.356403 -15.144203
v 3.955879 2.068412 -15.144203
v 4.515529 2.780421 -15.144203
v 5.075180 3.492430 -15.144203
v 5.634830 4.204439 -15.144203
v 0.558671 4.583956 -31.620773
v 0.563038 3.829779 -30.127220
v 0.567406 3.075601 -28.633667
v 0.571773 2.321424 -27.140114
v 0.576140 1.567246 -25.646561
v 0.580507 0.813068 -24.153008
v 0.584875 0.058890 -22.659454
v 0.589242 -0.695287 -21.165899
v 0.593609 -1.449465 -19.672344
v -0.426405 -1.449465 -19.672344
v -0.422038 -0.695287 -21.165897
v -0.417670 0.058890 -22.659451
v -0.413303 0.813068 -24.153004
v -0.408936 1.567246 -25.646557
v -0.404568 2.321423 -27.140110
v -0.400201 3.075601 -28.633663
v -0.395834 3.829779 -30.127218
v -0.391467 4.583956 -31.620773
v -4.582092 4.601068 29.608915
v -4.120834 3.844989 28.627855
v -3.659576 3.088910 27.646795
v -3.198318 2.332831 26.665735
v -2.737060 1.576752 25.684675
v -2.275803 0.820673 24.703615
v -1.814545 0.064594 23.722557
v -1.353287 -0.691485 22.741497
v -0.892029 -1.447564 21.760437
v 1.056159 -1.447564 21.760439
v 1.514342 -0.691485 22.741499
v 1.972525 0.064594 23.722559
v 2.430708 0.820673 24.703619
v 2.888891 1.576752 25.684679
v 3.347074 2.332831 26.665739
v 3.805257 3.088910 27.646797
v 4.263441 3.844989 28.627857
v 4.721623 4.601068 29.608917
v 1.157627 -1.491634 6.976357
v 1.717277 -0.779624 6.976357
v 2.276927 -0.067615 6.976357
v 2.836578 0.644394 6.976357
v 3.396228 1.356403 6.976357
v 3.955879 2.068412 6.976357
v 4.515529 2.780421 6.976357
v 5.075180 3.492430 6.976357
v 5.634830 4.204439 6.976357
v -0.990422 -1.491634 6.976355
v -1.550073 -0.779624 6.976355
v -2.109723 -0.067615 6.976355
v -2.669374 0.644394 6.976355
v -3.229024 1.356403 6.976355
v -3.788674 2.068412 6.976355
v -4.348325 2.780421 6.976355
v -4.907975 3.492430 6.976355
v -5.467626 4.204439 6.976355
v -0.990422 -1.491634 -2.302031
v -1.550073 -0.779624 -2.302031
v -2.109723 -0.067615 -2.302031
v -2.669374 0.644394 -2.302031
v -3.229024 1.356403 -2.302031
v -3.788674 2.068412 -2.302031
v -4.348325 2.780421 -2.302031
v -4.907975 3.492430 -2.302031
v -5.467626 4.204439 -2.302031
v 1.157627 -1.491634 -2.302030
v 1.717277 -0.779624 -2.302030
v 2.276927 -0.067615 -2.302030
v 2.836578 0.644394 -2.302030
v 3.396228 1.356403 -2.302030
v 3.955879 2.068412 -2.302030
v 4.515529 2.780421 -2.302030
v 5.075180 3.492430 -2.302030
v 5.634830 4.204439 -2.302030
v -5.979317 4.916448 6.976355
v -5.979317 4.916448 20.486345
v -5.979317 4.916448 -15.144203
v -0.339140 5.338134 -33.114326
v -4.995390 5.357147 30.589975
v -5.419666 4.204439 20.486345
v -0.343507 4.583956 -31.620773
v -5.979317 4.916448 -2.302031
v -5.419666 4.204439 6.976355
v -5.419666 4.204439 -2.302031
v -5.419666 4.204439 -15.144203
v -4.534132 4.601068 29.608915
v -5.569807 4.204439 -15.144203
v -5.010156 3.492430 -15.144203
v -5.010156 3.492430 20.486345
v -5.569807 4.204439 20.486345
v -0.498015 3.829779 -30.127218
v -0.493648 4.583956 -31.620773
v -4.684273 4.601068 29.608915
v -4.223015 3.844989 28.627855
v -5.010156 3.492430 6.976355
v -5.569807 4.204439 6.976355
v -5.010156 3.492430 -2.302031
v -5.569807 4.204439 -2.302031
v -4.920056 3.483159 -15.144652
v -4.360406 2.771150 -15.144652
v -4.360406 2.771150 20.485897
v -4.920056 3.483159 20.485897
v -0.412282 3.066330 -28.634111
v -0.407915 3.820508 -30.127666
v -4.132915 3.835718 28.627407
v -3.671657 3.079639 27.646347
v -4.360406 2.771150 6.975906
v -4.920056 3.483159 6.975906
v -4.360406 2.771150 -2.302480
v -4.920056 3.483159 -2.302480
v -4.425968 2.721017 -15.146970
v -3.866318 2.009008 -15.146970
v -3.866318 2.009008 20.483580
v -4.425968 2.721017 20.483580
v -0.482212 2.262020 -27.142876
v -0.477844 3.016197 -28.636429
v -3.737219 3.029507 27.644030
v -3.275961 2.273428 26.662970
v -3.866318 2.009008 6.973588
v -4.425968 2.721017 6.973588
v -3.866318 2.009008 -2.304797
v -4.425968 2.721017 -2.304797
v -3.934446 1.957312 -15.149109
v -3.374796 1.245303 -15.149109
v -3.374796 1.245304 20.481440
v -3.934446 1.957312 20.481440
v -0.554708 1.456146 -25.651463
v -0.550340 2.210324 -27.145016
v -3.344090 2.221732 26.660830
v -2.882832 1.465653 25.679770
v -3.374796 1.245304 6.971449
v -3.934446 1.957312 6.971449
v -3.374796 1.245304 -2.306936
v -3.934446 1.957312 -2.306936
v -2.760847 0.575528 -15.146713
v -2.201196 -0.136481 -15.146713
v -2.201196 -0.136481 20.483835
v -2.760847 0.575528 20.483835
v -0.509143 -0.009975 -22.661961
v -0.504776 0.744203 -24.155514
v -2.367276 0.751808 24.701105
v -1.906018 -0.004271 23.720047
v -2.201196 -0.136481 6.973845
v -2.760847 0.575528 6.973845
v -2.201196 -0.136481 -2.304541
v -2.760847 0.575528 -2.304541
v -2.183566 -0.122617 -15.145842
v -1.623916 -0.834626 -15.145842
v -1.623916 -0.834626 20.484707
v -2.183566 -0.122617 20.484707
v -0.495881 -0.750289 -21.167536
v -0.491514 0.003889 -22.661089
v -1.888388 0.009593 23.720919
v -1.427130 -0.746486 22.739859
v -1.623916 -0.834626 6.974716
v -2.183566 -0.122617 6.974716
v -1.623916 -0.834626 -2.303670
v -2.183566 -0.122617 -2.303670
v -1.499865 -0.742886 -15.143502
v -0.940215 -1.454895 -15.143502
v -0.940215 -1.454895 20.487047
v -1.499865 -0.742886 20.487047
v -0.376198 -1.412726 -19.671642
v -0.371830 -0.658549 -21.165195
v -1.303080 -0.654746 22.742199
v -0.841822 -1.410825 21.761139
v -0.940215 -1.454895 6.977056
v -1.499865 -0.742886 6.977056
v -0.940215 -1.454895 -2.301330
v -1.499865 -0.742886 -2.301330
v -5.043350 5.343114 30.600790
v 5.179807 5.343114 30.600790
v 4.721623 4.587036 29.619732
v -4.582092 4.587036 29.619730
v -4.582092 4.630490 29.586241
v -4.120834 3.874411 28.605181
v 4.263441 3.874411 28.605183
v 4.721623 4.630490 29.586243
v -4.120834 3.816355 28.649923
v -3.659576 3.060276 27.668863
v 3.805257 3.060276 27.668865
v 4.263441 3.816355 28.649925
v -3.659576 3.057333 27.671131
v -3.198318 2.301255 26.690071
v 3.347074 2.301255 26.690075
v 3.805257 3.057333 27.671133
v -3.198318 2.346529 26.655178
v -2.737060 1.590450 25.674118
v 2.888891 1.590450 25.674122
v 3.347074 2.346529 26.655182
v -2.737060 1.549961 25.705322
v -2.275803 0.793882 24.724262
v 2.430708 0.793882 24.724266
v 2.888891 1.549961 25.705326
v -1.814545 -0.017226 23.785614
v -1.353287 -0.773305 22.804554
v 1.514342 -0.773305 22.804556
v 1.972525 -0.017226 23.785616
v -1.353287 -0.761798 22.795685
v -0.892029 -1.517877 21.814625
v 1.056159 -1.517877 21.814627
v 1.514342 -0.761798 22.795687
v -0.430771 -2.239492 20.807007
v 0.597976 -2.239492 20.807007
v -0.892029 -1.483413 21.788065
v 1.056159 -1.483413 21.788067
v 6.228316 4.890370 -2.303344
v 6.228316 4.890370 -15.145517
v 0.588140 5.312056 -33.115643
v 5.213643 5.331069 30.588661
v 6.228316 4.890370 20.485031
v 5.668666 4.178361 -15.145517
v 4.755459 4.574990 29.607603
v 6.228316 4.890370 6.975042
v 5.668666 4.178361 6.975042
v 5.668666 4.178361 -2.303344
v 5.668666 4.178361 20.485031
v 0.592507 4.557878 -31.622087
v 5.688675 4.163021 20.484308
v 5.129025 3.451012 20.484308
v 5.129025 3.451012 -15.146240
v 5.688675 4.163021 -15.146240
v 0.612516 4.542538 -31.622810
v 0.616884 3.788361 -30.129257
v 4.317286 3.803571 28.625820
v 4.775469 4.559650 29.606880
v 5.129025 3.451012 6.974319
v 5.688675 4.163021 6.974319
v 5.129025 3.451012 -2.304067
v 5.688675 4.163021 -2.304067
v 5.142097 3.441081 20.483896
v 4.582446 2.729072 20.483896
v 4.582446 2.729072 -15.146651
v 5.142097 3.441081 -15.146651
v 0.629955 3.778430 -30.129669
v 0.634322 3.024252 -28.636116
v 3.872174 3.037561 27.644348
v 4.330358 3.793640 28.625408
v 4.582446 2.729072 6.973908
v 5.142097 3.441081 6.973908
v 4.582446 2.729072 -2.304478
v 5.142097 3.441081 -2.304478
v 4.419648 2.853776 20.489706
v 3.859998 2.141767 20.489706
v 3.859998 2.141767 -15.140843
v 4.419648 2.853776 -15.140843
v 0.471525 3.148956 -28.630306
v 0.475892 2.394778 -27.136753
v 3.251193 2.406186 26.669100
v 3.709377 3.162265 27.650158
v 3.859998 2.141767 6.979716
v 4.419648 2.853776 6.979716
v 3.859998 2.141767 -2.298670
v 4.419648 2.853776 -2.298670
v 3.455301 1.311612 20.484545
v 2.895650 0.599603 20.484545
v 2.895650 0.599604 -15.146003
v 3.455301 1.311613 -15.146003
v 0.635212 1.522456 -25.648361
v 0.639580 0.768278 -24.154808
v 2.489780 0.775883 24.701818
v 2.947963 1.531962 25.682878
v 2.895650 0.599604 6.974557
v 3.455301 1.311613 6.974557
v 2.895650 0.599604 -2.303829
v 3.455301 1.311613 -2.303829
v 2.888140 0.605577 20.484959
v 2.328489 -0.106432 20.484959
v 2.328489 -0.106432 -15.145589
v 2.888140 0.605577 -15.145589
v 0.632069 0.774252 -24.154394
v 0.636436 0.020074 -22.660841
v 2.024087 0.025778 23.721172
v 2.482270 0.781857 24.702232
v 2.328489 -0.106432 6.974971
v 2.888140 0.605577 6.974971
v 2.328489 -0.106432 -2.303416
v 2.888140 0.605577 -2.303416
v 2.316774 -0.097293 20.485483
v 1.757123 -0.809302 20.485483
v 1.757123 -0.809302 -15.145065
v 2.316774 -0.097293 -15.145065
v 0.624721 0.029213 -22.660316
v 0.629088 -0.724965 -21.166761
v 1.554188 -0.721162 22.740637
v 2.012371 0.034917 23.721697
v 1.757123 -0.809302 6.975494
v 2.316774 -0.097293 6.975494
v 1.757123 -0.809302 -2.302892
v 2.316774 -0.097293 -2.302892
v 0.698876 -2.274847 -2.302066
v 0.698876 -2.274847 -15.144239
v 0.698877 -2.274847 -18.178827
v 0.698876 -2.274847 20.779343
v 0.698876 -2.274847 20.486309
v 1.258527 -1.562838 20.486309
v 0.694510 -1.520670 -19.672380
v 0.698876 -2.274847 6.976320
v 1.258527 -1.562838 -15.144239
v 1.157059 -1.518768 21.760403
v 1.258527 -1.562838 6.976320
v 1.258527 -1.562838 -2.302066
v -0.387099 5.324719 -33.166027
v -0.387099 5.254335 -33.166027
v 0.554304 5.254335 -33.166027
v 0.554304 5.324719 -33.166027
v 0.597977 -2.287441 -18.230494
v -0.430772 -2.287441 -18.230494
v 0.593609 -1.533264 -19.724047
v -0.391467 4.500157 -31.672476
v 0.558671 4.500157 -31.672476
v 0.563038 3.745980 -30.178923
v 0.567405 2.991802 -28.685369
v 0.571773 2.237625 -27.191816
v 0.576140 1.483447 -25.698263
v 0.580507 0.729269 -24.204710
v 0.584875 -0.024908 -22.711157
v 0.589242 -0.779086 -21.217602
v -0.426405 -1.533264 -19.724047
v -0.422038 -0.779086 -21.217600
v -0.417671 -0.024908 -22.711153
v -0.413303 0.729269 -24.204706
v -0.408936 1.483447 -25.698259
v -0.404569 2.237624 -27.191813
v -0.400201 2.991802 -28.685366
v -0.395834 3.745980 -30.178921
v 0.451012 -2.203643 -15.144203
v 0.304048 -2.203643 -15.144203
v 0.157084 -2.203643 -15.144203
v 0.010120 -2.203643 -15.144203
v -0.136844 -2.203643 -15.144203
v -0.283808 -2.203643 -15.144203
v -0.283808 -2.203643 20.486345
v -0.136844 -2.203643 20.486345
v 0.010120 -2.203643 20.486345
v 0.157084 -2.203643 20.486345
v 0.304048 -2.203643 20.486345
v 0.451012 -2.203643 20.486345
v -3.582899 5.357147 30.589975
v -2.122448 5.357147 30.589975
v -0.661997 5.357147 30.589975
v 0.798454 5.357147 30.589975
v 2.258905 5.357147 30.589975
v 3.719356 5.357147 30.589975
v 3.719356 6.270902 30.589975
v 2.258905 6.270902 30.589975
v 0.798454 6.270902 30.589975
v -0.661997 6.270902 30.589975
v -2.122448 6.270902 30.589975
v -3.582899 6.270902 30.589975
v 0.451013 -2.203643 -18.178791
v 0.304048 -2.203643 -18.178791
v 0.157084 -2.203643 -18.178791
v 0.010120 -2.203643 -18.178791
v -0.136844 -2.203643 -18.178791
v -0.283808 -2.203643 -18.178791
v -0.283807 -2.203643 20.779379
v -0.136844 -2.203643 20.779379
v 0.010120 -2.203643 20.779379
v 0.157084 -2.203643 20.779379
v 0.304048 -2.203643 20.779379
v 0.451012 -2.203643 20.779379
v 0.076716 5.423248 -32.110439
v 0.079471 5.423248 -32.110439
v 0.082225 5.423248 -32.110439
v 0.084979 5.423248 -32.110439
v 0.087734 5.423248 -32.110439
v 0.090488 5.423248 -32.110439
v 3.313851 6.243540 29.962675
v 2.015946 6.243540 29.962675
v 0.718041 6.243540 29.962675
v -0.579864 6.243540 29.962675
v -1.877768 6.243540 29.962675
v -3.175673 6.243540 29.962675
v -3.832814 5.330637 -15.036831
v -2.266248 5.330637 -15.036831
v -0.699681 5.330637 -15.036831
v 0.866885 5.330637 -15.036831
v 2.433451 5.330637 -15.036831
v 4.000017 5.330637 -15.036831
v 4.000017 5.327016 20.466293
v 2.433451 5.327022 20.466429
v 0.866885 5.327028 20.466564
v -0.699682 5.327034 20.466700
v -2.266248 5.327040 20.466835
v -3.832814 5.327045 20.466969
v 0.076716 4.921424 -32.099239
v 0.079470 4.921424 -32.099239
v 0.082225 4.921424 -32.099239
v 0.084979 4.921424 -32.099239
v 0.087733 4.921424 -32.099239
v 0.090488 4.921424 -32.099239
v 3.313850 5.741717 29.973877
v 2.015945 5.741717 29.973877
v 0.718041 5.741717 29.973877
v -0.579864 5.741717 29.973877
v -1.877769 5.741717 29.973877
v -3.175673 5.741717 29.973877
v 4.513760 12.628938 20.619310
v 2.772313 12.628966 20.619442
v 1.030867 12.628995 20.619574
v -0.710580 12.629024 20.619705
v -2.452026 12.629052 20.619839
v -4.193472 12.629081 20.619972
v 2.411288 9.017733 32.571655
v 1.478715 9.017733 32.571655
v 0.546142 9.017733 32.571655
v -0.386431 9.017733 32.571655
v -1.319003 9.017733 32.571655
v -2.251576 9.017733 32.571655
v 2.780401 15.235016 31.854067
v 1.722173 15.235016 31.854067
v 0.663945 15.235016 31.854067
v -0.394284 15.235016 31.854067
v -1.452512 15.235016 31.854067
v -2.510740 15.235016 31.854067
v -3.832814 5.328407 7.005038
v -2.266248 5.328403 7.004954
v -0.699681 5.328400 7.004870
v 0.866885 5.328396 7.004786
v 2.433451 5.328393 7.004703
v 4.000017 5.328389 7.004620
v 0.451012 -2.203643 6.976357
v 0.304048 -2.203643 6.976357
v 0.157084 -2.203643 6.976356
v 0.010120 -2.203643 6.976356
v -0.136844 -2.203643 6.976356
v -0.283808 -2.203643 6.976356
v 0.451012 -2.203643 -2.302030
v 0.304048 -2.203643 -2.302030
v 0.157084 -2.203643 -2.302030
v 0.010120 -2.203643 -2.302031
v -0.136844 -2.203643 -2.302031
v -0.283808 -2.203643 -2.302031
v -3.832814 5.329342 -2.240342
v -2.266248 5.329340 -2.240390
v -0.699681 5.329338 -2.240439
v 0.866885 5.329336 -2.240488
v 2.433451 5.329334 -2.240536
v 4.000017 5.329331 -2.240585
v -3.236887 5.328491 6.170708
v -1.908691 5.328487 6.170637
v -0.580496 5.328484 6.170566
v 0.747699 5.328481 6.170495
v 2.075895 5.328478 6.170424
v 3.404090 5.328475 6.170353
v -3.236887 5.329257 -1.406062
v -1.908691 5.329255 -1.406103
v -0.580496 5.329253 -1.406144
v 0.747699 5.329251 -1.406186
v 2.075895 5.329250 -1.406227
v 3.404090 5.329248 -1.406268
v -3.357036 4.885769 6.050521
v -1.788544 4.885766 6.050437
v -0.700645 4.885763 6.050379
v 0.867847 4.885759 6.050295
v 1.955745 4.885756 6.050237
v 3.524238 4.885753 6.050153
v -3.357036 4.886511 -1.285955
v -1.788544 4.886509 -1.286003
v -0.700645 4.886508 -1.286037
v 0.867847 4.886505 -1.286086
v 1.955745 4.886504 -1.286120
v 3.524238 4.886502 -1.286168
v 0.777846 -1.447564 21.760439
v 0.499534 -1.447564 21.760439
v 0.221221 -1.447564 21.760439
v -0.057091 -1.447564 21.760439
v -0.335404 -1.447564 21.760439
v -0.613717 -1.447564 21.760437
v 1.104681 -0.691485 22.741499
v 0.695019 -0.691485 22.741499
v 0.285358 -0.691485 22.741499
v -0.124303 -0.691485 22.741499
v -0.533965 -0.691485 22.741499
v -0.943626 -0.691485 22.741497
v 1.431515 0.064594 23.722559
v 0.890505 0.064594 23.722559
v 0.349495 0.064594 23.722559
v -0.191515 0.064594 23.722559
v -0.732525 0.064594 23.722559
v -1.273535 0.064594 23.722557
v 1.758349 0.820673 24.703619
v 1.085990 0.820673 24.703619
v 0.413632 0.820673 24.703619
v -0.258727 0.820673 24.703617
v -0.931085 0.820673 24.703617
v -1.603444 0.820673 24.703617
v 2.085184 1.576752 25.684679
v 1.281476 1.576752 25.684679
v 0.477769 1.576752 25.684679
v -0.325938 1.576752 25.684677
v -1.129646 1.576752 25.684677
v -1.933353 1.576752 25.684677
v 2.412018 2.332831 26.665739
v 1.476962 2.332831 26.665739
v 0.541906 2.332831 26.665739
v -0.393150 2.332831 26.665737
v -1.328206 2.332831 26.665737
v -2.263262 2.332831 26.665737
v 2.738853 3.088910 27.646797
v 1.672448 3.088910 27.646797
v 0.606043 3.088910 27.646797
v -0.460362 3.088910 27.646797
v -1.526767 3.088910 27.646797
v -2.593171 3.088910 27.646797
v 3.065687 3.844989 28.627857
v 1.867934 3.844989 28.627857
v 0.670180 3.844989 28.627857
v -0.527573 3.844989 28.627857
v -1.725327 3.844989 28.627857
v -2.923080 3.844989 28.627857
v 3.392521 4.601068 29.608917
v 2.063419 4.601068 29.608917
v 0.734317 4.601068 29.608917
v -0.594785 4.601068 29.608917
v -1.923887 4.601068 29.608917
v -3.252990 4.601068 29.608917
v -3.582899 5.343114 30.600790
v -2.122448 5.343114 30.600790
v -0.661997 5.343114 30.600790
v 0.798454 5.343114 30.600790
v 2.258905 5.343114 30.600790
v 3.719356 5.343114 30.600790
v 3.392521 4.587036 29.619732
v 2.063419 4.587036 29.619732
v 0.734317 4.587036 29.619732
v -0.594785 4.587036 29.619732
v -1.923887 4.587036 29.619732
v -3.252990 4.587036 29.619732
v 3.065687 3.874411 28.605183
v 1.867934 3.874411 28.605183
v 0.670180 3.874411 28.605183
v -0.527573 3.874411 28.605183
v -1.725327 3.874411 28.605183
v -2.923080 3.874411 28.605183
v 3.392521 4.630490 29.586243
v 2.063419 4.630490 29.586243
v 0.734317 4.630490 29.586243
v -0.594785 4.630490 29.586243
v -1.923887 4.630490 29.586243
v -3.252990 4.630490 29.586243
v 2.738853 3.060276 27.668865
v 1.672448 3.060276 27.668865
v 0.606043 3.060276 27.668865
v -0.460362 3.060276 27.668865
v -1.526767 3.060276 27.668865
v -2.593171 3.060276 27.668865
v 3.065687 3.816355 28.649925
v 1.867934 3.816355 28.649925
v 0.670180 3.816355 28.649925
v -0.527573 3.816355 28.649925
v -1.725327 3.816355 28.649925
v -2.923080 3.816355 28.649925
v 2.412018 2.301255 26.690075
v 1.476962 2.301255 26.690075
v 0.541906 2.301255 26.690075
v -0.393150 2.301255 26.690075
v -1.328206 2.301255 26.690073
v -2.263262 2.301255 26.690071
v 2.738853 3.057333 27.671133
v 1.672448 3.057333 27.671133
v 0.606043 3.057333 27.671133
v -0.460362 3.057333 27.671133
v -1.526767 3.057333 27.671133
v -2.593171 3.057333 27.671131
v 2.085184 1.590450 25.674122
v 1.281476 1.590450 25.674122
v 0.477769 1.590450 25.674122
v -0.325938 1.590450 25.674122
v -1.129646 1.590450 25.674120
v -1.933353 1.590450 25.674118
v 2.412018 2.346529 26.655182
v 1.476962 2.346529 26.655182
v 0.541906 2.346529 26.655182
v -0.393150 2.346529 26.655182
v -1.328206 2.346529 26.655180
v -2.263262 2.346529 26.655178
v 1.758349 0.793882 24.724266
v 1.085990 0.793882 24.724266
v 0.413632 0.793882 24.724266
v -0.258727 0.793882 24.724266
v -0.931085 0.793882 24.724264
v -1.603444 0.793882 24.724262
v 2.085184 1.549961 25.705326
v 1.281476 1.549961 25.705326
v 0.477769 1.549961 25.705326
v -0.325938 1.549961 25.705326
v -1.129646 1.549961 25.705324
v -1.933353 1.549961 25.705322
v 1.104681 -0.773305 22.804556
v 0.695019 -0.773305 22.804556
v 0.285358 -0.773305 22.804556
v -0.124303 -0.773305 22.804556
v -0.533965 -0.773305 22.804556
v -0.943626 -0.773305 22.804554
v 1.431515 -0.017226 23.785616
v 0.890505 -0.017226 23.785616
v 0.349495 -0.017226 23.785616
v -0.191515 -0.017226 23.785616
v -0.732525 -0.017226 23.785616
v -1.273535 -0.017226 23.785614
v 0.777846 -1.517877 21.814627
v 0.499534 -1.517877 21.814627
v 0.221221 -1.517877 21.814627
v -0.057092 -1.517877 21.814627
v -0.335404 -1.517877 21.814627
v -0.613717 -1.517877 21.814625
v 1.104681 -0.761798 22.795687
v 0.695019 -0.761798 22.795687
v 0.285358 -0.761798 22.795687
v -0.124303 -0.761798 22.795687
v -0.533965 -0.761798 22.795687
v -0.943626 -0.761798 22.795685
v -0.283808 -2.239492 20.807007
v -0.136844 -2.239492 20.807007
v 0.010120 -2.239492 20.807007
v 0.157084 -2.239492 20.807007
v 0.304048 -2.239492 20.807007
v 0.451012 -2.239492 20.807007
v 0.777846 -1.483413 21.788067
v 0.499534 -1.483413 21.788067
v 0.221221 -1.483413 21.788067
v -0.057091 -1.483413 21.788067
v -0.335404 -1.483413 21.788067
v -0.613717 -1.483413 21.788067
v 0.419817 5.254335 -33.166027
v 0.285331 5.254335 -33.166027
v 0.150845 5.254335 -33.166027
v 0.016359 5.254335 -33.166027
v -0.118127 5.254335 -33.166027
v -0.252613 5.254335 -33.166027
v -0.252613 5.324719 -33.166027
v -0.118127 5.324719 -33.166027
v 0.016359 5.324719 -33.166027
v 0.150845 5.324719 -33.166027
v 0.285331 5.324719 -33.166027
v 0.419817 5.324719 -33.166027
v 0.451012 -2.287441 -18.230494
v 0.304048 -2.287441 -18.230494
v 0.157084 -2.287441 -18.230494
v 0.010120 -2.287441 -18.230494
v -0.136844 -2.287441 -18.230494
v -0.283808 -2.287441 -18.230494
v -0.280689 -1.533264 -19.724047
v -0.134972 -1.533264 -19.724047
v 0.010744 -1.533264 -19.724047
v 0.156460 -1.533264 -19.724047
v 0.302177 -1.533264 -19.724047
v 0.447893 -1.533264 -19.724047
v -0.277569 -0.779086 -21.217600
v -0.133101 -0.779086 -21.217600
v 0.011368 -0.779086 -21.217600
v 0.155836 -0.779086 -21.217600
v 0.300305 -0.779086 -21.217600
v 0.444773 -0.779086 -21.217602
v -0.274450 -0.024908 -22.711153
v -0.131229 -0.024908 -22.711153
v 0.011992 -0.024908 -22.711153
v 0.155212 -0.024908 -22.711155
v 0.298433 -0.024908 -22.711155
v 0.441654 -0.024908 -22.711155
v -0.271330 0.729269 -24.204706
v -0.129357 0.729269 -24.204706
v 0.012616 0.729269 -24.204706
v 0.154589 0.729269 -24.204708
v 0.296561 0.729269 -24.204708
v 0.438534 0.729269 -24.204708
v -0.268211 1.483447 -25.698259
v -0.127486 1.483447 -25.698259
v 0.013239 1.483447 -25.698259
v 0.153965 1.483447 -25.698261
v 0.294690 1.483447 -25.698261
v 0.435415 1.483447 -25.698261
v -0.265091 2.237624 -27.191813
v -0.125614 2.237624 -27.191813
v 0.013863 2.237624 -27.191813
v 0.153341 2.237624 -27.191814
v 0.292818 2.237624 -27.191814
v 0.432295 2.237625 -27.191814
v -0.261972 2.991802 -28.685366
v -0.123742 2.991802 -28.685366
v 0.014487 2.991802 -28.685366
v 0.152717 2.991802 -28.685368
v 0.290946 2.991802 -28.685368
v 0.429176 2.991802 -28.685368
v -0.258852 3.745980 -30.178921
v -0.121871 3.745980 -30.178921
v 0.015111 3.745980 -30.178921
v 0.152093 3.745980 -30.178921
v 0.289075 3.745980 -30.178921
v 0.426056 3.745980 -30.178921
v -0.255733 4.500157 -31.672476
v -0.119999 4.500157 -31.672476
v 0.015735 4.500157 -31.672476
v 0.151469 4.500157 -31.672476
v 0.287203 4.500157 -31.672476
v 0.422937 4.500157 -31.672476
v 4.000017 5.192488 -15.036845
v 5.566584 5.192488 -15.036845
v 5.566584 5.191181 -2.240648
v 4.000017 5.191183 -2.240599
v 2.433451 5.249215 -15.036839
v 4.000017 5.249215 -15.036839
v 2.433451 5.247912 -2.240545
v 4.000017 5.247910 -2.240593
v 0.866885 5.181301 -15.036846
v 2.433451 5.181301 -15.036846
v 0.866885 5.180000 -2.240503
v 2.433451 5.179998 -2.240551
v -0.699681 5.267054 -15.036838
v 0.866885 5.267054 -15.036838
v -0.699681 5.265755 -2.240445
v 0.866885 5.265753 -2.240494
v -2.266248 5.133078 -15.036851
v -0.699682 5.133078 -15.036851
v -2.266248 5.131781 -2.240410
v -0.699682 5.131779 -2.240459
v -3.832814 5.267503 -15.036838
v -2.266248 5.267503 -15.036838
v -3.832814 5.266209 -2.240348
v -2.266248 5.266206 -2.240397
v -5.399380 5.203673 -2.240306
v -5.399380 5.204965 -15.036843
v -3.832814 5.204965 -15.036843
v -3.832814 5.203671 -2.240354
v 0.073962 4.853093 -32.097599
v -5.399380 5.262305 -15.035192
v -3.832814 5.262305 -15.035192
v 0.076716 4.853093 -32.097599
v -3.832814 5.257038 -15.035066
v -2.266248 5.257038 -15.035066
v 0.076716 4.847826 -32.097473
v 0.079470 4.847826 -32.097473
v -2.266248 5.280681 -15.035633
v -0.699681 5.280681 -15.035633
v 0.079470 4.871469 -32.098042
v 0.082225 4.871469 -32.098042
v -0.699681 5.274415 -15.035482
v 0.866885 5.274415 -15.035482
v 0.082225 4.865203 -32.097893
v 0.084979 4.865203 -32.097893
v 0.866885 5.311481 -15.036371
v 2.433451 5.311481 -15.036371
v 0.084979 4.902269 -32.098782
v 0.087733 4.902269 -32.098782
v 2.433451 5.243405 -15.034739
v 4.000017 5.243405 -15.034739
v 0.087733 4.834193 -32.097149
v 0.090488 4.834193 -32.097149
v 4.000017 5.279678 -15.035608
v 5.566584 5.279678 -15.035608
v 0.090488 4.870466 -32.098019
v 0.093242 4.870466 -32.098019
v 5.566583 5.236130 7.004526
v 5.566583 5.234755 20.466148
v 4.000017 5.236134 7.004610
v 4.000017 5.234761 20.466284
v 4.000017 5.203132 20.466280
v 2.433450 5.203137 20.466415
v 2.433451 5.204508 7.004691
v 4.000017 5.204504 7.004607
v 2.433451 5.256644 20.466421
v 0.866884 5.256650 20.466557
v 0.866885 5.258018 7.004779
v 2.433451 5.258015 7.004696
v 0.866884 5.267943 20.466558
v -0.699682 5.267950 20.466694
v -0.699682 5.269315 7.004864
v 0.866885 5.269311 7.004780
v -0.699682 5.279411 20.466694
v -2.266248 5.279417 20.466829
v -2.266248 5.280781 7.004950
v -0.699682 5.280777 7.004866
v -2.266248 5.304980 20.466833
v -3.832814 5.304986 20.466967
v -3.832814 5.306347 7.005035
v -2.266248 5.306344 7.004952
v -3.832814 5.278241 20.466963
v -5.399380 5.278247 20.467098
v -5.399380 5.279606 7.005117
v -3.832814 5.279603 7.005033
v -4.193521 12.366589 20.029938
v -5.934951 12.542699 20.220526
v -4.609691 14.522868 29.409380
v 5.308388 13.655877 28.833662
v 6.255175 12.542499 20.219601
v -2.510740 15.349578 32.246502
v -3.568968 15.349578 32.246502
v 3.838630 15.349578 32.246502
v 4.513711 12.366446 20.029276
v 3.031652 12.366469 20.029388
v 1.030835 12.542584 20.219995
v -0.710611 12.542613 20.220127
v -2.711449 12.366564 20.029825
v 2.780401 15.349578 32.246502
v 1.722173 15.349578 32.246502
v 0.663945 15.349578 32.246502
v -0.394284 15.349578 32.246502
v -1.452512 15.349578 32.246502
v -3.536364 14.136127 29.577208
v -4.609691 14.104958 29.465244
v 4.901302 14.104487 29.463470
v 3.827561 14.136127 29.577208
v 2.354776 14.136127 29.577208
v 0.881991 14.136127 29.577208
v -0.590794 14.136127 29.577208
v -2.063579 14.136127 29.577208
v 2.780401 14.817105 31.909931
v 1.722173 14.817105 31.909931
v 0.663944 14.817105 31.909931
v -0.394284 14.817105 31.909931
v -1.452512 14.817105 31.909931
v -2.510741 14.817105 31.909931
v 4.513760 12.211027 20.675175
v 2.772313 12.211056 20.675306
v 1.030867 12.211084 20.675438
v -0.710580 12.211113 20.675570
v -2.452026 12.211142 20.675703
v -4.193472 12.211170 20.675837
v -5.484435 12.211191 20.675936
v 5.803286 12.211006 20.675077
v -3.317949 14.817105 31.909931
v 3.589300 14.817105 31.909931
v 4.901205 14.016019 29.485893
v 3.827463 14.047658 29.599630
v 2.780303 14.728637 31.932354
v 4.513662 12.122559 20.697598
v 5.803188 12.122538 20.697500
v 3.589202 14.728637 31.932354
v 3.827561 14.095045 29.587631
v 2.354776 14.095045 29.587631
v 2.780401 14.776024 31.920355
v 1.722173 14.776024 31.920355
v 4.513760 12.169946 20.685598
v 2.772313 12.169974 20.685730
v 2.354776 14.076917 29.592232
v 0.881991 14.076917 29.592232
v 1.722173 14.757895 31.924955
v 0.663944 14.757895 31.924955
v 2.772313 12.151846 20.690331
v 1.030867 12.151875 20.690462
v 0.881991 14.163731 29.570204
v -0.590794 14.163731 29.570204
v 0.663944 14.844709 31.902927
v -0.394284 14.844709 31.902927
v 1.030867 12.238688 20.668434
v -0.710580 12.238717 20.668566
v -0.590794 14.084674 29.590263
v -2.063579 14.084674 29.590263
v -0.394284 14.765653 31.922987
v -1.452512 14.765653 31.922987
v -0.710580 12.159660 20.688625
v -2.452026 12.159689 20.688759
v -2.063579 14.037677 29.602188
v -3.536364 14.037677 29.602188
v -1.452512 14.718656 31.934912
v -2.510741 14.718656 31.934912
v -2.452026 12.112692 20.700684
v -4.193472 12.112720 20.700817
v 0.232485 11.315734 -59.124241
v 0.292038 11.315734 -59.124241
v -0.124834 11.315734 -59.124241
v -0.065281 11.315734 -59.124241
v -0.005727 11.315734 -59.124241
v 0.053826 11.315734 -59.124241
v 0.113379 11.315734 -59.124241
v 0.172932 11.315734 -59.124241
v 0.419818 5.553216 -33.153828
v 0.554304 5.553216 -33.153828
v 0.090488 5.567946 -32.149940
v 0.093242 5.567946 -32.149940
v -0.387099 5.553216 -33.153828
v 0.073962 5.567946 -32.149940
v -0.387099 5.469417 -33.205528
v 0.554304 5.469417 -33.205528
v -0.252613 5.553216 -33.153828
v -0.118127 5.553216 -33.153828
v 0.016359 5.553216 -33.153828
v 0.150845 5.553216 -33.153828
v 0.285331 5.553216 -33.153828
v 0.076716 5.567946 -32.149940
v 0.079471 5.567946 -32.149940
v 0.082225 5.567946 -32.149940
v 0.084979 5.567946 -32.149940
v 0.087734 5.567946 -32.149940
v 0.232485 11.497540 -59.140846
v 0.113379 11.497540 -59.140846
v 0.172932 11.497540 -59.140846
v 0.292038 11.497540 -59.140846
v 0.232485 11.460432 -59.163742
v 0.292038 11.460432 -59.163742
v -0.124834 11.497540 -59.140846
v -0.124834 11.460432 -59.163742
v -0.065281 11.497540 -59.140846
v -0.005727 11.497540 -59.140846
v 0.053826 11.497540 -59.140846
v -0.065281 11.460432 -59.163742
v -0.005727 11.460432 -59.163742
v 0.053826 11.460432 -59.163742
v 0.113379 11.460432 -59.163742
v 0.172932 11.460432 -59.163742
v -6.027276 4.916448 -0.446354
v -6.027276 4.916448 1.409324
v -6.027276 4.916448 3.265001
v -6.027276 4.916448 5.120678
v 6.194480 5.830203 -0.446354
v 6.194480 5.830203 1.409324
v 6.194480 5.830203 3.265001
v 6.194480 5.830203 5.120678
v -0.430772 -2.203643 -0.446354
v -0.430772 -2.203643 1.409324
v -0.430772 -2.203643 3.265001
v -0.430772 -2.203643 5.120678
v 5.566584 5.830964 -0.402802
v 5.566584 5.830775 1.446232
v 5.566584 5.830586 3.295266
v 5.566584 5.830398 5.144300
v 5.566584 5.329141 -0.391600
v 5.566584 5.328952 1.457434
v 5.566584 5.328763 3.306468
v 5.566584 5.328574 5.155502
v -6.027276 5.830203 5.120679
v -6.027276 5.830203 3.265002
v -6.027276 5.830203 1.409325
v -6.027276 5.830203 -0.446353
v 6.194480 4.916448 5.120679
v 6.194480 4.916448 3.265002
v 6.194480 4.916448 1.409325
v 6.194480 4.916448 -0.446353
v 0.597976 -2.203643 5.120679
v 0.597976 -2.203643 3.265002
v 0.597976 -2.203643 1.409325
v 0.597976 -2.203643 -0.446353
v -5.399380 5.830421 5.144838
v -5.399380 5.830608 3.295755
v -5.399380 5.830795 1.446672
v -5.399380 5.830981 -0.402411
v -5.399380 5.328598 5.156039
v -5.399380 5.328785 3.306956
v -5.399380 5.328971 1.457873
v -5.399380 5.329158 -0.391210
v 4.732285 5.329092 0.109009
v 4.732285 5.328937 1.624327
v 4.732285 5.328782 3.139646
v 4.732285 5.328627 4.654963
v -4.565082 5.328647 4.655419
v -4.565082 5.328800 3.140059
v -4.565082 5.328953 1.624699
v -4.565082 5.329105 0.109339
v 4.612136 4.886370 -0.011180
v 4.612136 4.886191 1.744436
v 4.612136 4.886060 3.019457
v 4.612136 4.885881 4.775073
v -4.444934 4.885901 4.775517
v -4.444934 4.886078 3.019860
v -4.444934 4.886207 1.744798
v -4.444934 4.886384 -0.010858
v 1.157627 -1.491634 -0.446353
v 1.157627 -1.491634 1.409325
v 1.157627 -1.491634 3.265002
v 1.157627 -1.491634 5.120679
v 1.717277 -0.779624 -0.446353
v 1.717277 -0.779624 1.409325
v 1.717277 -0.779624 3.265002
v 1.717277 -0.779624 5.120679
v 2.276927 -0.067615 -0.446353
v 2.276927 -0.067615 1.409325
v 2.276927 -0.067615 3.265002
v 2.276927 -0.067615 5.120679
v 2.836578 0.644394 -0.446353
v 2.836578 0.644394 1.409325
v 2.836578 0.644394 3.265002
v 2.836578 0.644394 5.120679
v 3.396228 1.356403 -0.446353
v 3.396228 1.356403 1.409325
v 3.396228 1.356403 3.265002
v 3.396228 1.356403 5.120679
v 3.955879 2.068412 -0.446353
v 3.955879 2.068412 1.409325
v 3.955879 2.068412 3.265002
v 3.955879 2.068412 5.120679
v 4.515529 2.780421 -0.446353
v 4.515529 2.780421 1.409325
v 4.515529 2.780421 3.265002
v 4.515529 2.780421 5.120679
v 5.075180 3.492430 -0.446353
v 5.075180 3.492430 1.409325
v 5.075180 3.492430 3.265002
v 5.075180 3.492430 5.120679
v 5.634830 4.204439 -0.446353
v 5.634830 4.204439 1.409325
v 5.634830 4.204439 3.265002
v 5.634830 4.204439 5.120679
v -0.990422 -1.491634 5.120678
v -0.990422 -1.491634 3.265001
v -0.990422 -1.491634 1.409323
v -0.990422 -1.491634 -0.446354
v -1.550073 -0.779624 5.120678
v -1.550073 -0.779624 3.265001
v -1.550073 -0.779624 1.409323
v -1.550073 -0.779624 -0.446354
v -2.109723 -0.067615 5.120678
v -2.109723 -0.067615 3.265001
v -2.109723 -0.067615 1.409323
v -2.109723 -0.067615 -0.446354
v -2.669374 0.644394 5.120678
v -2.669374 0.644394 3.265001
v -2.669374 0.644394 1.409323
v -2.669374 0.644394 -0.446354
v -3.229024 1.356403 5.120678
v -3.229024 1.356403 3.265001
v -3.229024 1.356403 1.409323
v -3.229024 1.356403 -0.446354
v -3.788674 2.068412 5.120678
v -3.788674 2.068412 3.265001
v -3.788674 2.068412 1.409323
v -3.788674 2.068412 -0.446354
v -4.348325 2.780421 5.120678
v -4.348325 2.780421 3.265001
v -4.348325 2.780421 1.409323
v -4.348325 2.780421 -0.446354
v -4.907975 3.492430 5.120678
v -4.907975 3.492430 3.265001
v -4.907975 3.492430 1.409323
v -4.907975 3.492430 -0.446354
v -5.467626 4.204439 5.120678
v -5.467626 4.204439 3.265001
v -5.467626 4.204439 1.409323
v -5.467626 4.204439 -0.446354
v -5.979317 4.916448 -0.446354
v -5.979317 4.916448 1.409324
v -5.979317 4.916448 3.265001
v -5.979317 4.916448 5.120678
v -5.419666 4.204439 5.120678
v -5.419666 4.204439 3.265001
v -5.419666 4.204439 1.409323
v -5.419666 4.204439 -0.446354
v -5.010156 3.492430 5.120678
v -5.010156 3.492430 3.265001
v -5.010156 3.492430 1.409323
v -5.010156 3.492430 -0.446354
v -5.569807 4.204439 5.120678
v -5.569807 4.204439 3.265001
v -5.569807 4.204439 1.409323
v -5.569807 4.204439 -0.446354
v -4.360406 2.771150 5.120229
v -4.360406 2.771150 3.264552
v -4.360406 2.771150 1.408874
v -4.360406 2.771150 -0.446803
v -4.920056 3.483159 5.120229
v -4.920056 3.483159 3.264552
v -4.920056 3.483159 1.408874
v -4.920056 3.483159 -0.446803
v -3.866318 2.009008 5.117911
v -3.866318 2.009008 3.262234
v -3.866318 2.009008 1.406557
v -3.866318 2.009008 -0.449120
v -4.425968 2.721017 5.117911
v -4.425968 2.721017 3.262234
v -4.425968 2.721017 1.406557
v -4.425968 2.721017 -0.449120
v -3.374796 1.245304 5.115772
v -3.374796 1.245304 3.260095
v -3.374796 1.245304 1.404418
v -3.374796 1.245304 -0.451259
v -3.934446 1.957312 5.115772
v -3.934446 1.957312 3.260095
v -3.934446 1.957312 1.404418
v -3.934446 1.957312 -0.451259
v -2.201196 -0.136481 5.118168
v -2.201196 -0.136481 3.262491
v -2.201196 -0.136481 1.406813
v -2.201196 -0.136481 -0.448864
v -2.760847 0.575528 5.118168
v -2.760847 0.575528 3.262491
v -2.760847 0.575528 1.406813
v -2.760847 0.575528 -0.448864
v -1.623916 -0.834626 5.119039
v -1.623916 -0.834626 3.263362
v -1.623916 -0.834626 1.407685
v -1.623916 -0.834626 -0.447993
v -2.183566 -0.122617 5.119039
v -2.183566 -0.122617 3.263362
v -2.183566 -0.122617 1.407685
v -2.183566 -0.122617 -0.447993
v -0.940215 -1.454895 5.121379
v -0.940215 -1.454895 3.265702
v -0.940215 -1.454895 1.410025
v -0.940215 -1.454895 -0.445652
v -1.499865 -0.742886 5.121379
v -1.499865 -0.742886 3.265702
v -1.499865 -0.742886 1.410025
v -1.499865 -0.742886 -0.445652
v 6.228316 4.890370 5.119365
v 6.228316 4.890370 3.263687
v 6.228316 4.890370 1.408010
v 6.228316 4.890370 -0.447667
v 5.668666 4.178361 -0.447667
v 5.668666 4.178361 1.408010
v 5.668666 4.178361 3.263687
v 5.668666 4.178361 5.119365
v 5.129025 3.451012 -0.448390
v 5.129025 3.451012 1.407288
v 5.129025 3.451012 3.262965
v 5.129025 3.451012 5.118642
v 5.688675 4.163021 -0.448390
v 5.688675 4.163021 1.407288
v 5.688675 4.163021 3.262965
v 5.688675 4.163021 5.118642
v 4.582446 2.729072 -0.448801
v 4.582446 2.729072 1.406876
v 4.582446 2.729072 3.262554
v 4.582446 2.729072 5.118231
v 5.142097 3.441081 -0.448801
v 5.142097 3.441081 1.406876
v 5.142097 3.441081 3.262554
v 5.142097 3.441081 5.118231
v 3.859998 2.141767 -0.442993
v 3.859998 2.141767 1.412684
v 3.859998 2.141767 3.268362
v 3.859998 2.141767 5.124039
v 4.419648 2.853776 -0.442993
v 4.419648 2.853776 1.412684
v 4.419648 2.853776 3.268362
v 4.419648 2.853776 5.124039
v 2.895650 0.599604 -0.448152
v 2.895650 0.599604 1.407525
v 2.895650 0.599604 3.263202
v 2.895650 0.599604 5.118880
v 3.455301 1.311613 -0.448152
v 3.455301 1.311613 1.407525
v 3.455301 1.311613 3.263202
v 3.455301 1.311613 5.118880
v 2.328489 -0.106432 -0.447738
v 2.328489 -0.106432 1.407939
v 2.328489 -0.106432 3.263616
v 2.328489 -0.106432 5.119294
v 2.888140 0.605577 -0.447738
v 2.888140 0.605577 1.407939
v 2.888140 0.605577 3.263616
v 2.888140 0.605577 5.119294
v 1.757123 -0.809302 -0.447215
v 1.757123 -0.809302 1.408462
v 1.757123 -0.809302 3.264139
v 1.757123 -0.809302 5.119817
v 2.316774 -0.097293 -0.447215
v 2.316774 -0.097293 1.408462
v 2.316774 -0.097293 3.264139
v 2.316774 -0.097293 5.119817
v 0.698876 -2.274847 5.120643
v 0.698876 -2.274847 3.264966
v 0.698876 -2.274847 1.409288
v 0.698876 -2.274847 -0.446389
v 1.258527 -1.562838 -0.446389
v 1.258527 -1.562838 1.409288
v 1.258527 -1.562838 3.264966
v 1.258527 -1.562838 5.120643
v 3.283941 4.886348 0.229164
v 3.524238 4.886193 1.744479
v 3.283941 4.886039 3.259814
v 3.283941 4.885908 4.534841
v 2.196042 4.886349 0.229203
v 1.955745 4.886195 1.744542
v 2.196042 4.886040 3.259862
v 2.196042 4.885911 4.534894
v 0.627550 4.886352 0.229258
v 0.867847 4.886197 1.744585
v 0.627550 4.886044 3.259932
v 0.627550 4.885914 4.534971
v -0.460348 4.886353 0.229297
v -0.700645 4.886199 1.744648
v -0.460348 4.886045 3.259980
v -0.460348 4.885916 4.535025
v -2.028841 4.886356 0.229353
v -1.788544 4.886202 1.744692
v -2.028841 4.886049 3.260050
v -2.028841 4.885920 4.535101
v -3.116739 4.886357 0.229391
v -3.357036 4.886205 1.744754
v -3.116739 4.886051 3.260098
v -3.116739 4.885922 4.535154
v -0.283808 -2.203643 -0.446353
v -0.283808 -2.203643 1.409324
v -0.283808 -2.203643 3.265001
v -0.283808 -2.203643 5.120678
v -0.136844 -2.203643 -0.446353
v -0.136844 -2.203643 1.409324
v -0.136844 -2.203643 3.265001
v -0.136844 -2.203643 5.120678
v 0.010120 -2.203643 -0.446353
v 0.010120 -2.203643 1.409324
v 0.010120 -2.203643 3.265001
v 0.010120 -2.203643 5.120678
v 0.157084 -2.203643 -0.446353
v 0.157084 -2.203643 1.409324
v 0.157084 -2.203643 3.265002
v 0.157084 -2.203643 5.120679
v 0.304048 -2.203643 -0.446353
v 0.304048 -2.203643 1.409325
v 0.304048 -2.203643 3.265002
v 0.304048 -2.203643 5.120679
v 0.451012 -2.203643 -0.446353
v 0.451012 -2.203643 1.409325
v 0.451012 -2.203643 3.265002
v 0.451012 -2.203643 5.120679
v 4.586193 4.885908 4.508834
v 4.732285 4.885738 6.170237
v 3.257997 4.885756 6.024224
v -4.418991 4.886357 0.255381
v -4.565083 4.886525 -1.406066
v 3.257997 4.886500 -1.260216
v 4.732285 4.886513 -1.406354
v -4.565083 4.885760 6.170734
v -3.090796 4.885771 6.024563
v -2.054784 4.885769 6.024508
v -0.434405 4.885765 6.024421
v 0.601606 4.885762 6.024365
v 2.221986 4.885759 6.024279
v -3.090796 4.886508 -1.260019
v -2.054784 4.886507 -1.260051
v -0.434405 4.886504 -1.260102
v 0.601606 4.886503 -1.260134
v 2.221986 4.886501 -1.260184
v 4.586193 4.886343 0.255061
v 3.550181 4.885911 4.508885
v 3.524238 4.885883 4.775126
v 1.929802 4.885914 4.508964
v 1.955745 4.885887 4.775203
v 0.893791 4.885916 4.509015
v 0.867847 4.885889 4.775256
v -0.726589 4.885920 4.509094
v -0.700645 4.885892 4.775333
v -1.762600 4.885921 4.509145
v -1.788544 4.885895 4.775386
v -3.382980 4.885925 4.509224
v -3.357036 4.885898 4.775463
v 4.586193 4.886218 1.478196
v 4.586193 4.886033 3.285699
v -4.418991 4.885928 4.509275
v -4.418991 4.886051 3.286100
v -4.418991 4.886233 1.478556
v 4.612135 4.753038 4.775060
v 3.550181 4.886345 0.255098
v 3.524238 4.886372 -0.011142
v 3.257997 4.886191 1.770433
v 3.283941 4.886218 1.504192
v 3.550181 4.886035 3.285745
v 3.524238 4.886063 3.019506
v 1.929802 4.886347 0.255156
v 1.955745 4.886374 -0.011086
v 2.221986 4.886192 1.770475
v 2.196042 4.886219 1.504235
v 1.929802 4.886038 3.285817
v 1.955745 4.886065 3.019575
v 0.893791 4.886348 0.255192
v 0.867847 4.886375 -0.011047
v 0.601606 4.886195 1.770540
v 0.627550 4.886222 1.504298
v 0.893791 4.886040 3.285863
v 0.867847 4.886067 3.019624
v -0.726589 4.886351 0.255250
v -0.700645 4.886378 -0.010991
v -0.434405 4.886196 1.770581
v -0.460348 4.886223 1.504341
v -0.726589 4.886044 3.285935
v -0.700645 4.886070 3.019694
v -1.762600 4.886353 0.255287
v -1.788544 4.886380 -0.010953
v -2.054784 4.886200 1.770646
v -2.028841 4.886227 1.504404
v -1.762600 4.886045 3.285982
v -1.788544 4.886073 3.019742
v -3.382980 4.886355 0.255345
v -3.357036 4.886382 -0.010897
v -3.090796 4.886201 1.770687
v -3.116739 4.886229 1.504448
v -3.382980 4.886049 3.286054
v -3.357036 4.886076 3.019812
v 4.612135 4.752907 6.050082
v 3.524237 4.752910 6.050140
v -4.444935 4.753541 -0.010872
v -4.444935 4.753669 -1.285934
v 3.524237 4.753659 -1.286182
v 4.612135 4.753658 -1.286216
v -4.444935 4.752929 6.050566
v -3.357036 4.752926 6.050508
v -1.788544 4.752923 6.050424
v -0.700646 4.752920 6.050365
v 0.867847 4.752916 6.050282
v 1.955745 4.752913 6.050223
v -3.357036 4.753668 -1.285968
v -1.788544 4.753666 -1.286017
v -0.700646 4.753664 -1.286051
v 0.867847 4.753662 -1.286099
v 1.955745 4.753661 -1.286133
v 3.524237 4.753040 4.775113
v 1.955745 4.753044 4.775189
v 0.867847 4.753046 4.775243
v -0.700646 4.753049 4.775320
v -1.788544 4.753052 4.775373
v -3.357036 4.753055 4.775450
v 4.612135 4.753527 -0.011194
v 4.612135 4.753348 1.744422
v 4.612135 4.753217 3.019444
v -4.444935 4.753058 4.775503
v -4.444935 4.753235 3.019847
v -4.444935 4.753364 1.744785
v 3.524237 4.753529 -0.011155
v 3.283941 4.753505 0.229151
v 3.283941 4.753375 1.504178
v 3.524237 4.753350 1.744466
v 3.524237 4.753220 3.019492
v 3.283941 4.753196 3.259800
v 3.283941 4.753065 4.534828
v 1.955745 4.753531 -0.011099
v 2.196042 4.753506 0.229189
v 2.196042 4.753376 1.504222
v 1.955745 4.753352 1.744528
v 1.955745 4.753222 3.019562
v 2.196042 4.753197 3.259848
v 2.196042 4.753067 4.534881
v 0.867847 4.753532 -0.011061
v 0.627550 4.753509 0.229245
v 0.627550 4.753379 1.504284
v 0.867847 4.753354 1.744572
v 0.867847 4.753224 3.019610
v 0.627550 4.753201 3.259918
v 0.627550 4.753071 4.534958
v -0.700646 4.753535 -0.011005
v -0.460348 4.753510 0.229284
v -0.460348 4.753380 1.504328
v -0.700646 4.753356 1.744635
v -0.700646 4.753227 3.019680
v -0.460348 4.753202 3.259966
v -0.460348 4.753073 4.535011
v -1.788544 4.753537 -0.010966
v -2.028841 4.753513 0.229339
v -2.028841 4.753384 1.504391
v -1.788544 4.753359 1.744678
v -1.788544 4.753230 3.019728
v -2.028841 4.753206 3.260036
v -2.028841 4.753077 4.535088
v -3.357036 4.753539 -0.010911
v -3.116740 4.753514 0.229378
v -3.116740 4.753386 1.504434
v -3.357036 4.753362 1.744741
v -3.357036 4.753233 3.019798
v -3.116740 4.753208 3.260085
v -3.116740 4.753079 4.535141
v -3.236888 4.885757 6.170663
v -1.908692 4.885754 6.170592
v -0.580497 4.885750 6.170521
v 0.747699 4.885747 6.170450
v 2.075894 4.885744 6.170379
v 3.404089 4.885741 6.170308
v -3.236888 4.886523 -1.406107
v -1.908692 4.886521 -1.406148
v -0.580497 4.886519 -1.406189
v 0.747699 4.886518 -1.406231
v 2.075894 4.886516 -1.406272
v 3.404089 4.886515 -1.406313
v 4.732285 4.886358 0.108964
v 3.404089 4.885896 4.654984
v 3.257997 4.885881 4.801083
v 2.075894 4.885899 4.655048
v 2.221986 4.885883 4.801133
v 0.747699 4.885901 4.655114
v 0.601606 4.885887 4.801213
v -0.580497 4.885904 4.655179
v -0.434405 4.885889 4.801264
v -1.908692 4.885907 4.655244
v -2.054784 4.885893 4.801343
v -3.236888 4.885910 4.655309
v -3.090796 4.885895 4.801394
v 4.732285 4.886203 1.624282
v 4.732285 4.886048 3.139601
v 4.732285 4.885893 4.654919
v -4.565083 4.885913 4.655374
v -4.565083 4.886066 3.140014
v -4.565083 4.886219 1.624654
v -4.565083 4.886372 0.109294
v -3.090796 4.733189 6.024548
v 3.404089 4.886360 0.109011
v 3.257997 4.886375 -0.037076
v 3.404089 4.886206 1.624335
v 3.550181 4.886220 1.478237
v 3.404089 4.886051 3.139660
v 3.257997 4.886066 2.993574
v 2.075894 4.886362 0.109058
v 2.221986 4.886376 -0.037039
v 2.075894 4.886207 1.624388
v 1.929802 4.886222 1.478302
v 2.075894 4.886053 3.139719
v 2.221986 4.886067 2.993620
v 0.747699 4.886364 0.109105
v 0.601606 4.886379 -0.036981
v 0.747699 4.886209 1.624442
v 0.893791 4.886224 1.478343
v 0.747699 4.886055 3.139778
v 0.601606 4.886071 2.993692
v -0.580497 4.886365 0.109153
v -0.434405 4.886380 -0.036945
v -0.580497 4.886211 1.624495
v -0.726589 4.886227 1.478409
v -0.580497 4.886058 3.139837
v -0.434405 4.886073 2.993738
v -1.908692 4.886368 0.109200
v -2.054784 4.886383 -0.036887
v -1.908692 4.886214 1.624548
v -1.762600 4.886229 1.478450
v -1.908692 4.886061 3.139896
v -2.054784 4.886076 2.993810
v -3.236888 4.886370 0.109247
v -3.090796 4.886384 -0.036850
v -3.236888 4.886217 1.624601
v -3.382980 4.886231 1.478515
v -3.236888 4.886064 3.139955
v -3.090796 4.886078 2.993856
v -2.054785 4.733187 6.024492
v -0.434405 4.733182 6.024405
v 0.601606 4.733180 6.024350
v 2.221986 4.733177 6.024263
v 3.257997 4.733174 6.024209
v -3.090796 4.733926 -1.260035
v -2.054785 4.733924 -1.260067
v -0.434405 4.733922 -1.260117
v 0.601606 4.733921 -1.260149
v 2.221986 4.733919 -1.260200
v 3.257997 4.733918 -1.260232
v 3.257997 4.733299 4.801068
v 2.221986 4.733301 4.801118
v 0.601606 4.733305 4.801198
v -0.434405 4.733307 4.801249
v -2.054785 4.733311 4.801328
v -3.090796 4.733313 4.801378
v 4.586192 4.733761 0.255046
v 4.586192 4.733636 1.478181
v 4.586192 4.733451 3.285684
v 4.586192 4.733326 4.508819
v -4.418992 4.733346 4.509260
v -4.418992 4.733469 3.286084
v -4.418992 4.733651 1.478541
v -4.418992 4.733775 0.255366
v 3.257997 4.733793 -0.037091
v 3.550181 4.733763 0.255083
v 3.550181 4.733638 1.478222
v 3.257997 4.733609 1.770418
v 3.257997 4.733484 2.993559
v 3.550181 4.733453 3.285730
v 3.550181 4.733328 4.508870
v 2.221986 4.733794 -0.037054
v 1.929802 4.733765 0.255140
v 1.929802 4.733640 1.478287
v 2.221986 4.733610 1.770459
v 2.221986 4.733485 2.993604
v 1.929802 4.733456 3.285802
v 1.929802 4.733332 4.508948
v 0.601606 4.733797 -0.036997
v 0.893790 4.733766 0.255177
v 0.893790 4.733642 1.478328
v 0.601606 4.733613 1.770524
v 0.601606 4.733489 2.993677
v 0.893790 4.733458 3.285848
v 0.893790 4.733334 4.508999
v -0.434405 4.733798 -0.036960
v -0.726589 4.733769 0.255235
v -0.726589 4.733644 1.478393
v -0.434405 4.733614 1.770566
v -0.434405 4.733490 2.993723
v -0.726589 4.733461 3.285920
v -0.726589 4.733337 4.509079
v -2.054785 4.733800 -0.036903
v -1.762600 4.733770 0.255271
v -1.762600 4.733646 1.478434
v -2.054785 4.733618 1.770630
v -2.054785 4.733494 2.993795
v -1.762600 4.733463 3.285966
v -1.762600 4.733339 4.509130
v -3.090796 4.733802 -0.036866
v -3.382980 4.733773 0.255329
v -3.382980 4.733649 1.478499
v -3.090796 4.733619 1.770672
v -3.090796 4.733496 2.993841
v -3.382980 4.733467 3.286038
v -3.382980 4.733343 4.509209
v 5.838168 8.172842 20.368916
v 5.022913 9.870280 29.029200
v -4.807809 9.871451 29.028629
v -5.610613 8.172946 20.369852
v 3.539001 11.515050 32.443413
v -3.335924 11.515050 32.443413
v -2.353792 11.515050 32.443413
v -1.371660 11.515050 32.443413
v -0.389528 11.515050 32.443413
v 0.592604 11.515050 32.443413
v 1.574736 11.515050 32.443413
v 2.556869 11.515050 32.443413
v 4.202628 8.172856 20.369049
v 2.567088 8.172872 20.369183
v 0.931548 8.172886 20.369316
v -0.703992 8.172902 20.369452
v -2.339532 8.172916 20.369585
v -3.975072 8.172932 20.369719
v -5.824142 5.921186 22.572268
v 5.984998 5.921186 22.572268
v 5.984998 5.007432 22.572268
v -5.824142 5.007432 22.572268
v 0.597976 -2.203643 20.546843
v -0.430772 -2.203643 20.546843
v -5.208245 5.914484 22.418602
v 5.369457 5.914451 22.417850
v -5.208246 5.412661 22.429802
v 5.369457 5.412628 22.429052
v -5.625998 12.370072 22.896709
v 5.924910 12.371042 22.895649
v -0.970109 -1.482535 20.749384
v -1.509446 -0.761428 20.951927
v -2.048783 -0.040320 21.154470
v -2.588120 0.680787 21.357012
v -3.127457 1.401895 21.559555
v -3.666794 2.123002 21.762096
v -4.206131 2.844109 21.964640
v -4.745468 3.565217 22.167183
v -5.284805 4.286325 22.369724
v 1.136678 -1.482535 20.749386
v 1.675380 -0.761428 20.951927
v 2.214083 -0.040320 21.154470
v 2.752785 0.680787 21.357014
v 3.291487 1.401894 21.559555
v 3.830189 2.123002 21.762098
v 4.368892 2.844109 21.964640
v 4.907594 3.565217 22.167183
v 5.446296 4.286325 22.369724
v -5.776182 5.007432 22.572268
v -5.236845 4.286325 22.369724
v -4.847649 3.565217 22.167183
v -5.386986 4.286325 22.369724
v -4.218212 2.834839 21.964191
v -4.757549 3.555946 22.166735
v -3.744437 2.063599 21.759331
v -4.283774 2.784706 21.961874
v -3.273229 1.290795 21.554649
v -3.812566 2.011903 21.757191
v -2.140256 -0.109186 21.151960
v -2.679593 0.611922 21.354502
v -1.583289 -0.816429 20.950289
v -2.122626 -0.095322 21.152832
v -0.919901 -1.445797 20.750086
v -1.459238 -0.724689 20.952629
v 6.018834 4.981354 22.570953
v 5.480132 4.260246 22.368412
v 4.961439 3.523799 22.165146
v 5.500141 4.244906 22.367687
v 4.435809 2.792760 21.962191
v 4.974511 3.513868 22.164734
v 3.734309 2.196357 21.765459
v 4.273011 2.917464 21.968000
v 2.811857 0.635997 21.355213
v 3.350559 1.357104 21.557755
v 2.265645 -0.079137 21.153084
v 2.804347 0.641970 21.355627
v 1.715227 -0.791105 20.951065
v 2.253929 -0.069998 21.153608
v 0.698876 -2.274847 20.546806
v 1.237579 -1.553740 20.749350
v -0.283808 -2.203643 20.546843
v -0.136844 -2.203643 20.546843
v 0.010120 -2.203643 20.546843
v 0.157084 -2.203643 20.546843
v 0.304048 -2.203643 20.546843
v 0.451012 -2.203643 20.546843
v -5.303842 13.020075 22.434649
v 5.617069 13.019831 22.433601
v 4.372092 12.608469 22.513023
v 2.686111 12.608492 22.513128
v 1.000131 12.608515 22.513233
v -0.685850 12.608538 22.513336
v -2.371830 12.608560 22.513443
v -4.057811 12.608582 22.513550
v -5.303842 12.602164 22.490513
v 5.617069 12.601921 22.489466
v 4.371994 12.520000 22.535446
v 5.616971 12.513453 22.511889
v 4.372092 12.567388 22.523447
v 2.686111 12.567410 22.523552
v 2.686111 12.549282 22.528152
v 1.000131 12.549305 22.528255
v 1.000131 12.636119 22.506229
v -0.685850 12.636141 22.506332
v -0.685850 12.557085 22.526394
v -2.371830 12.557107 22.526499
v -2.371830 12.510110 22.538424
v -4.057811 12.510133 22.538530
v -5.392694 9.205735 23.017029
v 5.625021 9.204593 23.015757
v -5.743816 12.957945 22.140705
v -5.009149 14.554037 29.521343
v 5.300346 14.554037 29.521343
v 4.883339 9.217348 29.795395
v -4.684811 9.217348 29.795395
v 5.641041 8.388483 22.315039
v 6.058048 12.957787 22.139971
v -5.419478 8.388565 22.315781
v -5.677794 12.628516 22.564350
v -5.020543 14.049897 29.135893
v 5.304852 14.050732 29.135984
v 4.961553 9.583235 29.366039
v -4.753736 9.583891 29.365719
v 5.632064 8.845810 22.707703
v 5.983440 12.628990 22.563433
v -5.404469 8.846486 22.708742
v -5.625998 12.370072 22.896709
v -5.029481 13.654388 28.833498
v 5.308388 13.655877 28.833662
v 5.022913 9.870280 29.029200
v -4.807809 9.871451 29.028629
v 5.625021 9.204593 23.015757
v 5.924910 12.371042 22.895649
v -5.392694 9.205735 23.017029
v 5.074018 13.674389 28.806744
v 4.788544 9.888792 29.002281
v 5.390651 9.223104 22.988838
v 5.690540 12.389554 22.868731
v -5.372611 12.385415 22.869152
v -4.776093 13.669731 28.805941
v -4.554421 9.886794 29.001072
v -5.139306 9.221078 22.989471
v -5.433745 6.096044 26.581121
v -5.433745 5.182289 26.581121
v -0.430772 -2.203643 20.663111
v -4.840911 6.079012 26.190639
v -4.840912 5.577188 26.201839
v -5.376482 13.755991 25.831024
v 1.096419 -1.465050 21.254913
v 1.594861 -0.726456 21.846714
v 2.093304 0.012137 22.438515
v 2.591746 0.750730 23.030315
v 3.090189 1.489323 23.622116
v 3.588632 2.227917 24.213919
v 4.087074 2.966510 24.805717
v 4.585517 3.705103 25.397520
v 5.083960 4.443696 25.989321
v -5.385786 5.182289 26.581121
v 5.117796 4.417618 25.988007
v 4.639362 3.663685 25.395483
v 5.137805 4.402278 25.987284
v 4.153992 2.915161 24.803268
v 4.652434 3.653754 25.395071
v 3.492751 2.301271 24.217279
v 3.991194 3.039865 24.809078
v 2.650819 0.705940 23.028515
v 3.149261 1.444533 23.620316
v 2.144866 -0.026680 22.437128
v 2.643308 0.711914 23.028931
v 1.634707 -0.756134 21.845852
v 2.133150 -0.017540 22.437653
v 1.197319 -1.536254 21.254875
v -0.283808 -2.203643 20.663111
v -0.136844 -2.203643 20.663111
v 0.010120 -2.203643 20.663111
v 0.157084 -2.203643 20.663111
v 0.304048 -2.203643 20.663111
v 0.451012 -2.203643 20.663111
v -4.956766 13.771471 25.922014
v 4.099826 13.372297 26.045116
v 2.520443 13.372309 26.045168
v 0.941061 13.372320 26.045219
v -0.638322 13.372332 26.045273
v -2.217705 13.372343 26.045326
v -3.797087 13.372355 26.045380
v -4.956766 13.353561 25.977879
v 4.099729 13.283829 26.067539
v 4.099826 13.331217 26.055538
v 2.520443 13.331228 26.055592
v 2.520443 13.313099 26.060192
v 0.941061 13.313110 26.060244
v 0.941061 13.399925 26.038216
v -0.638322 13.399936 26.038269
v -0.638322 13.320879 26.058329
v -2.217705 13.320890 26.058380
v -2.217705 13.273893 26.070305
v -3.797087 13.273905 26.070358
v 5.262190 8.802916 26.055218
v 5.582402 6.096044 26.581121
v 5.582402 5.182289 26.581121
v 0.597976 -2.203643 20.663111
v 4.990606 6.078996 26.190262
v 4.990606 5.577172 26.201466
v 5.679197 13.755912 25.830658
v -0.931069 -1.465049 21.254910
v -1.431366 -0.726456 21.846712
v -1.931664 0.012137 22.438515
v -2.431961 0.750730 23.030313
v -2.932259 1.489323 23.622116
v -3.432556 2.227917 24.213917
v -3.932853 2.966510 24.805717
v -4.433151 3.705103 25.397518
v -4.933448 4.443696 25.989319
v -4.885489 4.443696 25.989319
v -4.535332 3.705103 25.397518
v -5.035629 4.443696 25.989319
v -3.944934 2.957239 24.805269
v -4.445232 3.695832 25.397072
v -3.510199 2.168513 24.211151
v -4.010497 2.907106 24.802952
v -3.078030 1.378224 23.617210
v -3.578328 2.116817 24.209011
v -2.023137 -0.056729 22.436005
v -2.523434 0.681865 23.027803
v -1.505210 -0.781458 21.845074
v -2.005507 -0.042865 22.436874
v -0.880862 -1.428311 21.255611
v -1.381159 -0.689718 21.847414
v 5.616239 5.156211 26.579807
v 0.698876 -2.274847 20.663074
v 5.259186 13.771114 25.920605
v 5.259186 13.353205 25.976467
v 5.259088 13.264736 25.998890
v -5.052145 8.802957 26.055588
v -5.349169 13.339207 25.850121
v 5.296808 9.214522 26.036871
v 5.644146 13.339861 25.849709
v -5.079103 9.215189 26.037231
v -5.327740 13.012230 25.865105
v 5.323967 9.537436 26.022478
v 5.616649 13.013460 25.864655
v -5.100251 9.538593 26.022829
v -5.327740 13.012230 25.865105
v 5.323967 9.537436 26.022478
v 5.616649 13.013460 25.864655
v -5.100251 9.538593 26.022829
v 5.089598 9.555948 25.995560
v 5.382279 13.031971 25.837738
v -5.074352 13.027573 25.837547
v -4.846864 9.553936 25.995272
v 5.609711 6.084183 26.309198
v 5.609711 5.170428 26.309198
v 0.597976 -2.203643 20.655224
v 5.016304 6.067834 25.934378
v 5.016304 5.566011 25.945580
v 5.704895 13.701775 25.580317
v -0.933717 -1.466236 21.220619
v -1.436663 -0.728828 21.786018
v -1.939608 0.008579 22.351418
v -2.442553 0.745986 22.916813
v -2.945499 1.483393 23.482212
v -3.448444 2.220800 24.047607
v -3.951390 2.958207 24.613005
v -4.454335 3.695614 25.178402
v -4.957281 4.433022 25.743799
v -4.909321 4.433022 25.743799
v -4.556516 3.695614 25.178402
v -5.059462 4.433022 25.743799
v -3.963471 2.948937 24.612556
v -4.466416 3.686344 25.177956
v -3.526088 2.161397 24.044842
v -4.029033 2.898804 24.610239
v -3.091271 1.372294 23.477306
v -3.594216 2.109701 24.042702
v -2.031081 -0.060287 22.348907
v -2.534026 0.677120 22.914303
v -1.510506 -0.783830 21.784380
v -2.013451 -0.046423 22.349777
v -0.883510 -1.429497 21.221321
v -1.386455 -0.692090 21.786720
v 5.643547 5.144351 26.307884
v 0.698876 -2.274847 20.655188
v 5.283461 13.720155 25.684078
v 5.283461 13.302245 25.739943
v 5.283363 13.213777 25.762365
v -5.077061 8.774848 25.801914
v 5.667161 13.291642 25.626799
v -5.101172 9.190180 25.811459
v 5.637558 12.969885 25.663265
v -5.120088 9.516015 25.818943
v 5.637558 12.969885 25.663265
v -5.120088 9.516015 25.818943
v 5.403189 12.988396 25.636349
v -4.866700 9.531358 25.791386
v -5.460226 6.084183 26.309198
v -5.460226 5.170428 26.309198
v -0.430772 -2.203643 20.655224
v -4.865828 6.067852 25.934780
v -4.865829 5.566029 25.945980
v -5.401399 13.701859 25.580708
v 1.099149 -1.466236 21.220623
v 1.600323 -0.728828 21.786020
v 2.101496 0.008579 22.351418
v 2.602670 0.745986 22.916815
v 3.103843 1.483393 23.482212
v 3.605017 2.220800 24.047611
v 4.106190 2.958207 24.613005
v 4.607364 3.695614 25.178404
v 5.108537 4.433022 25.743801
v -5.412267 5.170428 26.309198
v 5.142374 4.406944 25.742487
v 4.661209 3.654196 25.176367
v 5.162383 4.391603 25.741764
v 4.173108 2.906858 24.610556
v 4.674281 3.644265 25.175955
v 3.509136 2.294155 24.050972
v 4.010310 3.031562 24.616365
v 2.661742 0.701196 22.915014
v 3.162916 1.438603 23.480412
v 2.153058 -0.030238 22.350031
v 2.654232 0.707169 22.915430
v 1.640169 -0.758506 21.785158
v 2.141343 -0.021099 22.350555
v 1.200050 -1.537440 21.220585
v -0.283808 -2.203643 20.655224
v -0.136844 -2.203643 20.655224
v 0.010120 -2.203643 20.655224
v 0.157084 -2.203643 20.655224
v 0.304048 -2.203643 20.655224
v 0.451012 -2.203643 20.655224
v -4.980309 13.720504 25.685465
v 4.118294 13.320486 25.805532
v 2.531681 13.320498 25.805588
v 0.945067 13.320511 25.805643
v -0.641546 13.320523 25.805700
v -2.228159 13.320536 25.805756
v -3.814772 13.320547 25.805813
v -4.980309 13.302594 25.741329
v 4.118196 13.232018 25.827955
v 4.118294 13.279406 25.815954
v 2.531681 13.279418 25.816011
v 2.531681 13.261289 25.820612
v 0.945067 13.261301 25.820667
v 0.945067 13.348116 25.798639
v -0.641546 13.348127 25.798695
v -0.641546 13.269071 25.818756
v -2.228159 13.269083 25.818810
v -2.228159 13.222086 25.830734
v -3.814772 13.222097 25.830791
v 5.287888 8.774804 25.801519
v -5.371459 13.291000 25.627245
v 5.319549 9.189512 25.811052
v -5.347971 12.968672 25.663757
v 5.344388 9.514859 25.818531
v -5.347971 12.968672 25.663757
v 5.344388 9.514859 25.818531
v 5.110018 9.533371 25.791613
v -5.094584 12.984015 25.636200
v -5.087258 9.130614 25.848982
v -5.067027 9.174172 26.050329
v -4.833871 9.145957 25.821424
v -4.813640 9.189515 26.022772
v 5.239634 9.175403 26.049879
v 5.005264 9.193913 26.022963
v 5.260543 9.131827 25.848490
v 5.026174 9.150338 25.821573
v -4.964227 11.064985 25.728813
v -5.217615 11.049643 25.756371
v -5.197383 11.093201 25.957718
v -4.943996 11.108543 25.930161
v -5.233855 11.288726 25.744833
v -5.213624 11.332284 25.946180
v -4.960237 11.347627 25.918623
v -4.980468 11.304069 25.717276
v -5.270212 10.821501 22.729795
v -5.253971 10.582417 22.741333
v -5.507359 10.567075 22.768890
v -5.523599 10.806158 22.757353
v -4.857871 11.675319 29.050467
v -4.604484 11.690661 29.022909
v -4.874112 11.914402 29.038929
v -4.620724 11.929745 29.011372
v 5.428141 11.094431 25.957268
v 5.449050 11.050856 25.755878
v 5.193772 11.112942 25.930351
v 5.214681 11.069366 25.728962
v 5.471965 11.284132 25.744621
v 5.237596 11.302643 25.717705
v 5.451056 11.327707 25.946011
v 5.216687 11.346218 25.919094
v 5.794188 10.548772 22.877014
v 5.559819 10.567283 22.850098
v 5.817103 10.782048 22.865757
v 5.582734 10.800559 22.838840
v 5.109324 11.923070 29.142681
v 5.086410 11.689794 29.153938
v 4.874955 11.941581 29.115765
v 4.852040 11.708304 29.127022
v 6.226416 12.241143 20.229898
v -5.912583 12.241337 20.230824
v -2.499916 15.085128 32.260082
v -1.446936 15.085128 32.260082
v -0.393956 15.085128 32.260082
v 0.659025 15.085128 32.260082
v 1.712005 15.085128 32.260082
v 2.764985 15.085128 32.260082
v 4.492273 12.241171 20.230030
v 2.758130 12.241199 20.230162
v 1.023988 12.241226 20.230293
v -0.710155 12.241254 20.230425
v -2.444298 12.241282 20.230558
v -4.178440 12.241309 20.230692
v 5.271587 14.185989 29.540243
v -4.986781 14.185989 29.540243
v 3.817966 15.085128 32.260082
v -3.552896 15.085128 32.260082
v -5.721448 12.642816 22.152779
v 6.029289 12.642662 22.152044
v 5.281177 13.742628 29.151850
v -5.002142 13.741897 29.151743
v -5.658945 12.367686 22.574308
v 5.959208 12.368081 22.573381
v 5.288700 13.394801 28.847147
v -5.014194 13.393497 28.846956
v -5.609909 12.151842 22.905006
v 5.904228 12.152666 22.903933
v 5.288700 13.394801 28.847147
v -5.014194 13.393497 28.846956
v -5.609909 12.151842 22.905006
v 5.904228 12.152666 22.903933
v 5.054330 13.413313 28.820229
v 5.669858 12.171178 22.877014
v -4.760806 13.408839 28.819399
v -5.356521 12.167185 22.877449
v -5.058663 12.788012 25.848425
v 5.362094 12.792245 25.848621
v -5.078867 12.745900 25.646902
v 5.382970 12.750118 25.647057
v 0.546907 -2.203643 20.486345
v 4.672311 5.357147 30.589975
v 0.546907 -2.203643 20.779379
v 0.092285 5.423248 -32.110439
v 5.022214 5.330637 -15.036831
v 0.092285 4.921424 -32.099239
v 5.022214 5.328387 7.004565
v 5.022214 5.329330 -2.240617
v 4.270748 5.328473 6.170307
v 4.270748 5.329247 -1.406295
v 4.270747 4.885739 6.170262
v 4.270747 4.886513 -1.406340
v 4.672311 5.343114 30.600790
v 0.546907 -2.239492 20.807007
v 0.507571 5.324719 -33.166027
v 0.542974 -1.533264 -19.724047
v 0.539040 -0.779086 -21.217602
v 0.535107 -0.024908 -22.711155
v 0.531173 0.729269 -24.204708
v 0.527239 1.483447 -25.698261
v 0.523305 2.237625 -27.191814
v 0.519372 2.991802 -28.685368
v 0.515438 3.745980 -30.178921
v 0.511504 4.500157 -31.672476
v 0.546907 -2.203643 -15.144203
v 4.672311 6.270902 30.589975
v 0.546908 -2.203643 -18.178791
v 4.160743 6.243540 29.962675
v 5.022214 5.327013 20.466204
v 4.160743 5.741717 29.973877
v 5.390644 12.366430 20.029211
v 3.019799 9.017733 32.571655
v 3.470903 15.349578 32.246502
v 0.546907 -2.203643 6.976357
v 0.546907 -2.203643 -2.302030
v 0.959447 -1.447564 21.760439
v 1.371988 -0.691485 22.741499
v 1.784528 0.064594 23.722559
v 2.197068 0.820673 24.703619
v 2.609609 1.576752 25.684679
v 3.022149 2.332831 26.665739
v 3.434690 3.088910 27.646797
v 3.847230 3.844989 28.627857
v 4.259771 4.601068 29.608917
v 4.259771 4.587036 29.619732
v 3.847230 3.874411 28.605183
v 4.259771 4.630490 29.586243
v 3.434690 3.060276 27.668865
v 3.847230 3.816355 28.649925
v 3.022149 2.301255 26.690075
v 3.434690 3.057333 27.671133
v 2.609609 1.590450 25.674122
v 3.022149 2.346529 26.655182
v 2.197068 0.793882 24.724266
v 2.609609 1.549961 25.705326
v 1.371988 -0.773305 22.804556
v 1.784528 -0.017226 23.785616
v 0.959447 -1.517877 21.814627
v 1.371988 -0.761798 22.795687
v 0.959447 -1.483413 21.788067
v 0.507571 5.254335 -33.166027
v 0.546908 -2.287441 -18.230494
v 5.022214 5.192488 -15.036845
v 5.022214 5.191182 -2.240631
v 5.022214 5.279678 -15.035608
v 0.092285 4.870466 -32.098019
v 5.022213 5.236131 7.004555
v 5.022213 5.234757 20.466196
v 5.355186 12.628924 20.619247
v 3.308214 15.235016 31.854067
v 5.355186 12.211014 20.675110
v 3.308214 14.817105 31.909931
v 4.528088 14.027013 29.525417
v 5.355088 12.122545 20.697533
v 3.308116 14.728637 31.932354
v 0.271344 11.315734 -59.124241
v 0.507571 5.553216 -33.153828
v 0.092285 5.567946 -32.149940
v 0.271344 11.497540 -59.140846
v 0.271344 11.460432 -59.163742
v 4.270747 4.886359 0.108980
v 4.270747 4.886204 1.624301
v 4.270747 4.886049 3.139621
v 4.270747 4.885894 4.654941
v 0.546907 -2.203643 -0.446353
v 0.546907 -2.203643 1.409325
v 0.546907 -2.203643 3.265002
v 0.546907 -2.203643 5.120679
v 4.234099 4.885751 6.050115
v 4.234099 4.886501 -1.286190
v 4.234099 4.886371 -0.011167
v 4.234099 4.886192 1.744451
v 4.234099 4.886061 3.019474
v 4.234099 4.885882 4.775092
v 4.234099 4.752908 6.050102
v 4.234099 4.753658 -1.286204
v 4.234099 4.753528 -0.011180
v 4.234099 4.753349 1.744437
v 4.234099 4.753218 3.019461
v 4.234099 4.753039 4.775078
v 4.226186 4.886343 0.255074
v 4.226186 4.886219 1.478210
v 4.226186 4.886034 3.285715
v 4.226186 4.885909 4.508852
v 4.226186 4.733761 0.255059
v 4.226186 4.733636 1.478195
v 4.226186 4.733451 3.285700
v 4.226186 4.733326 4.508837
v 5.269831 8.172848 20.368961
v 3.197717 11.515050 32.443413
v 5.184351 12.515728 22.520075
v 0.546907 -2.203643 20.546843
v 4.856219 13.271371 26.022745
v 0.546907 -2.203643 20.663111
v 0.546907 -2.203643 20.655224
v 4.878477 13.220115 25.785158
v 5.623815 12.241153 20.229944
v 3.452063 15.085128 32.260082
v -0.371845 -2.203643 -15.144203
v -4.457769 6.270902 30.589975
v -0.371846 -2.203643 -18.178791
v -3.953172 6.243540 29.962675
v -4.771252 5.327049 20.467051
v -3.953172 5.741717 29.973877
v -4.977333 12.366601 20.029997
v -2.810226 9.017733 32.571655
v -3.144663 15.349578 32.246502
v -0.371845 -2.203643 6.976356
v -0.371845 -2.203643 -2.302031
v -0.780437 -1.447564 21.760437
v -1.189030 -0.691485 22.741497
v -1.597622 0.064594 23.722557
v -2.006215 0.820673 24.703617
v -2.414807 1.576752 25.684677
v -2.823400 2.332831 26.665737
v -3.231992 3.088910 27.646797
v -3.640584 3.844989 28.627857
v -4.049177 4.601068 29.608917
v -4.049177 4.587036 29.619732
v -3.640584 3.874411 28.605183
v -4.049177 4.630490 29.586243
v -3.231992 3.060276 27.668865
v -3.640584 3.816355 28.649925
v -2.823400 2.301255 26.690071
v -3.231992 3.057333 27.671131
v -2.414807 1.590450 25.674118
v -2.823400 2.346529 26.655178
v -2.006215 0.793882 24.724262
v -2.414807 1.549961 25.705322
v -1.189030 -0.773305 22.804554
v -1.597622 -0.017226 23.785614
v -0.780437 -1.517877 21.814625
v -1.189030 -0.761798 22.795685
v -0.780437 -1.483413 21.788067
v -0.333176 5.254335 -33.166027
v -0.371846 -2.287441 -18.230494
v -0.371845 -2.203643 20.486345
v -4.457769 5.357147 30.589975
v -0.371845 -2.203643 20.779379
v 0.075066 5.423248 -32.110439
v -4.771252 5.330637 -15.036831
v 0.075066 4.921424 -32.099239
v -4.771252 5.328410 7.005088
v -4.771252 5.329344 -2.240313
v -4.032531 5.328493 6.170750
v -4.032531 5.329257 -1.406037
v -4.032532 4.885759 6.170705
v -4.032532 4.886524 -1.406082
v -4.457769 5.343114 30.600790
v -0.371845 -2.239492 20.807007
v -0.333176 5.324719 -33.166027
v -0.367979 -1.533264 -19.724047
v -0.364112 -0.779086 -21.217600
v -0.360245 -0.024908 -22.711153
v -0.356378 0.729269 -24.204706
v -0.352511 1.483447 -25.698259
v -0.348644 2.237624 -27.191813
v -0.344777 2.991802 -28.685366
v -0.340910 3.745980 -30.178921
v -0.337043 4.500157 -31.672476
v -4.771252 5.204965 -15.036843
v -4.771252 5.203672 -2.240325
v -4.771252 5.262305 -15.035192
v 0.075066 4.853093 -32.097599
v -4.771253 5.278244 20.467043
v -4.771253 5.279605 7.005083
v -4.966812 12.629093 20.620031
v -2.994292 15.235016 31.854067
v -4.179331 14.117455 29.510136
v -4.966812 12.211183 20.675896
v -2.994292 14.817105 31.909931
v -0.100955 11.315734 -59.124241
v -0.333176 5.553216 -33.153828
v 0.075066 5.567946 -32.149940
v -0.100955 11.497540 -59.140846
v -0.100955 11.460432 -59.163742
v -0.371845 -2.203643 -0.446353
v -0.371845 -2.203643 1.409324
v -0.371845 -2.203643 3.265001
v -0.371845 -2.203643 5.120678
v -4.032532 4.886371 0.109275
v -4.032532 4.886218 1.624633
v -4.032532 4.886065 3.139991
v -4.032532 4.885912 4.655348
v -4.008732 4.885771 6.050556
v -4.008732 4.886512 -1.285934
v -4.008732 4.886383 -0.010874
v -4.008732 4.886206 1.744781
v -4.008732 4.886077 3.019841
v -4.008732 4.885900 4.775495
v -4.008733 4.752928 6.050542
v -4.008733 4.753669 -1.285948
v -4.008733 4.753540 -0.010887
v -4.008733 4.753363 1.744767
v -4.008733 4.753234 3.019827
v -4.008733 4.753057 4.775482
v -4.003593 4.886356 0.255367
v -4.003593 4.886232 1.478540
v -4.003593 4.886050 3.286081
v -4.003593 4.885927 4.509254
v -4.003594 4.733774 0.255351
v -4.003594 4.733650 1.478524
v -4.003594 4.733468 3.286066
v -4.003594 4.733345 4.509239
v -2.942130 11.515050 32.443413
v -4.954829 8.172940 20.369799
v -4.804235 12.604737 22.499750
v -0.371845 -2.203643 20.546843
v -4.491783 13.361096 26.004944
v -0.371845 -2.203643 20.663111
v -0.371845 -2.203643 20.655224
v -4.512977 13.309793 25.767185
v -3.130695 15.085128 32.260082
v -5.217263 12.241326 20.230772
v 5.390224 5.310391 12.397164
v 4.513286 5.134324 12.206775
v 3.031231 5.310430 12.397343
v -2.711870 5.310524 12.397779
v -4.193929 5.310549 12.397892
v 4.491831 4.832968 12.217072
v 2.757688 4.832995 12.217204
v -2.444740 4.833078 12.217601
v -4.178882 4.833106 12.217734
v -5.217705 4.833123 12.217814
v 5.623373 4.832950 12.216987
v -4.977754 5.310562 12.397951
v 5.650035 12.542508 20.219646
v 4.513728 12.542527 20.219732
v 2.772282 12.542556 20.219864
v -2.452058 12.542642 20.220261
v -4.193504 12.542670 20.220394
v 5.649593 5.134305 12.206689
v -5.236703 12.542687 20.220472
v 4.513303 5.310406 12.397230
v 2.771840 5.134353 12.206906
v -2.452500 5.134439 12.207303
v -4.193946 5.134467 12.207437
v -5.237145 5.134484 12.207515
v 4.513308 5.218796 12.481926
v 4.513716 12.274836 20.113972
v -4.193517 12.274979 20.114634
v -4.193924 5.218939 12.482588
v 5.390649 12.274820 20.113907
v 3.031657 12.274860 20.114084
v -2.711444 12.274954 20.114521
v 5.390228 5.218781 12.481860
v -4.977328 12.274992 20.114693
v 3.031235 5.218821 12.482038
v -2.711865 5.218915 12.482474
v -4.977749 5.218952 12.482647
v -4.178421 11.887598 20.557707
v -2.444278 11.887570 20.557573
v 2.758150 11.887487 20.557177
v 4.492292 11.887460 20.557045
v -5.217244 11.887615 20.557787
v 5.623834 11.887442 20.556959
v -4.178863 4.479395 12.544750
v -2.444720 4.479368 12.544617
v 2.757708 4.479285 12.544220
v 4.491850 4.479257 12.544088
v -5.217686 4.479413 12.544830
v 5.623392 4.479239 12.544003
v -0.197707 -2.203643 -15.144203
v -0.197707 -2.203643 20.486345
v -2.727275 5.357147 30.589975
v -2.727275 6.270902 30.589975
v -0.197707 -2.203643 -18.178791
v -0.197707 -2.203643 20.779379
v 0.078330 5.423248 -32.110439
v -2.415279 6.243540 29.962675
v -2.915021 5.330637 -15.036831
v -2.915021 5.327042 20.466890
v 0.078330 4.921424 -32.099239
v -2.415279 5.741717 29.973877
v -3.173255 12.542653 20.220316
v -1.705217 9.017733 32.571655
v -1.890763 15.349578 32.246502
v -2.915021 5.328405 7.004989
v -0.197707 -2.203643 6.976356
v -0.197707 -2.203643 -2.302031
v -2.915021 5.329341 -2.240370
v -2.458746 5.328489 6.170666
v -2.458746 5.329256 -1.406086
v -2.458747 4.885755 6.170621
v -2.458747 4.886522 -1.406131
v -0.450664 -1.447564 21.760437
v -0.703620 -0.691485 22.741497
v -0.956577 0.064594 23.722557
v -1.209534 0.820673 24.703617
v -1.462491 1.576752 25.684677
v -1.715447 2.332831 26.665737
v -1.968404 3.088910 27.646797
v -2.221361 3.844989 28.627857
v -2.474318 4.601068 29.608917
v -2.727275 5.343114 30.600790
v -2.474318 4.587036 29.619732
v -2.221361 3.874411 28.605183
v -2.474318 4.630490 29.586243
v -1.968404 3.060276 27.668865
v -2.221361 3.816355 28.649925
v -1.715447 2.301255 26.690071
v -1.968404 3.057333 27.671131
v -1.462491 1.590450 25.674118
v -1.715447 2.346529 26.655178
v -1.209534 0.793882 24.724262
v -1.462491 1.549961 25.705322
v -0.703620 -0.773305 22.804554
v -0.956577 -0.017226 23.785614
v -0.450664 -1.517877 21.814625
v -0.703620 -0.761798 22.795685
v -0.197707 -2.239492 20.807007
v -0.450664 -1.483413 21.788067
v -0.173823 5.254335 -33.166027
v -0.173823 5.324719 -33.166027
v -0.197707 -2.287441 -18.230494
v -0.195319 -1.533264 -19.724047
v -0.192931 -0.779086 -21.217600
v -0.190542 -0.024908 -22.711153
v -0.188154 0.729269 -24.204706
v -0.185765 1.483447 -25.698259
v -0.183377 2.237624 -27.191813
v -0.180988 2.991802 -28.685366
v -0.178600 3.745980 -30.178921
v -0.176211 4.500157 -31.672476
v -2.915021 5.267503 -15.036838
v -2.915021 5.266207 -2.240377
v -2.915021 5.257038 -15.035066
v 0.078330 4.847826 -32.097473
v -2.915021 5.304982 20.466888
v -2.915021 5.306345 7.004986
v -3.173223 12.629064 20.619894
v -1.890763 15.235016 31.854067
v -3.173223 12.211153 20.675758
v -1.890764 14.817105 31.909931
v -2.673514 14.037677 29.602188
v -3.173223 12.112703 20.700739
v -1.890764 14.718656 31.934912
v -0.030391 11.315734 -59.124241
v -0.173823 5.553216 -33.153828
v 0.078330 5.567946 -32.149940
v -0.030391 11.497540 -59.140846
v -0.030391 11.460432 -59.163742
v -0.197707 -2.203643 -0.446353
v -0.197707 -2.203643 1.409324
v -0.197707 -2.203643 3.265001
v -0.197707 -2.203643 5.120678
v -2.458747 4.886369 0.109219
v -2.458747 4.886215 1.624570
v -2.458747 4.886062 3.139920
v -2.458747 4.885908 4.655271
v -2.479380 4.886356 0.229369
v -2.479380 4.886228 1.504422
v -2.479380 4.886050 3.260070
v -2.479380 4.885921 4.535123
v -2.479380 4.753513 0.229355
v -2.479380 4.753385 1.504409
v -2.479380 4.753207 3.260056
v -2.479380 4.753078 4.535110
v -2.483835 4.885770 6.024530
v -2.483835 4.886507 -1.260038
v -2.483835 4.886384 -0.036872
v -2.483835 4.886201 1.770663
v -2.483835 4.886077 2.993829
v -2.483835 4.885894 4.801364
v -2.483835 4.733188 6.024515
v -2.483835 4.733925 -1.260054
v -2.483835 4.733801 -0.036887
v -2.483835 4.733619 1.770648
v -2.483835 4.733495 2.993814
v -2.483835 4.733312 4.801349
v -3.016870 8.172923 20.369640
v -1.778397 11.515050 32.443413
v -3.070057 12.510119 22.538467
v -0.197707 -2.203643 20.546843
v -2.871786 13.273898 26.070328
v -0.197707 -2.203643 20.663111
v -0.197707 -2.203643 20.655224
v -2.885234 13.222091 25.830757
v -3.162470 12.241293 20.230614
v -1.883014 15.085128 32.260082
v -3.173697 5.134450 12.207358
v -3.162912 4.833090 12.217656
v -3.325230 12.366574 20.029871
v -3.325645 5.310534 12.397825
v -3.325225 12.274964 20.114569
v -3.325641 5.218925 12.482521
v -3.162451 11.887582 20.557629
v -3.162893 4.479379 12.544672
v 0.377530 -2.203643 -15.144203
v 0.377530 -2.203643 20.486345
v 2.989130 5.357147 30.589975
v 2.989130 6.270902 30.589975
v 0.377530 -2.203643 -18.178791
v 0.377530 -2.203643 20.779379
v 0.089111 5.423248 -32.110439
v 2.664898 6.243540 29.962675
v 3.216734 5.330637 -15.036831
v 3.216734 5.327019 20.466362
v 0.089111 4.921424 -32.099239
v 2.664898 5.741717 29.973877
v 3.643005 12.542542 20.219799
v 1.945002 9.017733 32.571655
v 2.251287 15.349578 32.246502
v 3.216734 5.328391 7.004662
v 0.377530 -2.203643 6.976357
v 0.377530 -2.203643 -2.302030
v 3.216734 5.329332 -2.240561
v 2.739993 5.328476 6.170388
v 2.739993 5.329249 -1.406247
v 2.739992 4.885743 6.170343
v 2.739992 4.886516 -1.406292
v 0.638690 -1.447564 21.760439
v 0.899850 -0.691485 22.741499
v 1.161010 0.064594 23.722559
v 1.422170 0.820673 24.703619
v 1.683330 1.576752 25.684679
v 1.944490 2.332831 26.665739
v 2.205650 3.088910 27.646797
v 2.466810 3.844989 28.627857
v 2.727970 4.601068 29.608917
v 2.989130 5.343114 30.600790
v 2.727970 4.587036 29.619732
v 2.466810 3.874411 28.605183
v 2.727970 4.630490 29.586243
v 2.205650 3.060276 27.668865
v 2.466810 3.816355 28.649925
v 1.944490 2.301255 26.690075
v 2.205650 3.057333 27.671133
v 1.683330 1.590450 25.674122
v 1.944490 2.346529 26.655182
v 1.422170 0.793882 24.724266
v 1.683330 1.549961 25.705326
v 0.899850 -0.773305 22.804556
v 1.161010 -0.017226 23.785616
v 0.638690 -1.517877 21.814627
v 0.899850 -0.761798 22.795687
v 0.377530 -2.239492 20.807007
v 0.638690 -1.483413 21.788067
v 0.352574 5.254335 -33.166027
v 0.352574 5.324719 -33.166027
v 0.377530 -2.287441 -18.230494
v 0.375035 -1.533264 -19.724047
v 0.372539 -0.779086 -21.217602
v 0.370044 -0.024908 -22.711155
v 0.367548 0.729269 -24.204708
v 0.365052 1.483447 -25.698261
v 0.362557 2.237625 -27.191814
v 0.360061 2.991802 -28.685368
v 0.357566 3.745980 -30.178921
v 0.355070 4.500157 -31.672476
v 3.216734 5.249215 -15.036839
v 3.216734 5.247910 -2.240569
v 3.216734 5.243405 -15.034739
v 0.089111 4.834193 -32.097149
v 3.216733 5.203135 20.466347
v 3.216734 5.204506 7.004649
v 3.643036 12.628952 20.619377
v 2.251287 15.235016 31.854067
v 3.643036 12.211041 20.675240
v 2.251287 14.817105 31.909931
v 3.091168 14.095045 29.587631
v 3.643036 12.169960 20.685665
v 2.251287 14.776024 31.920355
v 0.202708 11.315734 -59.124241
v 0.352574 5.553216 -33.153828
v 0.089111 5.567946 -32.149940
v 0.202708 11.497540 -59.140846
v 0.202708 11.460432 -59.163742
v 0.377530 -2.203643 -0.446353
v 0.377530 -2.203643 1.409325
v 0.377530 -2.203643 3.265002
v 0.377530 -2.203643 5.120679
v 2.739992 4.886361 0.109035
v 2.739992 4.886207 1.624362
v 2.739992 4.886052 3.139689
v 2.739992 4.885897 4.655016
v 2.739992 4.886349 0.229183
v 2.739992 4.886219 1.504213
v 2.739992 4.886040 3.259838
v 2.739992 4.885909 4.534867
v 2.739991 4.753506 0.229170
v 2.739991 4.753376 1.504200
v 2.739991 4.753197 3.259824
v 2.739991 4.753066 4.534854
v 2.739992 4.885757 6.024251
v 2.739992 4.886500 -1.260200
v 2.739992 4.886376 -0.037057
v 2.739992 4.886191 1.770454
v 2.739992 4.886066 2.993597
v 2.739992 4.885882 4.801108
v 2.739991 4.733175 6.024236
v 2.739991 4.733918 -1.260216
v 2.739991 4.733794 -0.037073
v 2.739991 4.733609 1.770439
v 2.739991 4.733484 2.993582
v 2.739991 4.733300 4.801093
v 3.384858 8.172864 20.369116
v 2.065803 11.515050 32.443413
v 3.529102 12.567399 22.523499
v 0.377530 -2.203643 20.546843
v 3.310135 13.331223 26.055565
v 0.377530 -2.203643 20.663111
v 0.377530 -2.203643 20.655224
v 3.324987 13.279411 25.815983
v 3.625202 12.241184 20.230095
v 2.238495 15.085128 32.260082
v 3.642563 5.134338 12.206841
v 3.624760 4.832982 12.217138
v 3.772681 12.366457 20.029331
v 3.772267 5.310418 12.397286
v 3.772686 12.274848 20.114029
v 3.772272 5.218808 12.481982
v 3.625221 11.887474 20.557110
v 3.624779 4.479271 12.544154
v 3.772691 12.190399 20.192104
v 3.031661 12.190412 20.192160
v 3.772276 5.134360 12.560058
v 3.031240 5.134372 12.560114
v 4.513312 5.145706 12.549500
v 4.513720 12.201745 20.181545
v 5.390653 12.201730 20.181480
v 5.390232 5.145691 12.549435
v -4.193518 12.296883 20.094383
v -4.193925 5.240843 12.462337
v -4.977329 12.296896 20.094442
v -4.977750 5.240856 12.462397
v -2.711867 5.259476 12.444974
v -2.711446 12.315516 20.077021
v -3.325227 12.315526 20.077068
v -3.325643 5.259487 12.445021
v 5.212713 13.432543 29.578936
v 5.164182 12.811462 29.610830
v 5.115651 12.190382 29.642723
v 5.067120 11.569302 29.674618
v 5.018589 10.948221 29.706512
v 4.970058 10.327142 29.738405
v 4.921527 9.706062 29.770298
v -4.940989 13.432543 29.578936
v -4.903243 12.811462 29.610830
v -4.865497 12.190382 29.642723
v -4.827751 11.569302 29.674618
v -4.790004 10.948221 29.706512
v -4.752258 10.327142 29.738405
v -4.714512 9.706062 29.770298
v 3.775663 14.543760 32.287880
v 3.740793 14.097501 32.310795
v 3.705922 13.651241 32.333710
v 3.671052 13.204982 32.356628
v 3.636181 12.758722 32.379547
v 3.601310 12.312462 32.402462
v 3.566440 11.866201 32.425377
v -3.519994 14.543760 32.287880
v -3.492873 14.097501 32.310795
v -3.465751 13.651241 32.333710
v -3.438630 13.204982 32.356628
v -3.411508 12.758722 32.379547
v -3.384387 12.312462 32.402462
v -3.357265 11.866201 32.425377
v 5.232709 13.111897 29.184330
v 5.192756 12.591972 29.211103
v 5.152803 12.072048 29.237877
v 5.112850 11.552124 29.264650
v 5.072897 11.032200 29.291424
v 5.032944 10.512276 29.318197
v 4.992991 9.992352 29.344971
v -4.964474 13.111375 29.184191
v -4.933423 12.591624 29.210938
v -4.902372 12.071874 29.237684
v -4.871322 11.552123 29.264431
v -4.840271 11.032372 29.291178
v -4.809220 10.512622 29.317924
v -4.778170 9.992870 29.344671
v 5.248396 12.860341 28.874754
v 5.215173 12.419776 28.897511
v 5.181950 11.979211 28.920267
v 5.148726 11.538646 28.943024
v 5.115503 11.098081 28.965780
v 5.082280 10.657516 28.988537
v 5.049057 10.216950 29.011293
v -4.982898 12.859413 28.874504
v -4.957100 12.419157 28.897213
v -4.931302 11.978901 28.919922
v -4.905503 11.538646 28.942631
v -4.879705 11.098391 28.965340
v -4.853908 10.658134 28.988050
v -4.828109 10.217878 29.010759
v 5.248396 12.860341 28.874754
v 5.215173 12.419776 28.897511
v 5.181950 11.979211 28.920267
v 5.148726 11.538646 28.943024
v 5.115503 11.098081 28.965780
v 5.082280 10.657516 28.988537
v 5.049057 10.216950 29.011293
v -4.982898 12.859413 28.874504
v -4.957100 12.419157 28.897213
v -4.931302 11.978901 28.919922
v -4.905503 11.538646 28.942631
v -4.879705 11.098391 28.965340
v -4.853908 10.658134 28.988050
v -4.828109 10.217878 29.010759
v 5.014027 12.878853 28.847836
v 4.980803 12.438288 28.870592
v 4.947580 11.997723 28.893349
v 4.914357 11.557158 28.916105
v 4.881134 11.116592 28.938862
v 4.847910 10.676027 28.961618
v 4.814686 10.235462 28.984375
v -4.729510 12.874756 28.846947
v -4.703712 12.434500 28.869656
v -4.677914 11.994244 28.892365
v -4.652116 11.553988 28.915073
v -4.626318 11.113733 28.937782
v -4.600519 10.673477 28.960493
v -4.574721 10.233221 28.983202
v 5.876356 8.572998 20.355242
v 5.924887 9.081535 20.337864
v 5.973418 9.590073 20.320488
v 6.021949 10.098611 20.303110
v 6.070480 10.607149 20.285732
v 6.119011 11.115686 20.268356
v 6.167542 11.624224 20.250980
v -5.640315 8.573112 20.356178
v -5.678061 9.081660 20.338800
v -5.715807 9.590209 20.321423
v -5.753553 10.098758 20.304043
v -5.791299 10.607306 20.286663
v -5.829046 11.115855 20.269285
v -5.866792 11.624405 20.251907
v -2.368165 11.866201 32.425381
v -2.386430 12.312461 32.402466
v -2.404696 12.758720 32.379547
v -2.422961 13.204980 32.356632
v -2.441227 13.651239 32.333717
v -2.459492 14.097500 32.310799
v -2.477758 14.543760 32.287880
v -1.379064 11.866201 32.425381
v -1.388474 12.312461 32.402466
v -1.397883 12.758720 32.379547
v -1.407293 13.204980 32.356632
v -1.416702 13.651239 32.333717
v -1.426112 14.097500 32.310799
v -1.435521 14.543760 32.287880
v -0.389963 11.866201 32.425381
v -0.390517 12.312461 32.402466
v -0.391070 12.758720 32.379547
v -0.391624 13.204980 32.356632
v -0.392177 13.651239 32.333717
v -0.392731 14.097500 32.310799
v -0.393284 14.543760 32.287880
v 0.599137 11.866201 32.425381
v 0.607440 12.312461 32.402466
v 0.615742 12.758720 32.379547
v 0.624045 13.204980 32.356632
v 0.632348 13.651239 32.333717
v 0.640650 14.097500 32.310799
v 0.648953 14.543760 32.287880
v 1.588238 11.866201 32.425381
v 1.605397 12.312461 32.402466
v 1.622555 12.758720 32.379547
v 1.639714 13.204980 32.356632
v 1.656872 13.651239 32.333717
v 1.674031 14.097500 32.310799
v 1.691190 14.543760 32.287880
v 2.577339 11.866201 32.425381
v 2.603354 12.312461 32.402466
v 2.629368 12.758720 32.379547
v 2.655383 13.204980 32.356632
v 2.681397 13.651239 32.333717
v 2.707412 14.097500 32.310799
v 2.733426 14.543760 32.287880
v 4.231117 8.573014 20.355375
v 4.267323 9.081553 20.337997
v 4.303529 9.590093 20.320620
v 4.339735 10.098632 20.303242
v 4.375940 10.607171 20.285866
v 4.412146 11.115710 20.268488
v 4.448351 11.624250 20.251110
v 2.585878 8.573030 20.355509
v 2.609759 9.081572 20.338131
v 2.633639 9.590113 20.320753
v 2.657519 10.098654 20.303375
v 2.681400 10.607195 20.285997
v 2.705280 11.115736 20.268620
v 2.729161 11.624277 20.251244
v 0.940640 8.573047 20.355642
v 0.952195 9.081589 20.338264
v 0.963750 9.590131 20.320887
v 0.975305 10.098674 20.303509
v 0.986860 10.607217 20.286131
v 0.998415 11.115759 20.268753
v 1.009970 11.624301 20.251375
v -0.704599 8.573064 20.355778
v -0.705369 9.081608 20.338400
v -0.706139 9.590152 20.321022
v -0.706910 10.098696 20.303644
v -0.707680 10.607240 20.286266
v -0.708450 11.115784 20.268887
v -0.709220 11.624328 20.251507
v -2.349837 8.573079 20.355911
v -2.362933 9.081625 20.338533
v -2.376028 9.590171 20.321156
v -2.389124 10.098717 20.303778
v -2.402220 10.607263 20.286400
v -2.415315 11.115808 20.269020
v -2.428411 11.624353 20.251640
v -3.995076 8.573095 20.356045
v -4.020497 9.081642 20.338667
v -4.045918 9.590189 20.321289
v -4.071339 10.098737 20.303911
v -4.096760 10.607285 20.286533
v -4.122180 11.115831 20.269154
v -4.147601 11.624378 20.251774
v -5.449180 8.807012 22.299749
v -5.486927 9.338793 22.279373
v -5.524673 9.870574 22.258997
v -5.562419 10.402355 22.238623
v -5.600165 10.934136 22.218248
v -5.637911 11.465918 22.197872
v -5.675658 11.997700 22.177496
v 5.679229 8.806923 22.299007
v 5.727760 9.338696 22.278633
v 5.776291 9.870468 22.258259
v 5.824822 10.402241 22.237885
v 5.873353 10.934013 22.217510
v 5.921884 11.465785 22.197136
v 5.970415 11.997557 22.176762
v -5.429499 9.192830 22.695520
v -5.461308 9.632980 22.678717
v -5.493118 10.073131 22.661913
v -5.524927 10.513281 22.645109
v -5.556736 10.953431 22.628304
v -5.588546 11.393580 22.611500
v -5.620356 11.833730 22.594696
v 5.664242 9.192259 22.694490
v 5.705135 9.632543 22.677700
v 5.746028 10.072826 22.660910
v 5.786921 10.513110 22.644119
v 5.827814 10.953394 22.627329
v 5.868707 11.393678 22.610538
v 5.909600 11.833962 22.593750
v -5.414059 9.495513 23.006010
v -5.441211 9.863776 22.992008
v -5.468363 10.232039 22.978006
v -5.495515 10.600303 22.964003
v -5.522666 10.968566 22.949999
v -5.549818 11.336829 22.935997
v -5.576970 11.705093 22.921995
v 5.652483 9.494564 23.004757
v 5.687384 9.863073 22.990780
v 5.722285 10.231583 22.976803
v 5.757186 10.600092 22.962824
v 5.792087 10.968601 22.948845
v 5.826988 11.337111 22.934868
v 5.861888 11.705619 22.920891
v -5.414059 9.495513 23.006010
v -5.441211 9.863776 22.992008
v -5.468363 10.232039 22.978006
v -5.495515 10.600303 22.964003
v -5.522666 10.968566 22.949999
v -5.549818 11.336829 22.935997
v -5.576970 11.705093 22.921995
v 5.652483 9.494564 23.004757
v 5.687384 9.863073 22.990780
v 5.722285 10.231583 22.976803
v 5.757186 10.600092 22.962824
v 5.792087 10.968601 22.948845
v 5.826988 11.337111 22.934868
v 5.861888 11.705619 22.920891
v 5.418114 9.513076 22.977840
v 5.453014 9.881585 22.963861
v 5.487916 10.250094 22.949883
v 5.522816 10.618604 22.935905
v 5.557717 10.987113 22.921928
v 5.592618 11.355622 22.907949
v 5.627519 11.724132 22.893970
v -5.160671 9.510856 22.978453
v -5.187823 9.879119 22.964451
v -5.214975 10.247382 22.950449
v -5.242126 10.615645 22.936445
v -5.269279 10.983909 22.922441
v -5.296431 11.352172 22.908440
v -5.323582 11.720436 22.894438
v -4.867696 9.872039 25.980827
v -4.894171 10.276299 25.962471
v -4.920646 10.680558 25.944115
v -4.947121 11.084818 25.925758
v -4.973596 11.489077 25.907404
v -5.000071 11.893336 25.889048
v -5.026546 12.297596 25.870691
v 5.116400 9.874269 25.981106
v 5.150462 10.278807 25.962738
v 5.184525 10.683344 25.944370
v 5.218586 11.087881 25.926003
v 5.252648 11.492418 25.907635
v 5.286711 11.896955 25.889269
v 5.320773 12.301493 25.870903
v -4.887569 9.847539 25.777174
v -4.914090 10.249357 25.759113
v -4.940610 10.651175 25.741053
v -4.967131 11.052992 25.722992
v -4.993652 11.454810 25.704931
v -5.020174 11.856628 25.686871
v -5.046694 12.258446 25.668812
v 5.136866 9.849770 25.777393
v 5.170985 10.251863 25.759323
v 5.205104 10.653955 25.741255
v 5.239223 11.056049 25.723185
v 5.273342 11.458143 25.705114
v 5.307460 11.860236 25.687046
v 5.341579 12.262329 25.668978
v 3.222735 11.866201 32.425381
v 3.254528 12.312461 32.402466
v 3.286321 12.758720 32.379547
v 3.318114 13.204980 32.356632
v 3.349907 13.651239 32.333717
v 3.381701 14.097500 32.310799
v 3.413494 14.543760 32.287880
v 5.304648 8.573005 20.355288
v 5.348897 9.081543 20.337910
v 5.393145 9.590081 20.320534
v 5.437393 10.098619 20.303156
v 5.481640 10.607158 20.285778
v 5.525888 11.115696 20.268402
v 5.570137 11.624233 20.251026
v -4.980642 8.573105 20.356125
v -5.013446 9.081654 20.338747
v -5.046250 9.590202 20.321369
v -5.079055 10.098750 20.303991
v -5.111859 10.607298 20.286613
v -5.144663 11.115847 20.269234
v -5.177467 11.624395 20.251854
v -2.960677 11.866201 32.425381
v -2.984248 12.312461 32.402466
v -3.007818 12.758720 32.379547
v -3.031389 13.204980 32.356632
v -3.054960 13.651239 32.333717
v -3.078530 14.097500 32.310799
v -3.102101 14.543760 32.287880
v -1.788687 11.866201 32.425381
v -1.801765 12.312461 32.402466
v -1.814842 12.758720 32.379547
v -1.827919 13.204980 32.356632
v -1.840996 13.651239 32.333717
v -1.854073 14.097500 32.310799
v -1.867150 14.543760 32.287880
v -3.031191 8.573086 20.355967
v -3.049391 9.081632 20.338589
v -3.067591 9.590178 20.321211
v -3.085791 10.098724 20.303833
v -3.103991 10.607271 20.286453
v -3.122191 11.115817 20.269075
v -3.140392 11.624363 20.251698
v 2.082788 11.866201 32.425381
v 2.104375 12.312461 32.402466
v 2.125962 12.758720 32.379547
v 2.147548 13.204980 32.356632
v 2.169135 13.651239 32.333717
v 2.190721 14.097500 32.310799
v 2.212308 14.543760 32.287880
v 3.408498 8.573023 20.355442
v 3.438541 9.081563 20.338064
v 3.468584 9.590103 20.320686
v 3.498627 10.098643 20.303308
v 3.528670 10.607183 20.285931
v 3.558713 11.115724 20.268553
v 3.588756 11.624264 20.251175
vt 0.847656 0.472656
vt 0.847656 0.472656
vt 0.847656 0.472656
vt 0.847656 0.472656
vt 0.847656 0.472656
vt 0.847656 0.472656
vt 0.847656 0.472656
vt 0.847656 0.472656
vt 0.847656 0.472656
vt 0.847656 0.472656
vt 0.847656 0.472656
vt 0.847656 0.472656
vt 0.847656 0.472656
vt 0.847656 0.472656
vt 0.847656 0.472656
vt 0.847656 0.472656
vt 0.847656 0.472656
vt 0.847656 0.472656
vt 0.847656 0.472656
vt 0.847656 0.472656
vt 0.847656 0.472656
vt 0.847656 0.472656
vt 0.847656 0.472656
vt 0.847656 0.472656
vt 0.847656 0.472656
vt 0.847656 0.472656
vt 0.847656 0.472656
vt 0.847656 0.472656
vt 0.847656 0.472656
vt 0.847656 0.472656
vt 0.847656 0.472656
vt 0.847656 0.472656
vt 0.847656 0.472656
vt 0.847656 0.472656
vt 0.847656 0.472656
vt 0.847656 0.472656
vt 0.847656 0.472656
vt 0.847656 0.472656
vt 0.847656 0.472656
vt 0.847656 0.472656
vt 0.847656 0.472656
vt 0.847656 0.472656
vt 0.847656 0.472656
vt 0.847656 0.472656
vt 0.847656 0.472656
vt 0.847656 0.472656
vt 0.847656 0.472656
vt 0.847656 0.472656
vt 0.847656 0.472656
vt 0.847656 0.472656
vt 0.847656 0.472656
vt 0.847656 0.472656
vt 0.847656 0.472656
vt 0.847656 0.472656
vt 0.847656 0.472656
vt 0.847656 0.472656
vt 0.847656 0.472656
vt 0.847656 0.472656
vt 0.847656 0.472656
vt 0.847656 0.472656
vt 0.847656 0.472656
vt 0.847656 0.472656
vt 0.847656 0.472656
vt 0.847656 0.472656
vt 0.847656 0.472656
vt 0.847656 0.472656
vt 0.847656 0.472656
vt 0.847656 0.472656
vt 0.847656 0.472656
vt 0.847656 0.472656
vt 0.847656 0.472656
vt 0.847656 0.472656
vt 0.847656 0.472656
vt 0.847656 0.472656
vt 0.847656 0.472656
vt 0.847656 0.472656
vt 0.847656 0.472656
vt 0.847656 0.472656
vt 0.847656 0.472656
vt 0.847656 0.472656
vt 0.847656 0.472656
vt 0.847656 0.472656
vt 0.847656 0.472656
vt 0.847656 0.472656
vt 0.847656 0.472656
vt 0.847656 0.472656
vt 0.847656 0.472656
vt 0.847656 0.472656
vt 0.847656 0.472656
vt 0.847656 0.472656
vt 0.847656 0.472656
vt 0.847656 0.472656
vt 0.847656 0.472656
vt 0.847656 0.472656
vt 0.847656 0.472656
vt 0.847656 0.472656
vt 0.847656 0.472656
vt 0.847656 0.472656
vt 0.847656 0.472656
vt 0.847656 0.472656
vt 0.847656 0.472656
vt 0.847656 0.472656
vt 0.847656 0.472656
vt 0.847656 0.472656
vt 0.847656 0.472656
vt 0.847656 0.472656
vt 0.847656 0.472656
vt 0.847656 0.472656
vt 0.847656 0.472656
vt 0.847656 0.472656
vt 0.847656 0.472656
vt 0.847656 0.472656
vt 0.472656 0.667969
vt 0.472656 0.667969
vt 0.472656 0.667969
vt 0.472656 0.667969
vt 0.847656 0.472656
vt 0.847656 0.472656
vt 0.847656 0.472656
vt 0.847656 0.472656
vt 0.484375 0.671875
vt 0.484375 0.671875
vt 0.484375 0.671875
vt 0.484375 0.671875
vt 0.847656 0.472656
vt 0.847656 0.472656
vt 0.847656 0.472656
vt 0.847656 0.472656
vt 0.472656 0.667969
vt 0.472656 0.667969
vt 0.472656 0.667969
vt 0.472656 0.667969
vt 0.847656 0.472656
vt 0.847656 0.472656
vt 0.847656 0.472656
vt 0.847656 0.472656
vt 0.847656 0.472656
vt 0.847656 0.472656
vt 0.847656 0.472656
vt 0.847656 0.472656
vt 0.847656 0.472656
vt 0.847656 0.472656
vt 0.847656 0.472656
vt 0.847656 0.472656
vt 0.847656 0.472656
vt 0.847656 0.472656
vt 0.847656 0.472656
vt 0.847656 0.472656
vt 0.847656 0.472656
vt 0.847656 0.472656
vt 0.847656 0.472656
vt 0.847656 0.472656
vt 0.847656 0.472656
vt 0.847656 0.472656
vt 0.847656 0.472656
vt 0.847656 0.472656
vt 0.847656 0.472656
vt 0.847656 0.472656
vt 0.847656 0.472656
vt 0.847656 0.472656
vt 0.847656 0.472656
vt 0.847656 0.472656
vt 0.847656 0.472656
vt 0.847656 0.472656
vt 0.847656 0.472656
vt 0.847656 0.472656
vt 0.847656 0.472656
vt 0.847656 0.472656
vt 0.847656 0.472656
vt 0.847656 0.472656
vt 0.847656 0.472656
vt 0.847656 0.472656
vt 0.847656 0.472656
vt 0.847656 0.472656
vt 0.847656 0.472656
vt 0.847656 0.472656
vt 0.847656 0.472656
vt 0.847656 0.472656
vt 0.847656 0.472656
vt 0.847656 0.472656
vt 0.847656 0.472656
vt 0.847656 0.472656
vt 0.847656 0.472656
vt 0.847656 0.472656
vt 0.847656 0.472656
vt 0.847656 0.472656
vt 0.847656 0.472656
vt 0.847656 0.472656
vt 0.960938 0.421875
vt 0.960938 0.421875
vt 0.960938 0.421875
vt 0.960938 0.421875
vt 0.847656 0.472656
vt 0.847656 0.472656
vt 0.847656 0.472656
vt 0.847656 0.472656
vt 0.847656 0.472656
vt 0.847656 0.472656
vt 0.847656 0.472656
vt 0.847656 0.472656
vt 0.847656 0.472656
vt 0.847656 0.472656
vt 0.847656 0.472656
vt 0.472656 0.664062
vt 0.472656 0.664062
vt 0.472656 0.664062
vt 0.472656 0.664062
vt 0.472656 0.664062
vt 0.472656 0.664062
vt 0.472656 0.664062
vt 0.472656 0.664062
vt 0.472656 0.664062
vt 0.472656 0.664062
vt 0.472656 0.664062
vt 0.472656 0.664062
vt 0.472656 0.664062
vt 0.472656 0.664062
vt 0.472656 0.664062
vt 0.472656 0.664062
vt 0.847656 0.472656
vt 0.847656 0.472656
vt 0.847656 0.472656
vt 0.847656 0.472656
vt 0.847656 0.472656
vt 0.847656 0.472656
vt 0.847656 0.472656
vt 0.847656 0.472656
vt 0.847656 0.472656
vt 0.847656 0.472656
vt 0.847656 0.472656
vt 0.847656 0.472656
vt 0.847656 0.472656
vt 0.847656 0.472656
vt 0.847656 0.472656
vt 0.847656 0.472656
vt 0.472656 0.664062
vt 0.472656 0.664062
vt 0.472656 0.664062
vt 0.472656 0.664062
vt 0.847656 0.472656
vt 0.847656 0.472656
vt 0.847656 0.472656
vt 0.847656 0.472656
vt 0.847656 0.472656
vt 0.847656 0.472656
vt 0.847656 0.472656
vt 0.847656 0.472656
vt 0.847656 0.472656
vt 0.847656 0.472656
vt 0.847656 0.472656
vt 0.847656 0.472656
vt 0.847656 0.472656
vt 0.847656 0.472656
vt 0.847656 0.472656
vt 0.847656 0.472656
vt 0.847656 0.472656
vt 0.847656 0.472656
vt 0.847656 0.472656
vt 0.847656 0.472656
vt 0.847656 0.472656
vt 0.847656 0.472656
vt 0.847656 0.472656
vt 0.847656 0.472656
vt 0.847656 0.472656
vt 0.847656 0.472656
vt 0.847656 0.472656
vt 0.847656 0.472656
vt 0.472656 0.664062
vt 0.472656 0.664062
vt 0.472656 0.664062
vt 0.472656 0.664063
vt 0.847656 0.472656
vt 0.847656 0.472656
vt 0.847656 0.472656
vt 0.847656 0.472656
vt 0.847656 0.472656
vt 0.847656 0.472656
vt 0.847656 0.472656
vt 0.847656 0.472656
vt 0.847656 0.472656
vt 0.847656 0.472656
vt 0.847656 0.472656
vt 0.847656 0.472656
vt 0.847656 0.472656
vt 0.847656 0.472656
vt 0.847656 0.472656
vt 0.847656 0.472656
vt 0.847656 0.472656
vt 0.847656 0.472656
vt 0.847656 0.472656
vt 0.847656 0.472656
vt 0.847656 0.472656
vt 0.847656 0.472656
vt 0.847656 0.472656
vt 0.847656 0.472656
vt 0.847656 0.472656
vt 0.847656 0.472656
vt 0.472656 0.664062
vt 0.472656 0.664062
vt 0.472656 0.664062
vt 0.472656 0.664062
vt 0.472656 0.664062
vt 0.472656 0.664062
vt 0.472656 0.664062
vt 0.472656 0.664062
vt 0.472656 0.664063
vt 0.472656 0.664062
vt 0.472656 0.664062
vt 0.472656 0.664063
vt 0.847656 0.472656
vt 0.847656 0.472656
vt 0.847656 0.472656
vt 0.847656 0.472656
vt 0.847656 0.472656
vt 0.847656 0.472656
vt 0.847656 0.472656
vt 0.847656 0.472656
vt 0.847656 0.472656
vt 0.847656 0.472656
vt 0.847656 0.472656
vt 0.847656 0.472656
vt 0.847656 0.472656
vt 0.847656 0.472656
vt 0.847656 0.472656
vt 0.847656 0.472656
vt 0.472656 0.664062
vt 0.472656 0.664062
vt 0.472656 0.664062
vt 0.472656 0.664062
vt 0.847656 0.472656
vt 0.847656 0.472656
vt 0.847656 0.472656
vt 0.847656 0.472656
vt 0.847656 0.472656
vt 0.847656 0.472656
vt 0.847656 0.472656
vt 0.847656 0.472656
vt 0.847656 0.472656
vt 0.847656 0.472656
vt 0.847656 0.472656
vt 0.847656 0.472656
vt 0.847656 0.472656
vt 0.847656 0.472656
vt 0.847656 0.472656
vt 0.847656 0.472656
vt 0.847656 0.472656
vt 0.847656 0.472656
vt 0.847656 0.472656
vt 0.847656 0.472656
vt 0.847656 0.472656
vt 0.847656 0.472656
vt 0.847656 0.472656
vt 0.847656 0.472656
vt 0.847656 0.472656
vt 0.847656 0.472656
vt 0.472656 0.664062
vt 0.472656 0.664062
vt 0.472656 0.664062
vt 0.472656 0.664062
vt 0.472656 0.664062
vt 0.472656 0.664062
vt 0.472656 0.664062
vt 0.472656 0.664062
vt 0.847656 0.472656
vt 0.847656 0.472656
vt 0.847656 0.472656
vt 0.847656 0.472656
vt 0.847656 0.472656
vt 0.847656 0.472656
vt 0.847656 0.472656
vt 0.847656 0.472656
vt 0.847656 0.472656
vt 0.847656 0.472656
vt 0.847656 0.472656
vt 0.847656 0.472656
vt 0.847656 0.472656
vt 0.472656 0.664062
vt 0.472656 0.664062
vt 0.472656 0.664062
vt 0.472656 0.664062
vt 0.472656 0.664062
vt 0.847656 0.472656
vt 0.847656 0.472656
vt 0.847656 0.472656
vt 0.847656 0.472656
vt 0.472656 0.664062
vt 0.472656 0.664062
vt 0.472656 0.664062
vt 0.847656 0.472656
vt 0.847656 0.472656
vt 0.847656 0.472656
vt 0.847656 0.472656
vt 0.847656 0.472656
vt 0.847656 0.472656
vt 0.847656 0.472656
vt 0.847656 0.472656
vt 0.847656 0.472656
vt 0.847656 0.472656
vt 0.847656 0.472656
vt 0.847656 0.472656
vt 0.847656 0.472656
vt 0.847656 0.472656
vt 0.847656 0.472656
vt 0.472656 0.664062
vt 0.472656 0.664062
vt 0.472656 0.664062
vt 0.472656 0.664062
vt 0.472656 0.664062
vt 0.472656 0.664062
vt 0.472656 0.664062
vt 0.472656 0.664062
vt 0.472656 0.664062
vt 0.472656 0.664062
vt 0.472656 0.664062
vt 0.472656 0.664062
vt 0.847656 0.472656
vt 0.847656 0.472656
vt 0.847656 0.472656
vt 0.847656 0.472656
vt 0.847656 0.472656
vt 0.847656 0.472656
vt 0.847656 0.472656
vt 0.847656 0.472656
vt 0.847656 0.472656
vt 0.847656 0.472656
vt 0.847656 0.472656
vt 0.472656 0.664062
vt 0.472656 0.664062
vt 0.472656 0.664062
vt 0.472656 0.664062
vt 0.472656 0.664062
vt 0.472656 0.664062
vt 0.472656 0.664062
vt 0.472656 0.664062
vt 0.472656 0.664062
vt 0.472656 0.664063
vt 0.472656 0.664062
vt 0.472656 0.664062
vt 0.472656 0.664062
vt 0.847656 0.472656
vt 0.847656 0.472656
vt 0.847656 0.472656
vt 0.847656 0.472656
vt 0.847656 0.472656
vt 0.847656 0.472656
vt 0.847656 0.472656
vt 0.472656 0.664062
vt 0.472656 0.664062
vt 0.472656 0.664062
vt 0.472656 0.664062
vt 0.472656 0.664062
vt 0.472656 0.664062
vt 0.472656 0.664062
vt 0.847656 0.472656
vt 0.472656 0.664062
vt 0.847656 0.472656
vt 0.472656 0.664062
vt 0.847656 0.472656
vt 0.847656 0.472656
vt 0.472656 0.664062
vt 0.472656 0.664062
vt 0.472656 0.664062
vt 0.472656 0.664062
vt 0.472656 0.664062
vt 0.472656 0.664062
vt 0.472656 0.664062
vt 0.847656 0.472656
vt 0.847656 0.472656
vt 0.847656 0.472656
vt 0.847656 0.472656
vt 0.847656 0.472656
vt 0.847656 0.472656
vt 0.847656 0.472656
vt 0.847656 0.472656
vt 0.847656 0.472656
vt 0.472656 0.664062
vt 0.472656 0.664062
vt 0.472656 0.664062
vt 0.472656 0.664062
vt 0.847656 0.472656
vt 0.847656 0.472656
vt 0.847656 0.472656
vt 0.847656 0.472656
vt 0.847656 0.472656
vt 0.847656 0.472656
vt 0.847656 0.472656
vt 0.847656 0.472656
vt 0.847656 0.472656
vt 0.847656 0.472656
vt 0.847656 0.472656
vt 0.847656 0.472656
vt 0.847656 0.472656
vt 0.847656 0.472656
vt 0.847656 0.472656
vt 0.847656 0.472656
vt 0.847656 0.472656
vt 0.847656 0.472656
vt 0.847656 0.472656
vt 0.847656 0.472656
vt 0.847656 0.472656
vt 0.847656 0.472656
vt 0.847656 0.472656
vt 0.847656 0.472656
vt 0.847656 0.472656
vt 0.847656 0.472656
vt 0.847656 0.472656
vt 0.847656 0.472656
vt 0.847656 0.472656
vt 0.847656 0.472656
vt 0.847656 0.472656
vt 0.847656 0.472656
vt 0.847656 0.472656
vt 0.847656 0.472656
vt 0.847656 0.472656
vt 0.847656 0.472656
vt 0.847656 0.472656
vt 0.847656 0.472656
vt 0.847656 0.472656
vt 0.847656 0.472656
vt 0.847656 0.472656
vt 0.847656 0.472656
vt 0.847656 0.472656
vt 0.847656 0.472656
vt 0.847656 0.472656
vt 0.847656 0.472656
vt 0.847656 0.472656
vt 0.847656 0.472656
vt 0.847656 0.472656
vt 0.847656 0.472656
vt 0.847656 0.472656
vt 0.847656 0.472656
vt 0.847656 0.472656
vt 0.847656 0.472656
vt 0.847656 0.472656
vt 0.847656 0.472656
vt 0.847656 0.472656
vt 0.847656 0.472656
vt 0.847656 0.472656
vt 0.847656 0.472656
vt 0.847656 0.472656
vt 0.847656 0.472656
vt 0.847656 0.472656
vt 0.847656 0.472656
vt 0.847656 0.472656
vt 0.847656 0.472656
vt 0.847656 0.472656
vt 0.847656 0.472656
vt 0.847656 0.472656
vt 0.847656 0.472656
vt 0.847656 0.472656
vt 0.847656 0.472656
vt 0.847656 0.472656
vt 0.847656 0.472656
vt 0.847656 0.472656
vt 0.847656 0.472656
vt 0.847656 0.472656
vt 0.472656 0.664062
vt 0.472656 0.664062
vt 0.472656 0.664062
vt 0.472656 0.664062
vt 0.472656 0.664062
vt 0.472656 0.664062
vt 0.472656 0.664062
vt 0.472656 0.664062
vt 0.472656 0.664062
vt 0.472656 0.664062
vt 0.472656 0.664062
vt 0.472656 0.664062
vt 0.472656 0.664062
vt 0.472656 0.664062
vt 0.847656 0.472656
vt 0.847656 0.472656
vt 0.847656 0.472656
vt 0.847656 0.472656
vt 0.847656 0.472656
vt 0.847656 0.472656
vt 0.847656 0.472656
vt 0.847656 0.472656
vt 0.847656 0.472656
vt 0.847656 0.472656
vt 0.847656 0.472656
vt 0.847656 0.472656
vt 0.472656 0.664062
vt 0.472656 0.664062
vt 0.472656 0.664062
vt 0.472656 0.664062
vt 0.472656 0.664062
vt 0.472656 0.664062
vt 0.472656 0.664062
vt 0.472656 0.664062
vt 0.472656 0.664062
vt 0.472656 0.664062
vt 0.472656 0.664062
vt 0.472656 0.664062
vt 0.472656 0.664062
vt 0.472656 0.664062
vt 0.847656 0.472656
vt 0.847656 0.472656
vt 0.472656 0.664062
vt 0.847656 0.472656
vt 0.847656 0.472656
vt 0.847656 0.472656
vt 0.847656 0.472656
vt 0.847656 0.472656
vt 0.847656 0.472656
vt 0.847656 0.472656
vt 0.472656 0.664062
vt 0.472656 0.664062
vt 0.472656 0.664063
vt 0.472656 0.664062
vt 0.472656 0.664062
vt 0.472656 0.664062
vt 0.472656 0.664062
vt 0.472656 0.664062
vt 0.472656 0.664062
vt 0.472656 0.664062
vt 0.472656 0.664062
vt 0.472656 0.664062
vt 0.847656 0.472656
vt 0.847656 0.472656
vt 0.847656 0.472656
vt 0.847656 0.472656
vt 0.847656 0.472656
vt 0.847656 0.472656
vt 0.847656 0.472656
vt 0.847656 0.472656
vt 0.847656 0.472656
vt 0.847656 0.472656
vt 0.847656 0.472656
vt 0.847656 0.472656
vt 0.847656 0.472656
vt 0.847656 0.472656
vt 0.847656 0.472656
vt 0.847656 0.472656
vt 0.847656 0.472656
vt 0.847656 0.472656
vt 0.847656 0.472656
vt 0.847656 0.472656
vt 0.847656 0.472656
vt 0.847656 0.472656
vt 0.847656 0.472656
vt 0.847656 0.472656
vt 0.847656 0.472656
vt 0.847656 0.472656
vt 0.847656 0.472656
vt 0.847656 0.472656
vt 0.847656 0.472656
vt 0.847656 0.472656
vt 0.847656 0.472656
vt 0.847656 0.472656
vt 0.847656 0.472656
vt 0.847656 0.472656
vt 0.847656 0.472656
vt 0.847656 0.472656
vt 0.847656 0.472656
vt 0.847656 0.472656
vt 0.847656 0.472656
vt 0.847656 0.472656
vt 0.847656 0.472656
vt 0.847656 0.472656
vt 0.847656 0.472656
vt 0.472656 0.664062
vt 0.472656 0.664062
vt 0.472656 0.664062
vt 0.472656 0.664063
vt 0.472656 0.664062
vt 0.472656 0.664062
vt 0.472656 0.664062
vt 0.472656 0.664062
vt 0.472656 0.664062
vt 0.472656 0.664062
vt 0.847656 0.472656
vt 0.847656 0.472656
vt 0.847656 0.472656
vt 0.472656 0.664062
vt 0.472656 0.664062
vt 0.847656 0.472656
vt 0.847656 0.472656
vt 0.847656 0.472656
vt 0.847656 0.472656
vt 0.472656 0.664062
vt 0.472656 0.664062
vt 0.472656 0.664062
vt 0.472656 0.664062
vt 0.472656 0.664062
vt 0.847656 0.472656
vt 0.847656 0.472656
vt 0.847656 0.472656
vt 0.847656 0.472656
vt 0.847656 0.472656
vt 0.847656 0.472656
vt 0.847656 0.472656
vt 0.847656 0.472656
vt 0.847656 0.472656
vt 0.847656 0.472656
vt 0.847656 0.472656
vt 0.847656 0.472656
vt 0.847656 0.472656
vt 0.847656 0.472656
vt 0.847656 0.472656
vt 0.847656 0.472656
vt 0.847656 0.472656
vt 0.847656 0.472656
vt 0.847656 0.472656
vt 0.847656 0.472656
vt 0.847656 0.472656
vt 0.847656 0.472656
vt 0.847656 0.472656
vt 0.847656 0.472656
vt 0.847656 0.472656
vt 0.847656 0.472656
vt 0.847656 0.472656
vt 0.847656 0.472656
vt 0.847656 0.472656
vt 0.847656 0.472656
vt 0.847656 0.472656
vt 0.847656 0.472656
vt 0.847656 0.472656
vt 0.847656 0.472656
vt 0.847656 0.472656
vt 0.847656 0.472656
vt 0.847656 0.472656
vt 0.847656 0.472656
vt 0.847656 0.472656
vt 0.847656 0.472656
vt 0.847656 0.472656
vt 0.847656 0.472656
vt 0.847656 0.472656
vt 0.847656 0.472656
vt 0.847656 0.472656
vt 0.847656 0.472656
vt 0.847656 0.472656
vt 0.847656 0.472656
vt 0.847656 0.472656
vt 0.847656 0.472656
vt 0.847656 0.472656
vt 0.847656 0.472656
vt 0.847656 0.472656
vt 0.847656 0.472656
vt 0.847656 0.472656
vt 0.847656 0.472656
vt 0.847656 0.472656
vt 0.847656 0.472656
vt 0.847656 0.472656
vt 0.847656 0.472656
vt 0.847656 0.472656
vt 0.847656 0.472656
vt 0.847656 0.472656
vt 0.847656 0.472656
vt 0.847656 0.472656
vt 0.847656 0.472656
vt 0.847656 0.472656
vt 0.847656 0.472656
vt 0.472656 0.664062
vt 0.472656 0.664062
vt 0.472656 0.664062
vt 0.472656 0.664062
vt 0.847656 0.472656
vt 0.472656 0.664062
vt 0.472656 0.664062
vt 0.472656 0.664062
vt 0.472656 0.664062
vt 0.472656 0.664063
vt 0.472656 0.664062
vt 0.472656 0.664062
vt 0.472656 0.664062
vt 0.472656 0.664062
vt 0.472656 0.664062
vt 0.472656 0.664062
vt 0.472656 0.664062
vt 0.472656 0.664062
vt 0.472656 0.664062
vt 0.472656 0.664062
vt 0.472656 0.664062
vt 0.472656 0.664063
vt 0.472656 0.664062
vt 0.472656 0.664062
vt 0.472656 0.664062
vt 0.472656 0.664062
vt 0.472656 0.664063
vt 0.472656 0.664062
vt 0.472656 0.664062
vt 0.472656 0.664062
vt 0.472656 0.664062
vt 0.472656 0.664062
vt 0.472656 0.664062
vt 0.472656 0.664062
vt 0.472656 0.664062
vt 0.472656 0.664062
vt 0.472656 0.664062
vt 0.472656 0.664062
vt 0.472656 0.664062
vt 0.847656 0.472656
vt 0.847656 0.472656
vt 0.472656 0.664062
vt 0.847656 0.472656
vt 0.847656 0.472656
vt 0.472656 0.664062
vt 0.472656 0.664062
vt 0.847656 0.472656
vt 0.847656 0.472656
vt 0.847656 0.472656
vt 0.847656 0.472656
vt 0.847656 0.472656
vt 0.847656 0.472656
vt 0.472656 0.664062
vt 0.472656 0.664062
vt 0.472656 0.664062
vt 0.472656 0.664062
vt 0.472656 0.664062
vt 0.472656 0.664062
vt 0.847656 0.472656
vt 0.847656 0.472656
vt 0.847656 0.472656
vt 0.847656 0.472656
vt 0.847656 0.472656
vt 0.847656 0.472656
vt 0.847656 0.472656
vt 0.847656 0.472656
vt 0.472656 0.664063
vt 0.472656 0.664062
vt 0.472656 0.664062
vt 0.847656 0.472656
vt 0.847656 0.472656
vt 0.847656 0.472656
vt 0.847656 0.472656
vt 0.847656 0.472656
vt 0.847656 0.472656
vt 0.847656 0.472656
vt 0.847656 0.472656
vt 0.847656 0.472656
vt 0.847656 0.472656
vt 0.847656 0.472656
vt 0.847656 0.472656
vt 0.847656 0.472656
vt 0.847656 0.472656
vt 0.847656 0.472656
vt 0.847656 0.472656
vt 0.847656 0.472656
vt 0.847656 0.472656
vt 0.847656 0.472656
vt 0.847656 0.472656
vt 0.847656 0.472656
vt 0.847656 0.472656
vt 0.847656 0.472656
vt 0.847656 0.472656
vt 0.847656 0.472656
vt 0.847656 0.472656
vt 0.847656 0.472656
vt 0.847656 0.472656
vt 0.847656 0.472656
vt 0.847656 0.472656
vt 0.847656 0.472656
vt 0.847656 0.472656
vt 0.847656 0.472656
vt 0.847656 0.472656
vt 0.847656 0.472656
vt 0.847656 0.472656
vt 0.847656 0.472656
vt 0.847656 0.472656
vt 0.847656 0.472656
vt 0.847656 0.472656
vt 0.847656 0.472656
vt 0.847656 0.472656
vt 0.847656 0.472656
vt 0.847656 0.472656
vt 0.847656 0.472656
vt 0.847656 0.472656
vt 0.847656 0.472656
vt 0.847656 0.472656
vt 0.847656 0.472656
vt 0.847656 0.472656
vt 0.847656 0.472656
vt 0.847656 0.472656
vt 0.847656 0.472656
vt 0.847656 0.472656
vt 0.847656 0.472656
vt 0.847656 0.472656
vt 0.847656 0.472656
vt 0.847656 0.472656
vt 0.847656 0.472656
vt 0.847656 0.472656
vt 0.847656 0.472656
vt 0.847656 0.472656
vt 0.847656 0.472656
vt 0.847656 0.472656
vt 0.847656 0.472656
vt 0.847656 0.472656
vt 0.847656 0.472656
vt 0.847656 0.472656
vt 0.847656 0.472656
vt 0.847656 0.472656
vt 0.847656 0.472656
vt 0.847656 0.472656
vt 0.847656 0.472656
vt 0.847656 0.472656
vt 0.847656 0.472656
vt 0.847656 0.472656
vt 0.847656 0.472656
vt 0.847656 0.472656
vt 0.847656 0.472656
vt 0.847656 0.472656
vt 0.847656 0.472656
vt 0.847656 0.472656
vt 0.847656 0.472656
vt 0.847656 0.472656
vt 0.847656 0.472656
vt 0.847656 0.472656
vt 0.847656 0.472656
vt 0.847656 0.472656
vt 0.847656 0.472656
vt 0.472656 0.664062
vt 0.472656 0.664062
vt 0.472656 0.664062
vt 0.472656 0.664062
vt 0.472656 0.664062
vt 0.472656 0.664062
vt 0.472656 0.664062
vt 0.472656 0.664062
vt 0.472656 0.664062
vt 0.472656 0.664062
vt 0.472656 0.664063
vt 0.472656 0.664062
vt 0.472656 0.664062
vt 0.472656 0.664062
vt 0.472656 0.664062
vt 0.472656 0.664062
vt 0.472656 0.664062
vt 0.472656 0.664062
vt 0.472656 0.664062
vt 0.472656 0.664063
vt 0.472656 0.664062
vt 0.472656 0.664062
vt 0.472656 0.664062
vt 0.472656 0.664062
vt 0.472656 0.664062
vt 0.472656 0.664062
vt 0.472656 0.664062
vt 0.472656 0.664062
vt 0.472656 0.664062
vt 0.472656 0.664062
vt 0.472656 0.664062
vt 0.472656 0.664062
vt 0.472656 0.664062
vt 0.472656 0.664062
vt 0.472656 0.664062
vt 0.472656 0.664062
vt 0.472656 0.664062
vt 0.472656 0.664063
vt 0.472656 0.664062
vt 0.472656 0.664062
vt 0.472656 0.664062
vt 0.472656 0.664062
vt 0.472656 0.664062
vt 0.472656 0.664062
vt 0.472656 0.664062
vt 0.847656 0.472656
vt 0.847656 0.472656
vt 0.847656 0.472656
vt 0.847656 0.472656
vt 0.847656 0.472656
vt 0.847656 0.472656
vt 0.847656 0.472656
vt 0.847656 0.472656
vt 0.847656 0.472656
vt 0.847656 0.472656
vt 0.847656 0.472656
vt 0.847656 0.472656
vt 0.847656 0.472656
vt 0.847656 0.472656
vt 0.847656 0.472656
vt 0.847656 0.472656
vt 0.847656 0.472656
vt 0.847656 0.472656
vt 0.847656 0.472656
vt 0.847656 0.472656
vt 0.847656 0.472656
vt 0.847656 0.472656
vt 0.847656 0.472656
vt 0.847656 0.472656
vt 0.847656 0.472656
vt 0.847656 0.472656
vt 0.847656 0.472656
vt 0.847656 0.472656
vt 0.847656 0.472656
vt 0.847656 0.472656
vt 0.847656 0.472656
vt 0.847656 0.472656
vt 0.847656 0.472656
vt 0.847656 0.472656
vt 0.847656 0.472656
vt 0.847656 0.472656
vt 0.847656 0.472656
vt 0.847656 0.472656
vt 0.847656 0.472656
vt 0.847656 0.472656
vt 0.847656 0.472656
vt 0.847656 0.472656
vt 0.847656 0.472656
vt 0.847656 0.472656
vt 0.847656 0.472656
vt 0.847656 0.472656
vt 0.847656 0.472656
vt 0.472656 0.664062
vt 0.472656 0.664062
vt 0.472656 0.664063
vt 0.472656 0.664062
vt 0.472656 0.664062
vt 0.472656 0.664062
vt 0.472656 0.664062
vt 0.472656 0.664062
vt 0.472656 0.664062
vt 0.472656 0.664062
vt 0.472656 0.664062
vt 0.472656 0.664062
vt 0.472656 0.664062
vt 0.472656 0.664062
vt 0.472656 0.664062
vt 0.472656 0.664062
vt 0.472656 0.664063
vt 0.472656 0.664062
vt 0.847656 0.472656
vt 0.847656 0.472656
vt 0.847656 0.472656
vt 0.847656 0.472656
vt 0.847656 0.472656
vt 0.847656 0.472656
vt 0.847656 0.472656
vt 0.847656 0.472656
vt 0.847656 0.472656
vt 0.847656 0.472656
vt 0.847656 0.472656
vt 0.847656 0.472656
vt 0.847656 0.472656
vt 0.847656 0.472656
vt 0.847656 0.472656
vt 0.847656 0.472656
vt 0.847656 0.472656
vt 0.847656 0.472656
vt 0.847656 0.472656
vt 0.847656 0.472656
vt 0.847656 0.472656
vt 0.847656 0.472656
vt 0.847656 0.472656
vt 0.847656 0.472656
vt 0.847656 0.472656
vt 0.847656 0.472656
vt 0.472656 0.664062
vt 0.472656 0.664063
vt 0.472656 0.664062
vt 0.472656 0.664062
vt 0.472656 0.664062
vt 0.472656 0.664062
vt 0.472656 0.664062
vt 0.472656 0.664062
vt 0.472656 0.664062
vt 0.472656 0.664062
vt 0.472656 0.664062
vt 0.472656 0.664062
vt 0.472656 0.664062
vt 0.472656 0.664062
vt 0.472656 0.664062
vt 0.472656 0.664062
vt 0.472656 0.664062
vt 0.472656 0.664062
vt 0.472656 0.664063
vt 0.472656 0.664063
vt 0.472656 0.664063
vt 0.472656 0.664062
vt 0.472656 0.664062
vt 0.472656 0.664063
vt 0.472656 0.664062
vt 0.472656 0.664062
vt 0.472656 0.664062
vt 0.472656 0.664062
vt 0.472656 0.664062
vt 0.472656 0.664062
vt 0.472656 0.664062
vt 0.472656 0.664062
vt 0.472656 0.664062
vt 0.472656 0.664062
vt 0.472656 0.664062
vt 0.472656 0.664062
vt 0.472656 0.664062
vt 0.472656 0.664062
vt 0.472656 0.664062
vt 0.472656 0.664062
vt 0.472656 0.664062
vt 0.472656 0.664062
vt 0.472656 0.664062
vt 0.847656 0.472656
vt 0.847656 0.472656
vt 0.847656 0.472656
vt 0.847656 0.472656
vt 0.847656 0.472656
vt 0.847656 0.472656
vt 0.847656 0.472656
vt 0.847656 0.472656
vt 0.847656 0.472656
vt 0.847656 0.472656
vt 0.847656 0.472656
vt 0.847656 0.472656
vt 0.847656 0.472656
vt 0.847656 0.472656
vt 0.847656 0.472656
vt 0.847656 0.472656
vt 0.847656 0.472656
vt 0.847656 0.472656
vt 0.847656 0.472656
vt 0.847656 0.472656
vt 0.847656 0.472656
vt 0.847656 0.472656
vt 0.847656 0.472656
vt 0.847656 0.472656
vt 0.847656 0.472656
vt 0.847656 0.472656
vt 0.847656 0.472656
vt 0.847656 0.472656
vt 0.847656 0.472656
vt 0.847656 0.472656
vt 0.847656 0.472656
vt 0.847656 0.472656
vt 0.847656 0.472656
vt 0.847656 0.472656
vt 0.847656 0.472656
vt 0.847656 0.472656
vt 0.847656 0.472656
vt 0.847656 0.472656
vt 0.847656 0.472656
vt 0.847656 0.472656
vt 0.847656 0.472656
vt 0.847656 0.472656
vt 0.847656 0.472656
vt 0.847656 0.472656
vt 0.847656 0.472656
vt 0.847656 0.472656
vt 0.847656 0.472656
vt 0.847656 0.472656
vt 0.847656 0.472656
vt 0.847656 0.472656
vt 0.847656 0.472656
vt 0.847656 0.472656
vt 0.847656 0.472656
vt 0.847656 0.472656
vt 0.847656 0.472656
vt 0.847656 0.472656
vt 0.847656 0.472656
vt 0.847656 0.472656
vt 0.847656 0.472656
vt 0.847656 0.472656
vt 0.847656 0.472656
vt 0.847656 0.472656
vt 0.847656 0.472656
vt 0.847656 0.472656
vt 0.847656 0.472656
vt 0.847656 0.472656
vt 0.847656 0.472656
vt 0.847656 0.472656
vt 0.847656 0.472656
vt 0.847656 0.472656
vt 0.847656 0.472656
vt 0.847656 0.472656
vt 0.847656 0.472656
vt 0.847656 0.472656
vt 0.847656 0.472656
vt 0.847656 0.472656
vt 0.847656 0.472656
vt 0.847656 0.472656
vt 0.847656 0.472656
vt 0.847656 0.472656
vt 0.847656 0.472656
vt 0.847656 0.472656
vt 0.847656 0.472656
vt 0.847656 0.472656
vt 0.847656 0.472656
vt 0.847656 0.472656
vt 0.847656 0.472656
vt 0.847656 0.472656
vt 0.847656 0.472656
vt 0.847656 0.472656
vt 0.847656 0.472656
vt 0.847656 0.472656
vt 0.847656 0.472656
vt 0.847656 0.472656
vt 0.847656 0.472656
vt 0.847656 0.472656
vt 0.847656 0.472656
vt 0.847656 0.472656
vt 0.847656 0.472656
vt 0.847656 0.472656
vt 0.847656 0.472656
vt 0.847656 0.472656
vt 0.847656 0.472656
vt 0.847656 0.472656
vt 0.847656 0.472656
vt 0.847656 0.472656
vt 0.847656 0.472656
vt 0.847656 0.472656
vt 0.847656 0.472656
vt 0.847656 0.472656
vt 0.847656 0.472656
vt 0.847656 0.472656
vt 0.847656 0.472656
vt 0.847656 0.472656
vt 0.847656 0.472656
vt 0.847656 0.472656
vt 0.847656 0.472656
vt 0.847656 0.472656
vt 0.847656 0.472656
vt 0.847656 0.472656
vt 0.847656 0.472656
vt 0.847656 0.472656
vt 0.847656 0.472656
vt 0.847656 0.472656
vt 0.847656 0.472656
vt 0.847656 0.472656
vt 0.847656 0.472656
vt 0.847656 0.472656
vt 0.847656 0.472656
vt 0.847656 0.472656
vt 0.847656 0.472656
vt 0.847656 0.472656
vt 0.847656 0.472656
vt 0.847656 0.472656
vt 0.847656 0.472656
vt 0.847656 0.472656
vt 0.847656 0.472656
vt 0.847656 0.472656
vt 0.847656 0.472656
vt 0.847656 0.472656
vt 0.847656 0.472656
vt 0.847656 0.472656
vt 0.847656 0.472656
vt 0.847656 0.472656
vt 0.847656 0.472656
vt 0.847656 0.472656
vt 0.847656 0.472656
vt 0.847656 0.472656
vt 0.847656 0.472656
vt 0.847656 0.472656
vt 0.847656 0.472656
vt 0.847656 0.472656
vt 0.847656 0.472656
vt 0.847656 0.472656
vt 0.847656 0.472656
vt 0.847656 0.472656
vt 0.847656 0.472656
vt 0.847656 0.472656
vt 0.847656 0.472656
vt 0.847656 0.472656
vt 0.472656 0.664062
vt 0.472656 0.664062
vt 0.472656 0.664062
vt 0.472656 0.664062
vt 0.472656 0.664062
vt 0.472656 0.664062
vt 0.472656 0.664062
vt 0.472656 0.664062
vt 0.472656 0.664062
vt 0.847656 0.472656
vt 0.847656 0.472656
vt 0.847656 0.472656
vt 0.847656 0.472656
vt 0.847656 0.472656
vt 0.847656 0.472656
vt 0.847656 0.472656
vt 0.847656 0.472656
vt 0.847656 0.472656
vt 0.847656 0.472656
vt 0.847656 0.472656
vt 0.847656 0.472656
vt 0.847656 0.472656
vt 0.847656 0.472656
vt 0.847656 0.472656
vt 0.847656 0.472656
vt 0.847656 0.472656
vt 0.847656 0.472656
vt 0.847656 0.472656
vt 0.847656 0.472656
vt 0.847656 0.472656
vt 0.847656 0.472656
vt 0.847656 0.472656
vt 0.847656 0.472656
vt 0.847656 0.472656
vt 0.847656 0.472656
vt 0.847656 0.472656
vt 0.847656 0.472656
vt 0.847656 0.472656
vt 0.847656 0.472656
vt 0.847656 0.472656
vt 0.847656 0.472656
vt 0.847656 0.472656
vt 0.847656 0.472656
vt 0.847656 0.472656
vt 0.847656 0.472656
vt 0.847656 0.472656
vt 0.847656 0.472656
vt 0.847656 0.472656
vt 0.847656 0.472656
vt 0.847656 0.472656
vt 0.847656 0.472656
vt 0.847656 0.472656
vt 0.960938 0.421875
vt 0.960938 0.421875
vt 0.960938 0.421875
vt 0.960938 0.421875
vt 0.960938 0.421875
vt 0.960938 0.421875
vt 0.960938 0.421875
vt 0.960938 0.421875
vt 0.960938 0.421875
vt 0.960938 0.421875
vt 0.960938 0.421875
vt 0.960938 0.421875
vt 0.960938 0.421875
vt 0.960938 0.421875
vt 0.960938 0.421875
vt 0.960938 0.421875
vt 0.960938 0.421875
vt 0.960938 0.421875
vt 0.960938 0.421875
vt 0.960938 0.421875
vt 0.960938 0.421875
vt 0.960938 0.421875
vt 0.960938 0.421875
vt 0.960938 0.421875
vt 0.847656 0.472656
vt 0.847656 0.472656
vt 0.847656 0.472656
vt 0.847656 0.472656
vt 0.847656 0.472656
vt 0.847656 0.472656
vt 0.847656 0.472656
vt 0.847656 0.472656
vt 0.847656 0.472656
vt 0.847656 0.472656
vt 0.847656 0.472656
vt 0.847656 0.472656
vt 0.847656 0.472656
vt 0.847656 0.472656
vt 0.847656 0.472656
vt 0.847656 0.472656
vt 0.847656 0.472656
vt 0.847656 0.472656
vt 0.847656 0.472656
vt 0.847656 0.472656
vt 0.847656 0.472656
vt 0.847656 0.472656
vt 0.847656 0.472656
vt 0.847656 0.472656
vt 0.847656 0.472656
vt 0.847656 0.472656
vt 0.847656 0.472656
vt 0.847656 0.472656
vt 0.847656 0.472656
vt 0.847656 0.472656
vt 0.847656 0.472656
vt 0.847656 0.472656
vt 0.847656 0.472656
vt 0.847656 0.472656
vt 0.847656 0.472656
vt 0.847656 0.472656
vt 0.847656 0.472656
vt 0.847656 0.472656
vt 0.847656 0.472656
vt 0.847656 0.472656
vt 0.847656 0.472656
vt 0.847656 0.472656
vt 0.847656 0.472656
vt 0.847656 0.472656
vt 0.847656 0.472656
vt 0.847656 0.472656
vt 0.847656 0.472656
vt 0.847656 0.472656
vt 0.847656 0.472656
vt 0.847656 0.472656
vt 0.847656 0.472656
vt 0.847656 0.472656
vt 0.847656 0.472656
vt 0.847656 0.472656
vt 0.847656 0.472656
vt 0.847656 0.472656
vt 0.847656 0.472656
vt 0.847656 0.472656
vt 0.847656 0.472656
vt 0.847656 0.472656
vt 0.847656 0.472656
vt 0.847656 0.472656
vt 0.847656 0.472656
vt 0.847656 0.472656
vt 0.847656 0.472656
vt 0.847656 0.472656
vt 0.847656 0.472656
vt 0.847656 0.472656
vt 0.847656 0.472656
vt 0.847656 0.472656
vt 0.847656 0.472656
vt 0.847656 0.472656
vt 0.847656 0.472656
vt 0.847656 0.472656
vt 0.847656 0.472656
vt 0.847656 0.472656
vt 0.847656 0.472656
vt 0.847656 0.472656
vt 0.847656 0.472656
vt 0.847656 0.472656
vt 0.847656 0.472656
vt 0.847656 0.472656
vt 0.847656 0.472656
vt 0.847656 0.472656
vt 0.847656 0.472656
vt 0.847656 0.472656
vt 0.847656 0.472656
vt 0.847656 0.472656
vt 0.472656 0.667969
vt 0.472656 0.667969
vt 0.472656 0.667969
vt 0.472656 0.667969
vt 0.472656 0.667969
vt 0.472656 0.667969
vt 0.472656 0.667969
vt 0.472656 0.667969
vt 0.472656 0.667969
vt 0.472656 0.667969
vt 0.472656 0.667969
vt 0.472656 0.667969
vt 0.472656 0.667969
vt 0.472656 0.667969
vt 0.472656 0.667969
vt 0.472656 0.667969
vt 0.472656 0.667969
vt 0.472656 0.667969
vt 0.847656 0.472656
vt 0.847656 0.472656
vt 0.847656 0.472656
vt 0.847656 0.472656
vt 0.847656 0.472656
vt 0.847656 0.472656
vt 0.847656 0.472656
vt 0.847656 0.472656
vt 0.847656 0.472656
vt 0.847656 0.472656
vt 0.847656 0.472656
vt 0.847656 0.472656
vt 0.847656 0.472656
vt 0.847656 0.472656
vt 0.847656 0.472656
vt 0.847656 0.472656
vt 0.847656 0.472656
vt 0.847656 0.472656
vt 0.847656 0.472656
vt 0.847656 0.472656
vt 0.847656 0.472656
vt 0.847656 0.472656
vt 0.847656 0.472656
vt 0.847656 0.472656
vt 0.847656 0.472656
vt 0.847656 0.472656
vt 0.847656 0.472656
vt 0.847656 0.472656
vt 0.847656 0.472656
vt 0.847656 0.472656
vt 0.847656 0.472656
vt 0.847656 0.472656
vt 0.847656 0.472656
vt 0.847656 0.472656
vt 0.847656 0.472656
vt 0.847656 0.472656
vt 0.847656 0.472656
vt 0.847656 0.472656
vt 0.847656 0.472656
vt 0.847656 0.472656
vt 0.847656 0.472656
vt 0.847656 0.472656
vt 0.847656 0.472656
vt 0.847656 0.472656
vt 0.847656 0.472656
vt 0.847656 0.472656
vt 0.847656 0.472656
vt 0.847656 0.472656
vt 0.847656 0.472656
vt 0.847656 0.472656
vt 0.847656 0.472656
vt 0.847656 0.472656
vt 0.847656 0.472656
vt 0.847656 0.472656
vt 0.847656 0.472656
vt 0.847656 0.472656
vt 0.847656 0.472656
vt 0.847656 0.472656
vt 0.847656 0.472656
vt 0.847656 0.472656
vt 0.847656 0.472656
vt 0.847656 0.472656
vt 0.847656 0.472656
vt 0.847656 0.472656
vt 0.847656 0.472656
vt 0.847656 0.472656
vt 0.847656 0.472656
vt 0.847656 0.472656
vt 0.847656 0.472656
vt 0.847656 0.472656
vt 0.847656 0.472656
vt 0.847656 0.472656
vt 0.847656 0.472656
vt 0.847656 0.472656
vt 0.847656 0.472656
vt 0.847656 0.472656
vt 0.847656 0.472656
vt 0.847656 0.472656
vt 0.847656 0.472656
vt 0.847656 0.472656
vt 0.847656 0.472656
vt 0.847656 0.472656
vt 0.847656 0.472656
vt 0.847656 0.472656
vt 0.847656 0.472656
vt 0.847656 0.472656
vt 0.847656 0.472656
vt 0.847656 0.472656
vt 0.847656 0.472656
vt 0.847656 0.472656
vt 0.847656 0.472656
vt 0.847656 0.472656
vt 0.847656 0.472656
vt 0.847656 0.472656
vt 0.847656 0.472656
vt 0.847656 0.472656
vt 0.847656 0.472656
vt 0.847656 0.472656
vt 0.847656 0.472656
vt 0.847656 0.472656
vt 0.847656 0.472656
vt 0.847656 0.472656
vt 0.847656 0.472656
vt 0.847656 0.472656
vt 0.847656 0.472656
vt 0.847656 0.472656
vt 0.847656 0.472656
vt 0.847656 0.472656
vt 0.847656 0.472656
vt 0.847656 0.472656
vt 0.847656 0.472656
vt 0.847656 0.472656
vt 0.847656 0.472656
vt 0.847656 0.472656
vt 0.847656 0.472656
vt 0.847656 0.472656
vt 0.847656 0.472656
vt 0.847656 0.472656
vt 0.847656 0.472656
vt 0.847656 0.472656
vt 0.847656 0.472656
vt 0.847656 0.472656
vt 0.847656 0.472656
vt 0.847656 0.472656
vt 0.847656 0.472656
vt 0.847656 0.472656
vt 0.847656 0.472656
vt 0.847656 0.472656
vt 0.847656 0.472656
vt 0.847656 0.472656
vt 0.847656 0.472656
vt 0.847656 0.472656
vt 0.847656 0.472656
vt 0.847656 0.472656
vt 0.847656 0.472656
vt 0.847656 0.472656
vt 0.847656 0.472656
vt 0.847656 0.472656
vt 0.847656 0.472656
vt 0.847656 0.472656
vt 0.847656 0.472656
vt 0.847656 0.472656
vt 0.847656 0.472656
vt 0.847656 0.472656
vt 0.847656 0.472656
vt 0.847656 0.472656
vt 0.847656 0.472656
vt 0.847656 0.472656
vt 0.847656 0.472656
vt 0.847656 0.472656
vt 0.847656 0.472656
vt 0.847656 0.472656
vt 0.847656 0.472656
vt 0.847656 0.472656
vt 0.847656 0.472656
vt 0.847656 0.472656
vt 0.847656 0.472656
vt 0.847656 0.472656
vt 0.847656 0.472656
vt 0.847656 0.472656
vt 0.847656 0.472656
vt 0.847656 0.472656
vt 0.847656 0.472656
vt 0.847656 0.472656
vt 0.847656 0.472656
vt 0.847656 0.472656
vt 0.847656 0.472656
vt 0.847656 0.472656
vt 0.847656 0.472656
vt 0.847656 0.472656
vt 0.847656 0.472656
vt 0.847656 0.472656
vt 0.847656 0.472656
vt 0.847656 0.472656
vt 0.847656 0.472656
vt 0.847656 0.472656
vt 0.847656 0.472656
vt 0.847656 0.472656
vt 0.847656 0.472656
vt 0.847656 0.472656
vt 0.847656 0.472656
vt 0.847656 0.472656
vt 0.847656 0.472656
vt 0.847656 0.472656
vt 0.847656 0.472656
vt 0.847656 0.472656
vt 0.847656 0.472656
vt 0.847656 0.472656
vt 0.847656 0.472656
vt 0.847656 0.472656
vt 0.847656 0.472656
vt 0.847656 0.472656
vt 0.847656 0.472656
vt 0.847656 0.472656
vt 0.847656 0.472656
vt 0.847656 0.472656
vt 0.847656 0.472656
vt 0.847656 0.472656
vt 0.847656 0.472656
vt 0.847656 0.472656
vt 0.847656 0.472656
vt 0.847656 0.472656
vt 0.847656 0.472656
vt 0.847656 0.472656
vt 0.847656 0.472656
vt 0.847656 0.472656
vt 0.847656 0.472656
vt 0.847656 0.472656
vt 0.847656 0.472656
vt 0.847656 0.472656
vt 0.847656 0.472656
vt 0.847656 0.472656
vt 0.847656 0.472656
vt 0.847656 0.472656
vt 0.847656 0.472656
vt 0.847656 0.472656
vt 0.847656 0.472656
vt 0.847656 0.472656
vt 0.847656 0.472656
vt 0.847656 0.472656
vt 0.847656 0.472656
vt 0.847656 0.472656
vt 0.847656 0.472656
vt 0.847656 0.472656
vt 0.847656 0.472656
vt 0.847656 0.472656
vt 0.847656 0.472656
vt 0.847656 0.472656
vt 0.847656 0.472656
vt 0.847656 0.472656
vt 0.847656 0.472656
vt 0.847656 0.472656
vt 0.847656 0.472656
vt 0.847656 0.472656
vt 0.847656 0.472656
vt 0.847656 0.472656
vt 0.847656 0.472656
vt 0.847656 0.472656
vt 0.847656 0.472656
vt 0.847656 0.472656
vt 0.847656 0.472656
vt 0.847656 0.472656
vt 0.847656 0.472656
vt 0.847656 0.472656
vt 0.847656 0.472656
vt 0.847656 0.472656
vt 0.847656 0.472656
vt 0.847656 0.472656
vt 0.847656 0.472656
vt 0.847656 0.472656
vt 0.847656 0.472656
vt 0.847656 0.472656
vt 0.847656 0.472656
vt 0.847656 0.472656
vt 0.847656 0.472656
vt 0.847656 0.472656
vt 0.847656 0.472656
vt 0.847656 0.472656
vt 0.847656 0.472656
vt 0.847656 0.472656
vt 0.847656 0.472656
vt 0.847656 0.472656
vt 0.847656 0.472656
vt 0.847656 0.472656
vt 0.847656 0.472656
vt 0.847656 0.472656
vt 0.847656 0.472656
vt 0.847656 0.472656
vt 0.847656 0.472656
vt 0.847656 0.472656
vt 0.847656 0.472656
vt 0.847656 0.472656
vt 0.847656 0.472656
vt 0.847656 0.472656
vt 0.847656 0.472656
vt 0.847656 0.472656
vt 0.847656 0.472656
vt 0.847656 0.472656
vt 0.847656 0.472656
vt 0.847656 0.472656
vt 0.847656 0.472656
vt 0.847656 0.472656
vt 0.847656 0.472656
vt 0.847656 0.472656
vt 0.847656 0.472656
vt 0.847656 0.472656
vt 0.847656 0.472656
vt 0.847656 0.472656
vt 0.847656 0.472656
vt 0.847656 0.472656
vt 0.847656 0.472656
vt 0.847656 0.472656
vt 0.847656 0.472656
vt 0.847656 0.472656
vt 0.847656 0.472656
vt 0.847656 0.472656
vt 0.847656 0.472656
vt 0.847656 0.472656
vt 0.847656 0.472656
vt 0.847656 0.472656
vt 0.847656 0.472656
vt 0.847656 0.472656
vt 0.847656 0.472656
vt 0.847656 0.472656
vt 0.847656 0.472656
vt 0.847656 0.472656
vt 0.847656 0.472656
vt 0.847656 0.472656
vt 0.847656 0.472656
vt 0.847656 0.472656
vt 0.847656 0.472656
vt 0.847656 0.472656
vt 0.847656 0.472656
vt 0.847656 0.472656
vt 0.847656 0.472656
vt 0.847656 0.472656
vt 0.847656 0.472656
vt 0.847656 0.472656
vt 0.847656 0.472656
vt 0.847656 0.472656
vt 0.847656 0.472656
vt 0.847656 0.472656
vt 0.847656 0.472656
vt 0.847656 0.472656
vt 0.847656 0.472656
vt 0.847656 0.472656
vt 0.847656 0.472656
vt 0.847656 0.472656
vt 0.847656 0.472656
vt 0.847656 0.472656
vt 0.847656 0.472656
vt 0.847656 0.472656
vt 0.847656 0.472656
vt 0.847656 0.472656
vt 0.847656 0.472656
vt 0.847656 0.472656
vt 0.847656 0.472656
vt 0.847656 0.472656
vt 0.847656 0.472656
vt 0.847656 0.472656
vt 0.847656 0.472656
vt 0.847656 0.472656
vt 0.847656 0.472656
vt 0.847656 0.472656
vt 0.847656 0.472656
vt 0.847656 0.472656
vt 0.847656 0.472656
vt 0.847656 0.472656
vt 0.847656 0.472656
vt 0.847656 0.472656
vt 0.847656 0.472656
vt 0.847656 0.472656
vt 0.847656 0.472656
vt 0.847656 0.472656
vt 0.847656 0.472656
vt 0.847656 0.472656
vt 0.847656 0.472656
vt 0.847656 0.472656
vt 0.847656 0.472656
vt 0.847656 0.472656
vt 0.847656 0.472656
vt 0.847656 0.472656
vt 0.847656 0.472656
vt 0.847656 0.472656
vt 0.847656 0.472656
vt 0.847656 0.472656
vt 0.847656 0.472656
vt 0.847656 0.472656
vt 0.847656 0.472656
vt 0.847656 0.472656
vt 0.847656 0.472656
vt 0.847656 0.472656
vt 0.847656 0.472656
vt 0.847656 0.472656
vt 0.847656 0.472656
vt 0.847656 0.472656
vt 0.847656 0.472656
vt 0.847656 0.472656
vt 0.847656 0.472656
vt 0.847656 0.472656
vt 0.847656 0.472656
vt 0.847656 0.472656
vt 0.847656 0.472656
vt 0.847656 0.472656
vt 0.847656 0.472656
vt 0.847656 0.472656
vt 0.847656 0.472656
vt 0.847656 0.472656
vt 0.847656 0.472656
vt 0.847656 0.472656
vt 0.847656 0.472656
vt 0.847656 0.472656
vt 0.847656 0.472656
vt 0.847656 0.472656
vt 0.847656 0.472656
vt 0.847656 0.472656
vt 0.847656 0.472656
vt 0.847656 0.472656
vt 0.847656 0.472656
vt 0.847656 0.472656
vt 0.847656 0.472656
vt 0.960938 0.421875
vt 0.960938 0.421875
vt 0.960938 0.421875
vt 0.960937 0.421875
vt 0.960938 0.421875
vt 0.960938 0.421875
vt 0.960938 0.421875
vt 0.960938 0.421875
vt 0.960938 0.421875
vt 0.960938 0.421875
vt 0.960938 0.421875
vt 0.960938 0.421875
vt 0.960938 0.421875
vt 0.960938 0.421875
vt 0.960938 0.421875
vt 0.960938 0.421875
vt 0.960938 0.421875
vt 0.960937 0.421875
vt 0.960937 0.421875
vt 0.960938 0.421875
vt 0.960938 0.421875
vt 0.960938 0.421875
vt 0.960938 0.421875
vt 0.960938 0.421875
vt 0.960938 0.421875
vt 0.960938 0.421875
vt 0.960938 0.421875
vt 0.960938 0.421875
vt 0.960937 0.421875
vt 0.960937 0.421875
vt 0.960937 0.421875
vt 0.960938 0.421875
vt 0.960938 0.421875
vt 0.960938 0.421875
vt 0.960938 0.421875
vt 0.960938 0.421875
vt 0.960938 0.421875
vt 0.960938 0.421875
vt 0.960938 0.421875
vt 0.960938 0.421875
vt 0.960938 0.421875
vt 0.960938 0.421875
vt 0.960938 0.421875
vt 0.960937 0.421875
vt 0.960937 0.421875
vt 0.960938 0.421875
vt 0.960938 0.421875
vt 0.960938 0.421875
vt 0.960938 0.421875
vt 0.960938 0.421875
vt 0.960938 0.421875
vt 0.960938 0.421875
vt 0.960938 0.421875
vt 0.960937 0.421875
vt 0.960937 0.421875
vt 0.960938 0.421875
vt 0.960938 0.421875
vt 0.960938 0.421875
vt 0.960938 0.421875
vt 0.960938 0.421875
vt 0.960938 0.421875
vt 0.960938 0.421875
vt 0.960938 0.421875
vt 0.960938 0.421875
vt 0.960937 0.421875
vt 0.960938 0.421875
vt 0.960938 0.421875
vt 0.960937 0.421875
vt 0.960938 0.421875
vt 0.960938 0.421875
vt 0.960938 0.421875
vt 0.960938 0.421875
vt 0.960938 0.421875
vt 0.960938 0.421875
vt 0.960938 0.421875
vt 0.960938 0.421875
vt 0.960938 0.421875
vt 0.960938 0.421875
vt 0.960938 0.421875
vt 0.960938 0.421875
vt 0.960938 0.421875
vt 0.960938 0.421875
vt 0.960938 0.421875
vt 0.960938 0.421875
vt 0.960938 0.421875
vt 0.960938 0.421875
vt 0.960938 0.421875
vt 0.960938 0.421875
vt 0.472656 0.664062
vt 0.472656 0.664062
vt 0.472656 0.664062
vt 0.472656 0.664062
vt 0.472656 0.664062
vt 0.472656 0.664062
vt 0.472656 0.664062
vt 0.472656 0.664062
vt 0.472656 0.664062
vt 0.472656 0.664062
vt 0.472656 0.664062
vt 0.472656 0.664062
vt 0.472656 0.664062
vt 0.472656 0.664062
vt 0.472656 0.664062
vt 0.472656 0.664062
vt 0.472656 0.664062
vt 0.472656 0.664062
vt 0.472656 0.664062
vt 0.472656 0.664062
vt 0.472656 0.664062
vt 0.472656 0.664062
vt 0.472656 0.664062
vt 0.472656 0.664062
vt 0.847656 0.472656
vt 0.847656 0.472656
vt 0.847656 0.472656
vt 0.847656 0.472656
vt 0.847656 0.472656
vt 0.847656 0.472656
vt 0.847656 0.472656
vt 0.847656 0.472656
vt 0.847656 0.472656
vt 0.847656 0.472656
vt 0.847656 0.472656
vt 0.847656 0.472656
vt 0.847656 0.472656
vt 0.847656 0.472656
vt 0.847656 0.472656
vt 0.847656 0.472656
vt 0.847656 0.472656
vt 0.847656 0.472656
vt 0.847656 0.472656
vt 0.847656 0.472656
vt 0.847656 0.472656
vt 0.847656 0.472656
vt 0.847656 0.472656
vt 0.847656 0.472656
vt 0.847656 0.472656
vt 0.847656 0.472656
vt 0.847656 0.472656
vt 0.847656 0.472656
vt 0.847656 0.472656
vt 0.847656 0.472656
vt 0.847656 0.472656
vt 0.847656 0.472656
vt 0.847656 0.472656
vt 0.847656 0.472656
vt 0.847656 0.472656
vt 0.847656 0.472656
vt 0.847656 0.472656
vt 0.847656 0.472656
vt 0.847656 0.472656
vt 0.472656 0.664063
vt 0.472656 0.664062
vt 0.472656 0.664063
vt 0.472656 0.664062
vt 0.472656 0.664063
vt 0.472656 0.664063
vt 0.472656 0.664062
vt 0.472656 0.664062
vt 0.472656 0.664062
vt 0.847656 0.472656
vt 0.847656 0.472656
vt 0.847656 0.472656
vt 0.472656 0.664062
vt 0.472656 0.664062
vt 0.472656 0.664062
vt 0.472656 0.664062
vt 0.472656 0.664062
vt 0.472656 0.664062
vt 0.847656 0.472656
vt 0.847656 0.472656
vt 0.847656 0.472656
vt 0.847656 0.472656
vt 0.847656 0.472656
vt 0.472656 0.664062
vt 0.472656 0.664062
vt 0.472656 0.664062
vt 0.472656 0.664062
vt 0.472656 0.664062
vt 0.472656 0.664062
vt 0.847656 0.472656
vt 0.847656 0.472656
vt 0.847656 0.472656
vt 0.847656 0.472656
vt 0.847656 0.472656
vt 0.847656 0.472656
vt 0.847656 0.472656
vt 0.847656 0.472656
vt 0.847656 0.472656
vt 0.847656 0.472656
vt 0.847656 0.472656
vt 0.847656 0.472656
vt 0.847656 0.472656
vt 0.847656 0.472656
vt 0.847656 0.472656
vt 0.847656 0.472656
vt 0.847656 0.472656
vt 0.847656 0.472656
vt 0.847656 0.472656
vt 0.847656 0.472656
vt 0.847656 0.472656
vt 0.847656 0.472656
vt 0.847656 0.472656
vt 0.847656 0.472656
vt 0.847656 0.472656
vt 0.847656 0.472656
vt 0.847656 0.472656
vt 0.847656 0.472656
vt 0.847656 0.472656
vt 0.847656 0.472656
vt 0.847656 0.472656
vt 0.847656 0.472656
vt 0.847656 0.472656
vt 0.847656 0.472656
vt 0.847656 0.472656
vt 0.847656 0.472656
vt 0.472656 0.664062
vt 0.472656 0.664062
vt 0.472656 0.664062
vt 0.847656 0.472656
vt 0.847656 0.472656
vt 0.847656 0.472656
vt 0.847656 0.472656
vt 0.847656 0.472656
vt 0.847656 0.472656
vt 0.847656 0.472656
vt 0.847656 0.472656
vt 0.847656 0.472656
vt 0.847656 0.472656
vt 0.847656 0.472656
vt 0.847656 0.472656
vt 0.847656 0.472656
vt 0.847656 0.472656
vt 0.847656 0.472656
vt 0.847656 0.472656
vt 0.847656 0.472656
vt 0.847656 0.472656
vt 0.472656 0.664062
vt 0.472656 0.664062
vt 0.472656 0.664062
vt 0.847656 0.472656
vt 0.847656 0.472656
vt 0.847656 0.472656
vt 0.847656 0.472656
vt 0.847656 0.472656
vt 0.960938 0.421875
vt 0.960938 0.421875
vt 0.960938 0.421875
vt 0.960938 0.421875
vt 0.960938 0.421875
vt 0.960938 0.421875
vt 0.960938 0.421875
vt 0.960938 0.421875
vt 0.960938 0.421875
vt 0.960938 0.421875
vt 0.960938 0.421875
vt 0.960938 0.421875
vt 0.847656 0.472656
vt 0.847656 0.472656
vt 0.847656 0.472656
vt 0.847656 0.472656
vt 0.847656 0.472656
vt 0.847656 0.472656
vt 0.847656 0.472656
vt 0.847656 0.472656
vt 0.847656 0.472656
vt 0.847656 0.472656
vt 0.847656 0.472656
vt 0.847656 0.472656
vt 0.847656 0.472656
vt 0.847656 0.472656
vt 0.847656 0.472656
vt 0.847656 0.472656
vt 0.847656 0.472656
vt 0.847656 0.472656
vt 0.847656 0.472656
vt 0.847656 0.472656
vt 0.847656 0.472656
vt 0.847656 0.472656
vt 0.847656 0.472656
vt 0.847656 0.472656
vt 0.847656 0.472656
vt 0.960937 0.421875
vt 0.960938 0.421875
vt 0.960938 0.421875
vt 0.960938 0.421875
vt 0.960938 0.421875
vt 0.960938 0.421875
vt 0.960938 0.421875
vt 0.960938 0.421875
vt 0.960938 0.421875
vt 0.960938 0.421875
vt 0.960938 0.421875
vt 0.960938 0.421875
vt 0.960938 0.421875
vt 0.960938 0.421875
vt 0.960938 0.421875
vt 0.960938 0.421875
vt 0.960938 0.421875
vt 0.960938 0.421875
vt 0.960938 0.421875
vt 0.960938 0.421875
vt 0.960938 0.421875
vt 0.960938 0.421875
vt 0.960938 0.421875
vt 0.960938 0.421875
vt 0.960938 0.421875
vt 0.960938 0.421875
vt 0.960937 0.421875
vt 0.960938 0.421875
vt 0.960938 0.421875
vt 0.960938 0.421875
vt 0.960938 0.421875
vt 0.960938 0.421875
vt 0.960938 0.421875
vt 0.960938 0.421875
vt 0.960938 0.421875
vt 0.960938 0.421875
vt 0.960938 0.421875
vt 0.960938 0.421875
vt 0.960938 0.421875
vt 0.960937 0.421875
vt 0.960938 0.421875
vt 0.960938 0.421875
vt 0.960938 0.421875
vt 0.960938 0.421875
vt 0.960938 0.421875
vt 0.960938 0.421875
vt 0.960938 0.421875
vt 0.960938 0.421875
vt 0.960938 0.421875
vt 0.960938 0.421875
vt 0.960938 0.421875
vt 0.960938 0.421875
vt 0.960938 0.421875
vt 0.960938 0.421875
vt 0.960938 0.421875
vt 0.960938 0.421875
vt 0.960938 0.421875
vt 0.960938 0.421875
vt 0.960938 0.421875
vt 0.960938 0.421875
vt 0.960938 0.421875
vt 0.960938 0.421875
vt 0.960937 0.421875
vt 0.960938 0.421875
vt 0.960938 0.421875
vt 0.960938 0.421875
vt 0.960938 0.421875
vt 0.960938 0.421875
vt 0.960938 0.421875
vt 0.960938 0.421875
vt 0.960938 0.421875
vt 0.960938 0.421875
vt 0.960938 0.421875
vt 0.960938 0.421875
vt 0.960938 0.421875
vt 0.960938 0.421875
vt 0.960938 0.421875
vt 0.960938 0.421875
vt 0.960938 0.421875
vt 0.960937 0.421875
vt 0.960937 0.421875
vt 0.960938 0.421875
vt 0.960938 0.421875
vt 0.960938 0.421875
vt 0.960938 0.421875
vt 0.960938 0.421875
vt 0.960938 0.421875
vt 0.960938 0.421875
vt 0.960938 0.421875
vt 0.960938 0.421875
vt 0.960938 0.421875
vt 0.960938 0.421875
vt 0.960938 0.421875
vt 0.960938 0.421875
vt 0.960938 0.421875
vt 0.960938 0.421875
vt 0.960937 0.421875
vt 0.960938 0.421875
vt 0.960938 0.421875
vt 0.960938 0.421875
vt 0.960938 0.421875
vt 0.960937 0.421875
vt 0.960938 0.421875
vt 0.960938 0.421875
vt 0.960938 0.421875
vt 0.960937 0.421875
vt 0.960937 0.421875
vt 0.960938 0.421875
vt 0.960938 0.421875
vt 0.960938 0.421875
vt 0.960938 0.421875
vt 0.960938 0.421875
vt 0.960938 0.421875
vt 0.960938 0.421875
vt 0.960937 0.421875
vt 0.960938 0.421875
vt 0.960938 0.421875
vt 0.960938 0.421875
vt 0.960938 0.421875
vt 0.960938 0.421875
vt 0.960938 0.421875
vt 0.960938 0.421875
vt 0.960938 0.421875
vt 0.960938 0.421875
vt 0.984375 0.906250
vt 0.984375 0.906250
vt 0.984375 0.906250
vt 0.984375 0.906250
vt 0.984375 0.906250
vt 0.984375 0.906250
vt 0.984375 0.906250
vt 0.984375 0.906250
vt 0.984375 0.906250
vt 0.984375 0.906250
vt 0.984375 0.906250
vt 0.984375 0.906250
vt 0.984375 0.906250
vt 0.984375 0.906250
vt 0.984375 0.906250
vt 0.984375 0.906250
vt 0.984375 0.906250
vt 0.984375 0.906250
vt 0.984375 0.906250
vt 0.984375 0.906250
vt 0.984375 0.906250
vt 0.984375 0.906250
vt 0.984375 0.906250
vt 0.984375 0.906250
vt 0.984375 0.906250
vt 0.984375 0.906250
vt 0.984375 0.906250
vt 0.984375 0.906250
vt 0.984375 0.906250
vt 0.984375 0.906250
vt 0.984375 0.906250
vt 0.984375 0.906250
vt 0.984375 0.906250
vt 0.984375 0.906250
vt 0.984375 0.906250
vt 0.984375 0.906250
vt 0.984375 0.906250
vt 0.984375 0.906250
vt 0.984375 0.906250
vt 0.984375 0.906250
vt 0.984375 0.906250
vt 0.984375 0.906250
vt 0.984375 0.906250
vt 0.984375 0.906250
vt 0.984375 0.906250
vt 0.984375 0.906250
vt 0.984375 0.906250
vt 0.984375 0.906250
vt 0.984375 0.906250
vt 0.984375 0.906250
vt 0.984375 0.906250
vt 0.984375 0.906250
vt 0.984375 0.906250
vt 0.984375 0.906250
vt 0.984375 0.906250
vt 0.984375 0.906250
vt 0.984375 0.906250
vt 0.984375 0.906250
vt 0.984375 0.906250
vt 0.984375 0.906250
vt 0.984375 0.906250
vt 0.984375 0.906250
vt 0.984375 0.906250
vt 0.984375 0.906250
vt 0.984375 0.906250
vt 0.984375 0.906250
vt 0.984375 0.906250
vt 0.984375 0.906250
vt 0.984375 0.906250
vt 0.984375 0.906250
vt 0.984375 0.906250
vt 0.984375 0.906250
vt 0.960938 0.421875
vt 0.960938 0.421875
vt 0.960938 0.421875
vt 0.960938 0.421875
vt 0.960938 0.421875
vt 0.960938 0.421875
vt 0.960938 0.421875
vt 0.960938 0.421875
vt 0.960938 0.421875
vt 0.960938 0.421875
vt 0.960938 0.421875
vt 0.960938 0.421875
vt 0.960938 0.421875
vt 0.960938 0.421875
vt 0.960938 0.421875
vt 0.960938 0.421875
vt 0.960938 0.421875
vt 0.960938 0.421875
vt 0.960938 0.421875
vt 0.960938 0.421875
vt 0.960937 0.421875
vt 0.960937 0.421875
vt 0.960938 0.421875
vt 0.960938 0.421875
vt 0.960938 0.421875
vt 0.960938 0.421875
vt 0.960938 0.421875
vt 0.960938 0.421875
vt 0.960938 0.421875
vt 0.960937 0.421875
vt 0.960938 0.421875
vt 0.960938 0.421875
vt 0.960938 0.421875
vt 0.960938 0.421875
vt 0.960938 0.421875
vt 0.960938 0.421875
vt 0.960938 0.421875
vt 0.960938 0.421875
vt 0.960938 0.421875
vt 0.960938 0.421875
vt 0.960938 0.421875
vt 0.960938 0.421875
vt 0.960938 0.421875
vt 0.960938 0.421875
vt 0.960938 0.421875
vt 0.960938 0.421875
vt 0.960938 0.421875
vt 0.960938 0.421875
vt 0.960938 0.421875
vt 0.960938 0.421875
vt 0.960938 0.421875
vt 0.960937 0.421875
vt 0.960938 0.421875
vt 0.960938 0.421875
vt 0.960938 0.421875
vt 0.960938 0.421875
vt 0.960938 0.421875
vt 0.960938 0.421875
vt 0.960938 0.421875
vt 0.960938 0.421875
vt 0.960938 0.421875
vt 0.960938 0.421875
vt 0.960938 0.421875
vt 0.960938 0.421875
vt 0.960938 0.421875
vt 0.960938 0.421875
vt 0.960938 0.421875
vt 0.960938 0.421875
vt 0.960938 0.421875
vt 0.960938 0.421875
vt 0.960938 0.421875
vt 0.960938 0.421875
vt 0.960938 0.421875
vt 0.960938 0.421875
vt 0.960938 0.421875
vt 0.960938 0.421875
vt 0.960938 0.421875
vt 0.960938 0.421875
vt 0.960937 0.421875
vt 0.960938 0.421875
vt 0.960937 0.421875
vt 0.960938 0.421875
vt 0.960937 0.421875
vt 0.960938 0.421875
vt 0.960938 0.421875
vt 0.960938 0.421875
vt 0.960938 0.421875
vt 0.960938 0.421875
vt 0.960938 0.421875
vt 0.960937 0.421875
vt 0.960938 0.421875
vt 0.960938 0.421875
vt 0.960938 0.421875
vt 0.960937 0.421875
vt 0.960938 0.421875
vt 0.960938 0.421875
vt 0.960938 0.421875
vt 0.960938 0.421875
vt 0.960938 0.421875
vt 0.960938 0.421875
vt 0.960938 0.421875
vt 0.960938 0.421875
vt 0.960938 0.421875
vt 0.960938 0.421875
vt 0.960938 0.421875
vt 0.960938 0.421875
vt 0.960938 0.421875
vt 0.960938 0.421875
vt 0.960938 0.421875
vt 0.960937 0.421875
vt 0.960938 0.421875
vt 0.960938 0.421875
vt 0.960938 0.421875
vt 0.960938 0.421875
vt 0.960938 0.421875
vt 0.960938 0.421875
vt 0.960938 0.421875
vt 0.960937 0.421875
vt 0.960938 0.421875
vt 0.960938 0.421875
vt 0.984375 0.906250
vt 0.984375 0.906250
vt 0.984375 0.906250
vt 0.984375 0.906250
vt 0.984375 0.906250
vt 0.984375 0.906250
vt 0.984375 0.906250
vt 0.984375 0.906250
vt 0.984375 0.906250
vt 0.984375 0.906250
vt 0.984375 0.906250
vt 0.984375 0.906250
vt 0.984375 0.906250
vt 0.984375 0.906250
vt 0.984375 0.906250
vt 0.984375 0.906250
vt 0.984375 0.906250
vt 0.984375 0.906250
vt 0.984375 0.906250
vt 0.984375 0.906250
vt 0.984375 0.906250
vt 0.984375 0.906250
vt 0.984375 0.906250
vt 0.984375 0.906250
vt 0.984375 0.906250
vt 0.984375 0.906250
vt 0.984375 0.906250
vt 0.984375 0.906250
vt 0.984375 0.906250
vt 0.984375 0.906250
vt 0.984375 0.906250
vt 0.984375 0.906250
vt 0.984375 0.906250
vt 0.984375 0.906250
vt 0.984375 0.906250
vt 0.984375 0.906250
vt 0.984375 0.906250
vt 0.984375 0.906250
vt 0.984375 0.906250
vt 0.984375 0.906250
vt 0.984375 0.906250
vt 0.984375 0.906250
vt 0.984375 0.906250
vt 0.984375 0.906250
vt 0.984375 0.906250
vt 0.984375 0.906250
vt 0.984375 0.906250
vt 0.984375 0.906250
vt 0.984375 0.906250
vt 0.984375 0.906250
vt 0.984375 0.906250
vt 0.984375 0.906250
vt 0.984375 0.906250
vt 0.984375 0.906250
vt 0.984375 0.906250
vt 0.984375 0.906250
vt 0.984375 0.906250
vt 0.984375 0.906250
vt 0.984375 0.906250
vt 0.984375 0.906250
vt 0.984375 0.906250
vt 0.984375 0.906250
vt 0.984375 0.906250
vt 0.984375 0.906250
vt 0.984375 0.906250
vt 0.984375 0.906250
vt 0.984375 0.906250
vt 0.984375 0.906250
vt 0.960938 0.421875
vt 0.960938 0.421875
vt 0.960937 0.421875
vt 0.960938 0.421875
vt 0.960938 0.421875
vt 0.960938 0.421875
vt 0.960937 0.421875
vt 0.960938 0.421875
vt 0.960938 0.421875
vt 0.960938 0.421875
vt 0.960937 0.421875
vt 0.960937 0.421875
vt 0.960938 0.421875
vt 0.960938 0.421875
vt 0.960938 0.421875
vt 0.960938 0.421875
vt 0.960938 0.421875
vt 0.960938 0.421875
vt 0.960938 0.421875
vt 0.960938 0.421875
vt 0.960938 0.421875
vt 0.960938 0.421875
vt 0.960938 0.421875
vt 0.960938 0.421875
vt 0.960938 0.421875
vt 0.960937 0.421875
vt 0.960938 0.421875
vt 0.960938 0.421875
vt 0.960938 0.421875
vt 0.960938 0.421875
vt 0.960938 0.421875
vt 0.960938 0.421875
vt 0.960938 0.421875
vt 0.960937 0.421875
vt 0.960938 0.421875
vt 0.960938 0.421875
vt 0.960938 0.421875
vt 0.960938 0.421875
vt 0.960938 0.421875
vt 0.960938 0.421875
vt 0.960938 0.421875
vt 0.960938 0.421875
vt 0.960938 0.421875
vt 0.960938 0.421875
vt 0.960938 0.421875
vt 0.960938 0.421875
vt 0.960938 0.421875
vt 0.960938 0.421875
vt 0.960938 0.421875
vt 0.960938 0.421875
vt 0.960938 0.421875
vt 0.960938 0.421875
vt 0.960938 0.421875
vt 0.960938 0.421875
vt 0.960938 0.421875
vt 0.960938 0.421875
vt 0.960938 0.421875
vt 0.960938 0.421875
vt 0.960938 0.421875
vt 0.960938 0.421875
vt 0.472656 0.667969
vt 0.472656 0.667969
vt 0.472656 0.667969
vt 0.472656 0.667969
vt 0.472656 0.667969
vt 0.472656 0.667969
vt 0.472656 0.667969
vt 0.472656 0.667969
vt 0.472656 0.667969
vt 0.472656 0.667969
vt 0.472656 0.667969
vt 0.472656 0.667969
vt 0.472656 0.667969
vt 0.472656 0.667969
vt 0.472656 0.667969
vt 0.472656 0.667969
vt 0.472656 0.667969
vt 0.472656 0.667969
vt 0.472656 0.667969
vt 0.472656 0.667969
vt 0.472656 0.667969
vt 0.472656 0.667969
vt 0.472656 0.667969
vt 0.472656 0.667969
vt 0.472656 0.667969
vt 0.472656 0.667969
vt 0.472656 0.667969
vt 0.472656 0.667969
vt 0.472656 0.667969
vt 0.472656 0.667969
vt 0.472656 0.667969
vt 0.472656 0.667969
vt 0.472656 0.667969
vt 0.472656 0.667969
vt 0.472656 0.667969
vt 0.472656 0.667969
vt 0.847656 0.472656
vt 0.847656 0.472656
vt 0.847656 0.472656
vt 0.847656 0.472656
vt 0.472656 0.667969
vt 0.472656 0.667969
vt 0.472656 0.667969
vt 0.472656 0.667969
vt 0.472656 0.667969
vt 0.472656 0.667969
vt 0.472656 0.667969
vt 0.472656 0.667969
vt 0.847656 0.472656
vt 0.847656 0.472656
vt 0.847656 0.472656
vt 0.847656 0.472656
vt 0.847656 0.472656
vt 0.847656 0.472656
vt 0.847656 0.472656
vt 0.847656 0.472656
vt 0.847656 0.472656
vt 0.847656 0.472656
vt 0.847656 0.472656
vt 0.847656 0.472656
vt 0.847656 0.472656
vt 0.847656 0.472656
vt 0.847656 0.472656
vt 0.847656 0.472656
vt 0.847656 0.472656
vt 0.847656 0.472656
vt 0.847656 0.472656
vt 0.847656 0.472656
vt 0.847656 0.472656
vt 0.847656 0.472656
vt 0.847656 0.472656
vt 0.847656 0.472656
vt 0.847656 0.472656
vt 0.847656 0.472656
vt 0.847656 0.472656
vt 0.847656 0.472656
vt 0.847656 0.472656
vt 0.847656 0.472656
vt 0.847656 0.472656
vt 0.847656 0.472656
vt 0.847656 0.472656
vt 0.847656 0.472656
vt 0.847656 0.472656
vt 0.847656 0.472656
vt 0.847656 0.472656
vt 0.847656 0.472656
vt 0.472656 0.664062
vt 0.472656 0.664062
vt 0.472656 0.664062
vt 0.472656 0.664063
vt 0.472656 0.664063
vt 0.472656 0.664062
vt 0.472656 0.664063
vt 0.472656 0.664062
vt 0.847656 0.472656
vt 0.847656 0.472656
vt 0.847656 0.472656
vt 0.847656 0.472656
vt 0.847656 0.472656
vt 0.847656 0.472656
vt 0.847656 0.472656
vt 0.847656 0.472656
vt 0.847656 0.472656
vt 0.847656 0.472656
vt 0.847656 0.472656
vt 0.847656 0.472656
vt 0.847656 0.472656
vt 0.472656 0.664062
vt 0.472656 0.664062
vt 0.472656 0.664062
vt 0.847656 0.472656
vt 0.847656 0.472656
vt 0.472656 0.664062
vt 0.472656 0.664062
vt 0.847656 0.472656
vt 0.847656 0.472656
vt 0.847656 0.472656
vt 0.472656 0.664062
vt 0.472656 0.664062
vt 0.847656 0.472656
vt 0.847656 0.472656
vt 0.847656 0.472656
vt 0.847656 0.472656
vt 0.847656 0.472656
vt 0.847656 0.472656
vt 0.847656 0.472656
vt 0.847656 0.472656
vt 0.847656 0.472656
vt 0.847656 0.472656
vt 0.847656 0.472656
vt 0.847656 0.472656
vt 0.847656 0.472656
vt 0.472656 0.664062
vt 0.472656 0.664062
vt 0.847656 0.472656
vt 0.472656 0.664062
vt 0.847656 0.472656
vt 0.847656 0.472656
vt 0.472656 0.664062
vt 0.847656 0.472656
vt 0.847656 0.472656
vt 0.847656 0.472656
vt 0.847656 0.472656
vt 0.847656 0.472656
vt 0.847656 0.472656
vt 0.847656 0.472656
vt 0.847656 0.472656
vt 0.484375 0.671875
vt 0.484375 0.671875
vt 0.484375 0.671875
vt 0.484375 0.671875
vt 0.847656 0.472656
vt 0.847656 0.472656
vt 0.847656 0.472656
vt 0.847656 0.472656
vt 0.847656 0.472656
vt 0.847656 0.472656
vt 0.847656 0.472656
vt 0.847656 0.472656
vt 0.847656 0.472656
vt 0.847656 0.472656
vt 0.847656 0.472656
vt 0.847656 0.472656
vt 0.847656 0.472656
vt 0.847656 0.472656
vt 0.847656 0.472656
vt 0.847656 0.472656
vt 0.847656 0.472656
vt 0.847656 0.472656
vt 0.847656 0.472656
vt 0.847656 0.472656
vt 0.847656 0.472656
vt 0.847656 0.472656
vt 0.847656 0.472656
vt 0.847656 0.472656
vt 0.847656 0.472656
vt 0.847656 0.472656
vt 0.847656 0.472656
vt 0.847656 0.472656
vt 0.847656 0.472656
vt 0.847656 0.472656
vt 0.484375 0.671875
vt 0.484375 0.671875
vt 0.484375 0.671875
vt 0.484375 0.671875
vt 0.484375 0.671875
vt 0.484375 0.671875
vt 0.484375 0.671875
vt 0.484375 0.671875
vt 0.484375 0.671875
vt 0.484375 0.671875
vt 0.484375 0.671875
vt 0.484375 0.671875
vt 0.484375 0.671875
vt 0.484375 0.671875
vt 0.484375 0.671875
vt 0.484375 0.671875
vt 0.484375 0.671875
vt 0.484375 0.671875
vt 0.484375 0.671875
vt 0.484375 0.671875
vt 0.484375 0.671875
vt 0.484375 0.671875
vt 0.484375 0.671875
vt 0.484375 0.671875
vt 0.484375 0.671875
vt 0.484375 0.671875
vt 0.484375 0.671875
vt 0.484375 0.671875
vt 0.484375 0.671875
vt 0.484375 0.671875
vt 0.484375 0.671875
vt 0.484375 0.671875
vt 0.484375 0.671875
vt 0.484375 0.671875
vt 0.484375 0.671875
vt 0.484375 0.671875
vt 0.484375 0.671875
vt 0.484375 0.671875
vt 0.484375 0.671875
vt 0.484375 0.671875
vt 0.484375 0.671875
vt 0.484375 0.671875
vt 0.484375 0.671875
vt 0.484375 0.671875
vt 0.484375 0.671875
vt 0.484375 0.671875
vt 0.484375 0.671875
vt 0.484375 0.671875
vt 0.484375 0.671875
vt 0.484375 0.671875
vt 0.484375 0.671875
vt 0.484375 0.671875
vt 0.484375 0.671875
vt 0.484375 0.671875
vt 0.484375 0.671875
vt 0.484375 0.671875
vt 0.484375 0.671875
vt 0.484375 0.671875
vt 0.484375 0.671875
vt 0.484375 0.671875
vt 0.484375 0.671875
vt 0.484375 0.671875
vt 0.484375 0.671875
vt 0.484375 0.671875
vt 0.484375 0.671875
vt 0.484375 0.671875
vt 0.484375 0.671875
vt 0.484375 0.671875
vt 0.722656 0.933594
vt 0.722656 0.933594
vt 0.722656 0.933594
vt 0.722656 0.933594
vt 0.484375 0.671875
vt 0.484375 0.671875
vt 0.484375 0.671875
vt 0.484375 0.671875
vt 0.484375 0.671875
vt 0.484375 0.671875
vt 0.484375 0.671875
vt 0.484375 0.671875
vt 0.484375 0.671875
vt 0.484375 0.671875
vt 0.484375 0.671875
vt 0.847656 0.472656
vt 0.847656 0.472656
vt 0.847656 0.472656
vt 0.847656 0.472656
vt 0.847656 0.472656
vt 0.847656 0.472656
vt 0.847656 0.472656
vt 0.847656 0.472656
vt 0.847656 0.472656
vt 0.847656 0.472656
vt 0.472656 0.664062
vt 0.847656 0.472656
vt 0.472656 0.664062
vt 0.472656 0.664062
vt 0.847656 0.472656
vt 0.847656 0.472656
vt 0.847656 0.472656
vt 0.847656 0.472656
vt 0.847656 0.472656
vt 0.847656 0.472656
vt 0.847656 0.472656
vt 0.847656 0.472656
vt 0.472656 0.664063
vt 0.472656 0.664063
vt 0.472656 0.664062
vt 0.847656 0.472656
vt 0.847656 0.472656
vt 0.847656 0.472656
vt 0.847656 0.472656
vt 0.847656 0.472656
vt 0.847656 0.472656
vt 0.472656 0.667969
vt 0.472656 0.667969
vt 0.472656 0.667969
vt 0.472656 0.667969
vt 0.847656 0.472656
vt 0.847656 0.472656
vt 0.847656 0.472656
vt 0.847656 0.472656
vt 0.847656 0.472656
vt 0.847656 0.472656
vt 0.847656 0.472656
vt 0.847656 0.472656
vt 0.847656 0.472656
vt 0.847656 0.472656
vt 0.847656 0.472656
vt 0.847656 0.472656
vt 0.847656 0.472656
vt 0.847656 0.472656
vt 0.847656 0.472656
vt 0.847656 0.472656
vt 0.847656 0.472656
vt 0.847656 0.472656
vt 0.847656 0.472656
vt 0.847656 0.472656
vt 0.847656 0.472656
vt 0.472656 0.664063
vt 0.472656 0.664062
vt 0.472656 0.664062
vt 0.472656 0.664062
vt 0.472656 0.664062
vt 0.847656 0.472656
vt 0.472656 0.664062
vt 0.472656 0.664062
vt 0.847656 0.472656
vt 0.847656 0.472656
vt 0.847656 0.472656
vt 0.847656 0.472656
vt 0.847656 0.472656
vt 0.847656 0.472656
vt 0.847656 0.472656
vt 0.472656 0.664062
vt 0.847656 0.472656
vt 0.847656 0.472656
vt 0.847656 0.472656
vt 0.847656 0.472656
vt 0.484375 0.671875
vt 0.484375 0.671875
vt 0.484375 0.671875
vt 0.484375 0.671875
vt 0.484375 0.671875
vt 0.703125 0.917969
vt 0.703125 0.917969
vt 0.703125 0.917969
vt 0.703125 0.917969
vt 0.484375 0.671875
vt 0.484375 0.671875
vt 0.484375 0.671875
vt 0.484375 0.671875
vt 0.484375 0.671875
vt 0.484375 0.671875
vt 0.484375 0.671875
vt 0.484375 0.671875
vt 0.722656 0.933594
vt 0.722656 0.933594
vt 0.722656 0.933594
vt 0.722656 0.933594
vt 0.703125 0.917969
vt 0.703125 0.917969
vt 0.703125 0.917969
vt 0.703125 0.917969
vt 0.722656 0.933594
vt 0.722656 0.933594
vt 0.484375 0.671875
vt 0.484375 0.671875
vt 0.484375 0.671875
vt 0.484375 0.671875
vt 0.722656 0.933594
vt 0.722656 0.933594
vt 0.484375 0.671875
vt 0.484375 0.671875
vt 0.484375 0.671875
vt 0.484375 0.671875
vt 0.484375 0.671875
vt 0.484375 0.671875
vt 0.484375 0.671875
vt 0.484375 0.671875
vt 0.722656 0.933594
vt 0.722656 0.933594
vt 0.703125 0.917969
vt 0.703125 0.917969
vt 0.484375 0.671875
vt 0.484375 0.671875
vt 0.484375 0.671875
vt 0.484375 0.671875
vt 0.484375 0.671875
vt 0.484375 0.671875
vt 0.484375 0.671875
vt 0.484375 0.671875
vt 0.484375 0.671875
vt 0.484375 0.671875
vt 0.703125 0.917969
vt 0.703125 0.917969
vt 0.484375 0.671875
vt 0.484375 0.671875
vt 0.703125 0.917969
vt 0.703125 0.917969
vt 0.703125 0.917969
vt 0.703125 0.917969
vt 0.722656 0.933594
vt 0.722656 0.933594
vt 0.484375 0.671875
vt 0.484375 0.671875
vt 0.484375 0.671875
vt 0.484375 0.671875
vt 0.484375 0.671875
vt 0.484375 0.671875
vt 0.484375 0.671875
vt 0.484375 0.671875
vt 0.484375 0.671875
vt 0.484375 0.671875
vt 0.484375 0.671875
vt 0.484375 0.671875
vt 0.484375 0.671875
vt 0.484375 0.671875
vt 0.484375 0.671875
vt 0.847656 0.472656
vt 0.847656 0.472656
vt 0.847656 0.472656
vt 0.847656 0.472656
vt 0.847656 0.472656
vt 0.847656 0.472656
vt 0.847656 0.472656
vt 0.484375 0.671875
vt 0.847656 0.472656
vt 0.847656 0.472656
vt 0.847656 0.472656
vt 0.847656 0.472656
vt 0.847656 0.472656
vt 0.847656 0.472656
vt 0.847656 0.472656
vt 0.847656 0.472656
vt 0.847656 0.472656
vt 0.847656 0.472656
vt 0.847656 0.472656
vt 0.847656 0.472656
vt 0.847656 0.472656
vt 0.847656 0.472656
vt 0.847656 0.472656
vt 0.847656 0.472656
vt 0.847656 0.472656
vt 0.847656 0.472656
vt 0.847656 0.472656
vt 0.847656 0.472656
vt 0.847656 0.472656
vt 0.847656 0.472656
vt 0.847656 0.472656
vt 0.847656 0.472656
vt 0.847656 0.472656
vt 0.847656 0.472656
vt 0.847656 0.472656
vt 0.847656 0.472656
vt 0.847656 0.472656
vt 0.984375 0.906250
vt 0.984375 0.906250
vt 0.984375 0.906250
vt 0.984375 0.906250
vt 0.984375 0.906250
vt 0.984375 0.906250
vt 0.984375 0.906250
vt 0.984375 0.906250
vt 0.984375 0.906250
vt 0.984375 0.906250
vt 0.847656 0.472656
vt 0.847656 0.472656
vt 0.847656 0.472656
vt 0.847656 0.472656
vt 0.847656 0.472656
vt 0.847656 0.472656
vt 0.847656 0.472656
vt 0.847656 0.472656
vt 0.984375 0.906250
vt 0.984375 0.906250
vt 0.984375 0.906250
vt 0.984375 0.906250
vt 0.984375 0.906250
vt 0.984375 0.906250
vt 0.984375 0.906250
vt 0.984375 0.906250
vt 0.984375 0.906250
vt 0.984375 0.906250
vt 0.847656 0.472656
vt 0.847656 0.472656
vt 0.847656 0.472656
vt 0.847656 0.472656
vt 0.847656 0.472656
vt 0.847656 0.472656
vt 0.847656 0.472656
vt 0.847656 0.472656
vt 0.847656 0.472656
vt 0.847656 0.472656
vt 0.847656 0.472656
vt 0.847656 0.472656
vt 0.847656 0.472656
vt 0.847656 0.472656
vt 0.847656 0.472656
vt 0.847656 0.472656
vt 0.847656 0.472656
vt 0.847656 0.472656
vt 0.847656 0.472656
vt 0.847656 0.472656
vt 0.847656 0.472656
vt 0.847656 0.472656
vt 0.847656 0.472656
vt 0.847656 0.472656
vt 0.847656 0.472656
vt 0.847656 0.472656
vt 0.847656 0.472656
vt 0.847656 0.472656
vt 0.847656 0.472656
vt 0.847656 0.472656
vt 0.847656 0.472656
vt 0.847656 0.472656
vt 0.847656 0.472656
vt 0.847656 0.472656
vt 0.847656 0.472656
vt 0.847656 0.472656
vt 0.847656 0.472656
vt 0.847656 0.472656
vt 0.847656 0.472656
vt 0.847656 0.472656
vt 0.847656 0.472656
vt 0.847656 0.472656
vt 0.847656 0.472656
vt 0.847656 0.472656
vt 0.847656 0.472656
vt 0.847656 0.472656
vt 0.847656 0.472656
vt 0.847656 0.472656
vt 0.847656 0.472656
vt 0.847656 0.472656
vt 0.847656 0.472656
vt 0.847656 0.472656
vt 0.847656 0.472656
vt 0.847656 0.472656
vt 0.847656 0.472656
vt 0.847656 0.472656
vt 0.847656 0.472656
vt 0.847656 0.472656
vt 0.847656 0.472656
vt 0.847656 0.472656
vt 0.847656 0.472656
vt 0.847656 0.472656
vt 0.847656 0.472656
vt 0.847656 0.472656
vt 0.847656 0.472656
vt 0.847656 0.472656
vt 0.847656 0.472656
vt 0.847656 0.472656
vt 0.847656 0.472656
vt 0.847656 0.472656
vt 0.847656 0.472656
vt 0.847656 0.472656
vt 0.847656 0.472656
vt 0.847656 0.472656
vt 0.984375 0.906250
vt 0.984375 0.906250
vt 0.984375 0.906250
vt 0.984375 0.906250
vt 0.984375 0.906250
vt 0.984375 0.906250
vt 0.984375 0.906250
vt 0.984375 0.906250
vt 0.984375 0.906250
vt 0.984375 0.906250
vt 0.847656 0.472656
vt 0.847656 0.472656
vt 0.984375 0.906250
vt 0.984375 0.906250
vt 0.984375 0.906250
vt 0.984375 0.906250
vt 0.984375 0.906250
vt 0.984375 0.906250
vt 0.984375 0.906250
vt 0.984375 0.906250
vt 0.984375 0.906250
vt 0.984375 0.906250
vt 0.847656 0.472656
vt 0.847656 0.472656
vt 0.847656 0.472656
vt 0.847656 0.472656
vt 0.847656 0.472656
vt 0.847656 0.472656
vt 0.847656 0.472656
vt 0.847656 0.472656
vt 0.847656 0.472656
vt 0.847656 0.472656
vt 0.847656 0.472656
vt 0.847656 0.472656
vt 0.847656 0.472656
vt 0.847656 0.472656
vt 0.847656 0.472656
vt 0.847656 0.472656
vt 0.847656 0.472656
vt 0.847656 0.472656
vt 0.847656 0.472656
vt 0.847656 0.472656
vt 0.847656 0.472656
vt 0.847656 0.472656
vt 0.847656 0.472656
vt 0.847656 0.472656
vt 0.847656 0.472656
vt 0.847656 0.472656
vt 0.847656 0.472656
vt 0.847656 0.472656
vt 0.847656 0.472656
vt 0.847656 0.472656
vt 0.847656 0.472656
vt 0.847656 0.472656
vt 0.847656 0.472656
vt 0.847656 0.472656
vt 0.847656 0.472656
vt 0.847656 0.472656
vt 0.847656 0.472656
vt 0.847656 0.472656
vt 0.847656 0.472656
vt 0.847656 0.472656
vt 0.847656 0.472656
vt 0.847656 0.472656
vt 0.847656 0.472656
vt 0.847656 0.472656
vt 0.847656 0.472656
vt 0.847656 0.472656
vt 0.847656 0.472656
vt 0.847656 0.472656
vt 0.847656 0.472656
vt 0.847656 0.472656
vt 0.847656 0.472656
vt 0.847656 0.472656
vt 0.847656 0.472656
vt 0.847656 0.472656
vt 0.847656 0.472656
vt 0.847656 0.472656
vt 0.847656 0.472656
vt 0.847656 0.472656
vt 0.847656 0.472656
vt 0.847656 0.472656
vt 0.847656 0.472656
vt 0.847656 0.472656
vt 0.847656 0.472656
vt 0.847656 0.472656
vt 0.847656 0.472656
vt 0.847656 0.472656
vt 0.847656 0.472656
vt 0.847656 0.472656
vt 0.847656 0.472656
vt 0.847656 0.472656
vt 0.847656 0.472656
vt 0.847656 0.472656
vt 0.847656 0.472656
vt 0.847656 0.472656
vt 0.847656 0.472656
vt 0.847656 0.472656
vt 0.847656 0.472656
vt 0.847656 0.472656
vt 0.847656 0.472656
vt 0.847656 0.472656
vt 0.847656 0.472656
vt 0.847656 0.472656
vt 0.847656 0.472656
vt 0.847656 0.472656
vt 0.847656 0.472656
vt 0.847656 0.472656
vt 0.847656 0.472656
vt 0.847656 0.472656
vt 0.847656 0.472656
vt 0.847656 0.472656
vt 0.847656 0.472656
vt 0.847656 0.472656
vt 0.847656 0.472656
vt 0.847656 0.472656
vt 0.847656 0.472656
vt 0.847656 0.472656
vt 0.847656 0.472656
vt 0.847656 0.472656
vt 0.847656 0.472656
vt 0.847656 0.472656
vt 0.847656 0.472656
vt 0.847656 0.472656
vt 0.847656 0.472656
vt 0.847656 0.472656
vt 0.847656 0.472656
vt 0.847656 0.472656
vt 0.847656 0.472656
vt 0.847656 0.472656
vt 0.847656 0.472656
vt 0.847656 0.472656
vt 0.847656 0.472656
vt 0.847656 0.472656
vt 0.847656 0.472656
vt 0.847656 0.472656
vt 0.847656 0.472656
vt 0.847656 0.472656
vt 0.847656 0.472656
vt 0.847656 0.472656
vt 0.847656 0.472656
vt 0.847656 0.472656
vt 0.847656 0.472656
vt 0.847656 0.472656
vt 0.847656 0.472656
vt 0.847656 0.472656
vt 0.847656 0.472656
vt 0.847656 0.472656
vt 0.847656 0.472656
vt 0.847656 0.472656
vt 0.847656 0.472656
vt 0.847656 0.472656
vt 0.847656 0.472656
vt 0.847656 0.472656
vt 0.847656 0.472656
vt 0.847656 0.472656
vt 0.847656 0.472656
vt 0.847656 0.472656
vt 0.847656 0.472656
vt 0.847656 0.472656
vt 0.847656 0.472656
vt 0.847656 0.472656
vt 0.847656 0.472656
vt 0.847656 0.472656
vt 0.847656 0.472656
vt 0.847656 0.472656
vt 0.847656 0.472656
vt 0.847656 0.472656
vt 0.847656 0.472656
vt 0.847656 0.472656
vt 0.847656 0.472656
vt 0.847656 0.472656
vt 0.847656 0.472656
vt 0.847656 0.472656
vt 0.847656 0.472656
vt 0.847656 0.472656
vt 0.847656 0.472656
vt 0.847656 0.472656
vt 0.847656 0.472656
vt 0.847656 0.472656
vt 0.847656 0.472656
vt 0.847656 0.472656
vt 0.847656 0.472656
vt 0.847656 0.472656
vt 0.847656 0.472656
vt 0.847656 0.472656
vt 0.847656 0.472656
vt 0.847656 0.472656
vt 0.847656 0.472656
vt 0.847656 0.472656
vt 0.847656 0.472656
vt 0.847656 0.472656
vt 0.847656 0.472656
vt 0.847656 0.472656
vt 0.847656 0.472656
vt 0.847656 0.472656
vt 0.847656 0.472656
vt 0.847656 0.472656
vt 0.847656 0.472656
vt 0.847656 0.472656
vt 0.847656 0.472656
vt 0.847656 0.472656
vt 0.847656 0.472656
vt 0.847656 0.472656
vt 0.847656 0.472656
vt 0.847656 0.472656
vt 0.847656 0.472656
vt 0.847656 0.472656
vt 0.847656 0.472656
vt 0.847656 0.472656
vt 0.847656 0.472656
vt 0.847656 0.472656
vt 0.847656 0.472656
vt 0.484375 0.671875
vt 0.484375 0.671875
vt 0.484375 0.671875
vt 0.484375 0.671875
vt 0.484375 0.671875
vt 0.484375 0.671875
vt 0.484375 0.671875
vt 0.484375 0.671875
vt 0.484375 0.671875
vt 0.484375 0.671875
vt 0.484375 0.671875
vt 0.847656 0.472656
vt 0.847656 0.472656
vt 0.847656 0.472656
vt 0.847656 0.472656
vt 0.847656 0.472656
vt 0.847656 0.472656
vt 0.847656 0.472656
vt 0.847656 0.472656
vt 0.847656 0.472656
vt 0.847656 0.472656
vt 0.847656 0.472656
vt 0.847656 0.472656
vt 0.484375 0.671875
vt 0.484375 0.671875
vt 0.484375 0.671875
vt 0.484375 0.671875
vt 0.484375 0.671875
vt 0.484375 0.671875
vt 0.484375 0.671875
vt 0.484375 0.671875
vt 0.484375 0.671875
vt 0.484375 0.671875
vt 0.484375 0.671875
vt 0.484375 0.671875
vt 0.484375 0.671875
vt 0.484375 0.671875
vt 0.484375 0.671875
vt 0.484375 0.671875
vt 0.484375 0.671875
vt 0.484375 0.671875
vt 0.484375 0.671875
vt 0.484375 0.671875
vt 0.484375 0.671875
vt 0.484375 0.671875
vt 0.484375 0.671875
vt 0.484375 0.671875
vt 0.484375 0.671875
vt 0.484375 0.671875
vt 0.484375 0.671875
vt 0.484375 0.671875
vt 0.484375 0.671875
vt 0.484375 0.671875
vt 0.484375 0.671875
vt 0.484375 0.671875
vt 0.484375 0.671875
vt 0.484375 0.671875
vt 0.484375 0.671875
vt 0.484375 0.671875
vt 0.484375 0.671875
vt 0.484375 0.671875
vt 0.484375 0.671875
vt 0.484375 0.671875
vt 0.484375 0.671875
vt 0.484375 0.671875
vt 0.484375 0.671875
vt 0.484375 0.671875
vt 0.484375 0.671875
vt 0.722656 0.933594
vt 0.722656 0.933594
vt 0.722656 0.933594
vt 0.722656 0.933594
vt 0.722656 0.933594
vt 0.722656 0.933594
vt 0.722656 0.933594
vt 0.722656 0.933594
vt 0.722656 0.933594
vt 0.722656 0.933594
vt 0.722656 0.933594
vt 0.722656 0.933594
vt 0.722656 0.933594
vt 0.722656 0.933594
vt 0.703125 0.917969
vt 0.703125 0.917969
vt 0.703125 0.917969
vt 0.703125 0.917969
vt 0.703125 0.917969
vt 0.703125 0.917969
vt 0.703125 0.917969
vt 0.703125 0.917969
vt 0.703125 0.917969
vt 0.703125 0.917969
vt 0.703125 0.917969
vt 0.703125 0.917969
vt 0.703125 0.917969
vt 0.703125 0.917969
vt 0.484375 0.671875
vt 0.484375 0.671875
vt 0.484375 0.671875
vt 0.484375 0.671875
vt 0.484375 0.671875
vt 0.484375 0.671875
vt 0.484375 0.671875
vt 0.484375 0.671875
vt 0.484375 0.671875
vt 0.484375 0.671875
vt 0.484375 0.671875
vt 0.484375 0.671875
vt 0.484375 0.671875
vt 0.484375 0.671875
vt 0.484375 0.671875
vt 0.484375 0.671875
vt 0.484375 0.671875
vt 0.484375 0.671875
vt 0.484375 0.671875
vt 0.484375 0.671875
vt 0.484375 0.671875
vt 0.484375 0.671875
vt 0.484375 0.671875
vt 0.484375 0.671875
vt 0.484375 0.671875
vt 0.484375 0.671875
vt 0.484375 0.671875
vt 0.484375 0.671875
vt 0.484375 0.671875
vt 0.484375 0.671875
vt 0.484375 0.671875
vt 0.484375 0.671875
vt 0.484375 0.671875
vt 0.484375 0.671875
vt 0.484375 0.671875
vt 0.484375 0.671875
vt 0.847656 0.472656
vt 0.847656 0.472656
vt 0.847656 0.472656
vt 0.847656 0.472656
vt 0.847656 0.472656
vt 0.847656 0.472656
vt 0.847656 0.472656
vt 0.847656 0.472656
vt 0.847656 0.472656
vt 0.847656 0.472656
vt 0.847656 0.472656
vt 0.847656 0.472656
vt 0.847656 0.472656
vt 0.847656 0.472656
vt 0.847656 0.472656
vt 0.847656 0.472656
vt 0.847656 0.472656
vt 0.847656 0.472656
vt 0.703125 0.917969
vt 0.703125 0.917969
vt 0.722656 0.933594
vt 0.722656 0.933594
vt 0.703125 0.917969
vt 0.703125 0.917969
vt 0.722656 0.933594
vt 0.722656 0.933594
vt 0.722656 0.933594
vt 0.703125 0.917969
vt 0.722656 0.933594
vt 0.703125 0.917969
vt 0.703125 0.917969
vt 0.703125 0.917969
vt 0.703125 0.917969
vt 0.703125 0.917969
vt 0.703125 0.917969
vt 0.703125 0.917969
vt 0.703125 0.917969
vt 0.722656 0.933594
vt 0.722656 0.933594
vt 0.722656 0.933594
vt 0.722656 0.933594
vt 0.722656 0.933594
vt 0.722656 0.933594
vt 0.722656 0.933594
vt 0.703125 0.917969
vt 0.703125 0.917969
vt 0.703125 0.917969
vt 0.703125 0.917969
vt 0.703125 0.917969
vt 0.703125 0.917969
vt 0.703125 0.917969
vt 0.722656 0.933594
vt 0.722656 0.933594
vt 0.722656 0.933594
vt 0.722656 0.933594
vt 0.722656 0.933594
vt 0.722656 0.933594
vt 0.722656 0.933594
vn -1.0000 0.0000 0.0000
vn 0.9541 0.0000 -0.2995
vn 1.0000 0.0000 0.0000
vn -0.9522 0.0068 0.3053
vn 0.0000 -1.0000 0.0000
vn 0.0000 -0.0223 -0.9998
vn -1.0000 0.0014 -0.0022
vn -0.9950 -0.0022 -0.0998
vn -0.9541 0.0000 -0.2995
vn 0.0000 0.0000 1.0000
vn 0.9950 0.0000 0.0999
vn -0.9953 0.0000 0.0969
vn 0.0000 0.8927 0.4507
vn -0.6104 -0.7921 0.0000
vn 1.0000 0.0014 -0.0022
vn -0.4378 -0.6016 0.6681
vn 0.9379 -0.2118 -0.2748
vn 0.6104 0.7921 0.0000
vn -0.0026 1.0000 0.0001
vn -0.0011 1.0000 0.0001
vn -0.0063 0.9997 -0.0217
vn 0.0063 0.9997 -0.0217
vn 0.0000 0.9991 -0.0436
vn 0.9889 -0.0879 0.1201
vn -0.9522 0.0073 0.3053
vn 0.9953 -0.0022 -0.0968
vn 0.9522 0.0068 0.3053
vn 0.0000 0.0223 0.9998
vn 0.0000 -0.1325 -0.9912
vn -0.8802 -0.0292 0.4737
vn -0.0001 -0.0342 -0.9994
vn 0.0000 0.0513 0.9987
vn 0.0000 -0.6213 0.7835
vn 0.8750 -0.0436 0.4821
vn 0.0001 0.1325 0.9912
vn 0.0002 1.0000 0.0001
vn 0.0010 1.0000 0.0001
vn 0.6109 0.7913 0.0268
vn 0.0000 -0.9991 0.0436
vn 0.0000 1.0000 0.0000
vn 0.0026 1.0000 0.0001
vn -0.0014 1.0000 0.0001
vn 0.0000 1.0000 0.0001
vn 0.0000 -0.0001 1.0000
vn -0.0001 0.0001 -1.0000
vn -0.5766 -0.8170 0.0000
vn 0.7862 -0.6180 0.0000
vn 0.5973 0.8020 0.0000
vn -0.6014 -0.7989 0.0000
vn -0.6042 -0.7968 0.0000
vn 0.5972 0.7876 -0.1519
vn 0.6088 0.7933 0.0000
vn -0.6101 -0.7919 -0.0265
vn -0.7862 -0.6180 0.0000
vn 0.5905 -0.8070 0.0000
vn 0.5974 -0.8020 0.0000
vn 0.5950 -0.7947 0.1206
vn 0.5713 -0.7333 -0.3686
vn 0.6080 -0.7936 -0.0241
vn 0.6088 -0.7933 0.0000
vn 0.0000 0.9997 0.0230
vn 0.5906 -0.8067 -0.0200
vn -0.5973 0.8020 0.0000
vn -0.6015 0.7989 0.0000
vn 0.6062 -0.7953 0.0000
vn 0.5972 -0.7876 0.1519
vn 0.0000 -0.8927 -0.4507
vn -0.5929 -0.7990 0.0999
vn -0.5650 -0.7372 -0.3706
vn -0.5686 -0.7350 -0.3695
vn 0.4372 0.6020 -0.6681
vn -0.5746 -0.7313 -0.3676
vn 0.6097 0.7926 0.0000
vn -0.8055 -0.5888 0.0671
vn 0.5867 -0.8037 0.0987
vn 0.5975 -0.8016 -0.0208
vn 0.6015 -0.7989 0.0000
vn -0.7858 -0.6104 0.0996
vn 0.6065 -0.7947 -0.0237
vn 0.4365 -0.6017 0.6689
vn -0.6088 0.7933 0.0000
vn 0.7842 -0.6138 0.0906
vn -0.4350 -0.6035 0.6683
vn 0.6042 0.7968 0.0000
vn 0.7824 -0.6142 0.1029
vn 0.6076 0.7942 0.0000
vn 0.6092 0.7926 0.0264
vn -0.5977 -0.7851 0.1623
vn -0.9371 -0.2130 -0.2764
vn 0.0000 -0.6104 -0.7921
vn 0.0000 -0.7921 0.6104
vn 0.9371 0.2131 0.2764
vn 0.9371 0.2130 0.2764
vn -0.9072 -0.4149 -0.0700
vn -0.5509 0.7456 0.3749
vn 0.5929 -0.7990 0.0999
vn 0.4352 -0.6025 0.6690
vn -0.8149 -0.5352 -0.2224
vn -0.6062 0.7953 0.0000
vn -0.6076 0.7942 0.0000
vn 0.4368 -0.6015 0.6689
vn 0.0000 -0.9991 0.0433
vn 0.5765 0.8169 0.0177
vn 0.8674 -0.4760 -0.1448
vn -0.5973 -0.8020 0.0000
vn 0.6014 0.7989 0.0000
vn -0.6045 -0.7962 -0.0249
vn 0.8064 -0.5433 -0.2336
vn 0.5970 0.7857 -0.1621
vn -0.5758 -0.7305 -0.3672
vn 0.5754 0.8154 -0.0641
vn 0.6017 0.7984 0.0245
vn -0.6076 -0.7942 0.0000
vn -0.6088 -0.7933 0.0000
vn -0.4376 -0.6018 0.6681
vn -0.5905 0.8070 -0.0000
vn -0.5974 0.8020 0.0000
vn 0.5967 -0.7893 0.1444
vn 0.6076 -0.7942 0.0000
vn -0.6092 0.7926 0.0246
vn -0.7869 -0.5607 -0.2578
vn -0.7838 -0.6125 0.1029
vn 0.0000 0.9991 -0.0434
vn 0.0000 -0.9997 -0.0235
vn 0.0000 0.7921 -0.6104
vn -0.7840 -0.6122 0.1025
vn -0.7904 -0.5577 -0.2536
vn 0.0000 -0.9997 -0.0225
vn -0.7843 -0.6120 0.1021
vn -0.7946 -0.5540 -0.2484
vn 0.5975 -0.7862 0.1577
vn 0.6092 -0.7927 -0.0244
vn 0.5747 -0.7312 -0.3675
vn -0.5969 0.7857 -0.1621
vn -0.7846 -0.6116 0.1015
vn -0.7998 -0.5493 -0.2419
vn 0.5732 -0.7321 -0.3680
vn -0.5965 0.7870 -0.1574
vn -0.6080 0.7936 0.0243
vn -0.7851 -0.6111 0.1007
vn -0.8064 -0.5433 -0.2336
vn -0.5959 0.7886 -0.1515
vn -0.6065 0.7947 0.0239
vn 0.4362 -0.6019 0.6689
vn -0.7869 -0.6093 0.0979
vn -0.8264 -0.5237 -0.2068
vn 0.6017 -0.7984 -0.0223
vn 0.5651 -0.7371 -0.3706
vn -0.5937 0.7935 -0.1338
vn -0.6017 0.7984 0.0228
vn -0.7887 -0.6074 0.0950
vn -0.8428 -0.5061 -0.1835
vn 0.5597 -0.7404 -0.3722
vn -0.5913 0.7975 -0.1197
vn 0.4344 -0.6031 0.6690
vn -0.5975 0.8016 0.0218
vn 0.5973 -0.8020 0.0000
vn -0.7925 -0.6034 0.0889
vn -0.8674 -0.4760 -0.1448
vn -0.4327 0.6042 -0.6691
vn -0.5886 0.8057 -0.0658
vn -0.5906 0.8068 0.0177
vn 0.0000 0.6104 0.7921
vn -0.9379 0.2118 0.2748
vn 0.0000 0.6105 0.7920
vn 0.0000 -0.6105 -0.7920
vn 0.7869 -0.5607 -0.2578
vn 0.7821 -0.6143 0.1052
vn 0.5975 0.7838 -0.1691
vn -0.5979 -0.7842 0.1661
vn -0.6109 -0.7913 -0.0267
vn -0.5768 -0.7299 -0.3669
vn 0.6105 0.7921 0.0000
vn 0.7821 -0.6142 0.1048
vn 0.7904 -0.5577 -0.2536
vn -0.6097 -0.7926 0.0000
vn 0.5973 0.7847 -0.1659
vn 0.6101 0.7919 0.0266
vn 0.7822 -0.6142 0.1043
vn 0.7946 -0.5540 -0.2484
vn -0.4374 -0.6019 0.6681
vn -0.5975 -0.7862 0.1577
vn -0.6092 -0.7926 -0.0263
vn 0.7823 -0.6142 0.1037
vn 0.7998 -0.5493 -0.2419
vn 0.6080 0.7935 0.0259
vn 0.5731 0.7322 0.3681
vn -0.5966 -0.7870 0.1574
vn -0.6080 -0.7935 -0.0261
vn 0.7826 -0.6142 0.1018
vn 0.8149 -0.5352 -0.2224
vn 0.5951 0.7907 -0.1439
vn 0.6045 0.7962 0.0252
vn -0.4365 -0.6025 0.6682
vn -0.5961 -0.7916 0.1345
vn 0.7828 -0.6141 0.1000
vn 0.8264 -0.5237 -0.2068
vn -0.4359 -0.6029 0.6682
vn -0.5950 -0.7946 0.1206
vn -0.6017 -0.7984 -0.0240
vn 0.5937 0.7935 -0.1338
vn 0.7833 -0.6140 0.0970
vn 0.8428 -0.5061 -0.1835
vn -0.5975 -0.8016 -0.0224
vn 0.5914 0.7975 -0.1197
vn 0.5975 0.8015 0.0235
vn -0.5596 -0.7405 -0.3723
vn 0.7872 -0.6129 0.0682
vn 0.9072 -0.4149 -0.0700
vn 0.5766 0.8170 0.0000
vn -0.5334 -0.7557 -0.3800
vn -0.4286 -0.6077 0.6685
vn 0.0000 0.0000 -1.0000
vn 0.0000 -0.9744 -0.2249
vn 0.0000 -0.5251 0.8511
vn 0.0000 0.2634 0.9647
vn 0.0000 0.6105 0.7921
vn 0.0000 -0.6105 -0.7921
vn -0.0000 0.0001 -1.0000
vn -0.8869 -0.0612 -0.4578
vn -0.9964 -0.0623 0.0577
vn 0.0001 0.6789 0.7343
vn -0.0001 -0.0341 -0.9994
vn 0.9994 0.0249 -0.0231
vn 0.8897 -0.0605 -0.4525
vn -0.9950 -0.0133 -0.0993
vn 0.0000 0.0240 0.9997
vn 0.0000 -0.0240 -0.9997
vn 0.9990 -0.0011 -0.0458
vn 0.0000 -0.2634 -0.9647
vn 0.0000 0.9997 -0.0240
vn 0.9522 0.0073 0.3053
vn -0.9748 -0.0054 -0.2232
vn -0.9907 -0.0033 -0.1361
vn 0.9748 0.0054 0.2232
vn 0.9907 0.0033 0.1361
vn -0.9990 -0.0011 -0.0458
vn -0.9990 0.0011 0.0458
vn 0.0000 0.0239 0.9997
vn 0.9990 0.0011 0.0458
vn -0.9907 0.0033 0.1361
vn 0.9907 -0.0033 -0.1361
vn -0.9748 0.0054 0.2232
vn 0.9748 -0.0054 -0.2232
vn 0.0001 -0.0001 1.0000
vn -0.0000 0.9774 -0.2114
vn 0.0014 0.9775 -0.2111
vn -0.0134 0.9771 -0.2123
vn 0.0000 0.9599 -0.2802
vn -0.0014 0.9602 -0.2793
vn 0.0015 0.9602 -0.2792
vn -0.0050 0.9776 -0.2103
vn 0.0008 0.9600 -0.2801
vn -0.8889 -0.1116 -0.4442
vn 0.0001 0.2460 0.9693
vn 0.9999 0.0040 0.0159
vn 0.0000 -0.2460 -0.9693
vn -0.9991 0.0105 0.0413
vn 0.9972 0.0174 0.0731
vn 0.9677 0.0620 0.2443
vn -0.9677 -0.0620 -0.2443
vn -0.0001 -0.2459 -0.9693
vn 0.9991 -0.0105 -0.0413
vn 0.0001 0.2459 0.9693
vn 0.9953 -0.0129 -0.0963
vn -0.0008 0.9599 -0.2804
vn 0.0050 0.9775 -0.2107
vn 0.0000 -0.2457 -0.9693
vn 0.9183 0.0963 0.3841
vn 0.0001 0.2457 0.9693
vn -0.9950 -0.0235 -0.0971
vn -0.9972 -0.0185 -0.0729
vn -0.9183 -0.0974 -0.3838
vn 0.9989 0.0113 0.0444
vn 0.0000 -0.2459 -0.9693
vn 0.9960 0.0220 0.0867
vn -0.9989 -0.0113 -0.0444
vn -0.9999 0.0032 0.0128
vn 0.0000 0.2459 0.9693
vn -0.9967 0.0198 0.0782
vn 0.9698 -0.0600 -0.2365
vn -0.9698 0.0600 0.2365
vn 0.9974 -0.0177 -0.0698
vn 0.9212 -0.0957 -0.3771
vn -0.9999 -0.0029 -0.0108
vn 0.9036 0.1128 0.4133
vn -0.9036 0.1128 0.4133
vn 0.9999 -0.0029 -0.0108
vn 0.0000 0.9999 -0.0147
vn 0.0000 0.9748 0.2230
vn 0.0000 0.5251 -0.8510
vn 0.9999 0.0055 -0.0088
vn -0.9999 0.0055 -0.0088
vn -0.0002 1.0000 0.0001
vn -0.0005 1.0000 0.0001
vn -0.0008 1.0000 0.0001
vn 0.0014 1.0000 0.0001
vn 0.0011 1.0000 0.0001
vn 0.0008 1.0000 0.0001
vn 0.0005 1.0000 0.0001
vn -0.6105 -0.7921 0.0000
vn -0.9932 -0.0577 0.1016
vn 0.9903 -0.0885 0.1067
vn 0.9909 -0.0826 0.1063
vn -0.9924 -0.0683 0.1023
vn 0.0006 0.9775 -0.2111
vn -0.0006 0.9775 -0.2107
vn -0.0014 0.9775 -0.2111
vn 0.0063 0.9773 -0.2116
vn 0.7949 -0.6028 0.0684
vn 0.7855 -0.6112 0.0971
vn 0.7845 -0.6120 0.1001
vn 0.7839 -0.6125 0.1018
vn 0.7832 -0.6130 0.1038
vn 0.7830 -0.6132 0.1044
vn 0.7828 -0.6133 0.1048
vn 0.7827 -0.6134 0.1052
vn -0.7843 -0.6140 0.0886
vn -0.7834 -0.6142 0.0948
vn -0.7830 -0.6143 0.0978
vn -0.7826 -0.6144 0.1006
vn -0.7825 -0.6144 0.1014
vn -0.7824 -0.6144 0.1020
vn -0.7823 -0.6144 0.1025
vn -0.7823 -0.6144 0.1028
vn -0.6092 0.7927 0.0246
vn 0.7835 -0.6128 0.1030
vn 0.7877 -0.6094 0.0908
vn -0.7828 -0.6143 0.0995
vn -0.7872 -0.6131 0.0667
vn -0.9913 -0.0678 0.1130
vn -0.9917 -0.0618 0.1123
vn 0.9918 -0.0715 0.1055
vn -0.9922 -0.0540 0.1125
vn 0.9907 -0.0810 0.1090
vn 0.9901 -0.0753 0.1182
vn -0.9929 -0.0582 0.1037
vn -0.9924 -0.0671 0.1029
vn 0.9887 -0.0863 0.1223
vn -0.9917 -0.0620 0.1128
vn 0.9921 -0.0702 0.1040
vn -0.9921 -0.0529 0.1134
vn 0.9908 -0.0813 0.1085
vn 0.9901 -0.0750 0.1187
vn -0.9930 -0.0579 0.1033
vn -0.9924 -0.0685 0.1019
vn 0.9884 -0.0879 0.1240
vn -0.1045 -0.0573 -0.9929
vn -0.1102 0.0481 0.9927
vn 0.0898 0.9909 -0.1007
vn 0.1093 -0.0595 -0.9922
vn -0.1000 -0.9746 0.2005
vn 0.0812 -0.9758 0.2029
vn -0.0713 0.9921 -0.1029
vn 0.1053 0.0455 0.9934
vn -0.9918 -0.0601 0.1123
vn -0.1047 -0.0550 -0.9930
vn -0.9926 -0.0625 0.1037
vn 0.9895 -0.0806 0.1199
vn 0.9910 -0.0783 0.1082
vn -0.9919 -0.0597 0.1123
vn -0.9926 -0.0623 0.1042
vn 0.9896 -0.0804 0.1192
vn 0.9910 -0.0783 0.1088
vn -0.9919 -0.0597 0.1119
vn 0.7926 -0.6030 0.0909
vn 0.7850 -0.6109 0.1030
vn 0.7836 -0.6123 0.1052
vn 0.7838 -0.6120 0.1049
vn 0.7841 -0.6117 0.1044
vn 0.7845 -0.6114 0.1038
vn 0.7857 -0.6101 0.1019
vn 0.7868 -0.6090 0.1002
vn 0.7887 -0.6071 0.0972
vn 0.8059 -0.5881 0.0687
vn 0.0133 0.9771 -0.2123
vn 0.9915 -0.0752 0.1058
vn -0.9930 -0.0606 0.1018
vn 0.0035 0.9775 -0.2108
vn -0.0035 0.9776 -0.2105
vn -0.0098 0.9772 -0.2120
vn -0.7900 -0.6066 0.0888
vn -0.7871 -0.6094 0.0950
vn -0.7857 -0.6108 0.0979
vn -0.7844 -0.6121 0.1007
vn -0.7840 -0.6124 0.1015
vn -0.7837 -0.6127 0.1021
vn -0.7835 -0.6129 0.1025
vn -0.7833 -0.6131 0.1029
vn -0.7849 -0.6116 0.0996
vn -0.8000 -0.5963 0.0670
vn -0.7948 -0.6032 0.0669
vn -0.7840 -0.6127 0.0995
vn -0.7829 -0.6136 0.1028
vn -0.7830 -0.6135 0.1025
vn -0.7832 -0.6134 0.1020
vn -0.7834 -0.6132 0.1015
vn -0.7836 -0.6130 0.1007
vn -0.7846 -0.6122 0.0978
vn -0.7856 -0.6114 0.0949
vn -0.7877 -0.6096 0.0887
vn -0.0064 0.9773 -0.2116
vn -0.0022 0.9776 -0.2106
vn 0.0023 0.9775 -0.2109
vn -0.9928 -0.0636 0.1020
vn -0.9921 -0.0578 0.1115
vn 0.9912 -0.0758 0.1085
vn -0.9921 -0.0575 0.1119
vn 0.9913 -0.0756 0.1079
vn 0.9883 -0.0912 0.1223
vn 0.9898 -0.0783 0.1193
vn -0.9928 -0.0602 0.1035
vn 0.9898 -0.0777 0.1193
vn -0.9928 -0.0602 0.1040
vn 0.9899 -0.0778 0.1187
vn 0.7900 -0.6063 0.0909
vn 0.7842 -0.6119 0.1030
vn 0.7831 -0.6129 0.1052
vn -0.6109 -0.7913 -0.0268
vn 0.7833 -0.6127 0.1049
vn 0.7835 -0.6125 0.1044
vn 0.7838 -0.6122 0.1038
vn 0.7848 -0.6113 0.1019
vn 0.7856 -0.6106 0.1001
vn 0.7871 -0.6092 0.0972
vn 0.8003 -0.5957 0.0686
vn -0.5767 -0.8170 0.0000
vn 0.0097 0.9772 -0.2119
vn 0.9912 -0.0789 0.1061
vn -0.9917 -0.0619 0.1130
vn -0.1093 0.0586 0.9923
vn 0.1047 0.0550 0.9930
vn 0.1093 -0.0586 -0.9923
vn 0.9917 0.0619 -0.1130
vn -0.9883 0.0912 -0.1223
vn -0.9908 -0.0615 0.1203
vn 0.9924 0.0623 -0.1063
vn 0.0762 -0.9855 0.1518
vn -0.0762 0.9855 -0.1518
vn -0.9924 -0.0623 0.1063
vn 0.0786 -0.9812 0.1761
vn -0.0786 0.9812 -0.1761
vn 0.9908 0.0615 -0.1203
vn -0.0960 -0.9825 0.1598
vn -0.0972 -0.9803 0.1722
vn 0.0960 0.9825 -0.1598
vn 0.9868 -0.0905 0.1341
vn -0.9868 0.0905 -0.1341
vn -0.9883 0.0912 -0.1226
vn 0.0972 0.9803 -0.1722
vn 0.9883 -0.0912 0.1226
vn 0.9899 -0.0783 0.1180
vn -0.9920 -0.0602 0.1113
vn 0.9904 -0.0888 0.1062
vn -0.9923 -0.0684 0.1036
vn -0.9935 -0.0537 0.1001
vn 0.9919 -0.0701 0.1059
vn 0.9904 -0.0870 0.1075
vn -0.9923 -0.0670 0.1043
vn -0.9933 -0.0547 0.1013
vn 0.9917 -0.0714 0.1071
vn -0.9914 -0.0679 0.1122
vn 0.9890 -0.0880 0.1190
vn 0.0023 0.9776 -0.2105
vn 0.0035 0.9776 -0.2104
vn 0.0006 0.9776 -0.2107
vn 0.0050 0.9776 -0.2103
vn -0.0008 0.9600 -0.2801
vn -0.0022 0.9775 -0.2110
vn -0.0035 0.9775 -0.2109
vn -0.0006 0.9775 -0.2111
vn 0.0008 0.9599 -0.2804
vn -0.0049 0.9775 -0.2108
vn -1.0000 -0.0000 0.0001
vn -0.9981 0.0454 -0.0420
vn -0.0001 -0.6789 -0.7343
vn 0.9935 -0.0838 0.0774
vn -0.0000 0.7343 -0.6789
vn 1.0000 0.0000 -0.0001
vn 0.0000 -0.7343 0.6789
vn 0.9899 -0.0884 0.1105
vn 0.9898 -0.0883 0.1116
vn 0.9897 -0.0882 0.1128
vn 0.9896 -0.0882 0.1140
vn 0.9894 -0.0881 0.1153
vn 0.9893 -0.0881 0.1165
vn 0.9891 -0.0880 0.1177
vn -0.9921 -0.0682 0.1054
vn -0.9920 -0.0681 0.1062
vn -0.9919 -0.0681 0.1072
vn -0.9918 -0.0680 0.1082
vn -0.9917 -0.0680 0.1091
vn -0.9916 -0.0680 0.1101
vn -0.9915 -0.0679 0.1111
vn 0.9903 -0.0707 0.1195
vn 0.9905 -0.0707 0.1179
vn 0.9907 -0.0709 0.1162
vn 0.9909 -0.0710 0.1144
vn 0.9911 -0.0711 0.1126
vn 0.9913 -0.0712 0.1109
vn 0.9915 -0.0713 0.1091
vn -0.9912 -0.0665 0.1148
vn -0.9913 -0.0666 0.1134
vn -0.9915 -0.0667 0.1119
vn -0.9916 -0.0667 0.1104
vn -0.9918 -0.0668 0.1089
vn -0.9920 -0.0669 0.1074
vn -0.9921 -0.0669 0.1059
vn 0.9903 -0.0692 0.1206
vn 0.9905 -0.0693 0.1187
vn 0.9907 -0.0695 0.1166
vn 0.9910 -0.0696 0.1145
vn 0.9912 -0.0697 0.1124
vn 0.9914 -0.0698 0.1103
vn 0.9917 -0.0700 0.1082
vn -0.9909 -0.0678 0.1162
vn -0.9911 -0.0679 0.1146
vn -0.9913 -0.0680 0.1128
vn -0.9915 -0.0681 0.1109
vn -0.9917 -0.0682 0.1091
vn -0.9919 -0.0683 0.1073
vn -0.9921 -0.0683 0.1055
vn -0.9928 -0.0606 0.1037
vn -0.9927 -0.0605 0.1047
vn -0.9925 -0.0605 0.1058
vn -0.9924 -0.0604 0.1069
vn -0.9923 -0.0604 0.1080
vn -0.9922 -0.0603 0.1090
vn -0.9921 -0.0602 0.1101
vn 0.9910 -0.0789 0.1085
vn 0.9908 -0.0788 0.1097
vn 0.9907 -0.0787 0.1111
vn 0.9905 -0.0786 0.1124
vn 0.9904 -0.0786 0.1138
vn 0.9902 -0.0785 0.1152
vn 0.9901 -0.0784 0.1165
vn 0.1092 -0.0595 -0.9922
vn 0.9902 -0.0887 0.1083
vn 0.9899 -0.0886 0.1108
vn 0.9896 -0.0884 0.1130
vn 0.9894 -0.0883 0.1153
vn 0.9891 -0.0882 0.1175
vn 0.9889 -0.0881 0.1198
vn 0.9886 -0.0880 0.1220
vn -0.9934 -0.0536 0.1016
vn -0.9932 -0.0535 0.1035
vn -0.9930 -0.0534 0.1052
vn -0.9928 -0.0533 0.1068
vn -0.9927 -0.0532 0.1085
vn -0.9925 -0.0531 0.1102
vn -0.9923 -0.0530 0.1119
vn 0.9902 -0.0869 0.1092
vn 0.9900 -0.0868 0.1113
vn 0.9898 -0.0867 0.1131
vn 0.9896 -0.0866 0.1150
vn 0.9894 -0.0865 0.1169
vn 0.9892 -0.0865 0.1188
vn 0.9889 -0.0864 0.1206
vn -0.9932 -0.0546 0.1026
vn -0.9931 -0.0545 0.1042
vn -0.9929 -0.0544 0.1056
vn -0.9928 -0.0544 0.1070
vn -0.9926 -0.0543 0.1084
vn -0.9925 -0.0542 0.1098
vn -0.9923 -0.0541 0.1113
vn 0.9892 -0.0836 0.1204
vn -0.9922 -0.0560 0.1115
vn 0.9903 -0.0731 0.1182
vn -0.9915 -0.0644 0.1132
vn -0.9916 -0.0644 0.1122
vn 0.9904 -0.0732 0.1171
vn -0.9923 -0.0560 0.1105
vn 0.9894 -0.0837 0.1191
vn 0.9905 -0.0842 0.1091
vn 0.9903 -0.0841 0.1103
vn 0.9902 -0.0840 0.1118
vn 0.9900 -0.0840 0.1132
vn 0.9899 -0.0839 0.1146
vn 0.9897 -0.0838 0.1160
vn 0.9895 -0.0837 0.1175
vn -0.9930 -0.0564 0.1033
vn -0.9930 -0.0564 0.1042
vn -0.9928 -0.0563 0.1052
vn -0.9927 -0.0563 0.1063
vn -0.9926 -0.0562 0.1073
vn -0.9925 -0.0562 0.1084
vn -0.9924 -0.0561 0.1094
vn 0.9914 -0.0737 0.1079
vn 0.9913 -0.0736 0.1091
vn 0.9912 -0.0735 0.1104
vn 0.9910 -0.0735 0.1117
vn 0.9909 -0.0734 0.1130
vn 0.9907 -0.0733 0.1143
vn 0.9906 -0.0732 0.1156
vn -0.9924 -0.0648 0.1042
vn -0.9923 -0.0648 0.1052
vn -0.9922 -0.0647 0.1063
vn -0.9921 -0.0647 0.1075
vn -0.9920 -0.0646 0.1086
vn -0.9919 -0.0646 0.1098
vn -0.9917 -0.0645 0.1109
usemtl Material.001
s off
f 64/1/1 59/2/1 26/3/1 17/4/1
f 8/5/2 7/6/2 21/7/2 30/8/2
f 51/9/3 52/10/3 28/11/3 19/12/3
f 27/13/4 12/14/4 38/15/4 34/16/4
f 2068/17/5 54/18/5 5/19/5 2035/20/5
f 2062/21/6 15/22/6 39/23/6 2064/24/6
f 125/25/7 126/26/7 433/27/7 432/28/7
f 2153/29/5 3/30/5 10/31/5 2155/32/5
f 1622/33/8 6/34/8 35/35/8 1624/36/8
f 17/4/9 26/3/9 29/37/9 22/38/9
f 2192/39/10 2154/40/10 32/41/10 23/42/10
f 1796/43/11 1795/44/11 31/45/11 24/46/11
f 1739/47/12 1740/48/12 23/42/12 32/41/12
f 2148/49/5 1797/50/5 16/51/5 2037/52/5
f 22/38/13 130/53/13 191/54/13 188/55/13
f 1101/56/14 184/57/14 326/58/14 1209/59/14
f 117/60/15 118/61/15 426/62/15 425/63/15
f 24/46/16 148/64/16 323/65/16 320/66/16
f 1013/67/5 64/1/5 192/68/5 1141/69/5
f 148/64/17 24/46/17 282/70/17 283/71/17
f 51/9/18 19/12/18 321/72/18 324/73/18
f 18/74/5 49/75/5 185/76/5 186/77/5
f 62/78/19 4/79/19 26/3/19 59/2/19
f 56/80/20 6/34/20 28/11/20 52/10/20
f 12/14/21 27/13/21 8/5/21 30/8/21
f 4/79/22 9/81/22 29/37/22 26/3/22
f 2156/82/23 14/83/23 32/41/23 2154/40/23
f 1621/84/23 2/85/23 25/86/23 1615/87/23
f 1798/88/23 15/22/23 31/45/23 1795/44/23
f 2014/89/24 1995/90/24 897/91/24 1713/92/24
f 71/93/3 36/94/3 890/95/3 891/96/3
f 34/16/25 38/15/25 864/97/25 862/98/25
f 67/99/1 27/13/1 34/16/1 69/100/1
f 1742/101/26 14/83/26 40/102/26 1743/103/26
f 9/81/27 4/79/27 33/104/27 37/105/27
f 2194/106/28 9/81/28 37/105/28 2196/107/28
f 55/108/3 2/85/3 36/94/3 71/93/3
f 524/109/29 523/110/29 921/111/29 922/112/29
f 1711/113/30 40/114/30 46/115/30 1602/116/30
f 2268/117/31 1996/118/31 894/119/31 2287/120/31
f 1838/121/10 1599/122/10 1727/123/10 1842/124/10
f 2152/125/32 2011/126/32 900/127/32 2067/128/32
f 2064/129/33 39/130/33 45/131/33 2066/132/33
f 2009/133/34 1709/134/34 900/127/34 2011/126/34
f 2221/135/35 42/136/35 931/137/35 2224/138/35
f 1045/139/3 55/108/3 71/93/3 1049/140/3
f 6/34/1 56/80/1 70/141/1 35/35/1
f 1057/142/3 57/143/3 1324/144/3 1489/145/3
f 1028/146/36 56/80/36 52/10/36 1020/147/36
f 2/85/37 55/108/37 50/148/37 25/86/37
f 1796/43/38 24/46/38 320/66/38 1825/149/38
f 1618/150/39 18/74/39 186/77/39 1645/151/39
f 2122/152/5 1041/153/5 54/18/5 2068/17/5
f 1037/154/3 1020/147/3 52/10/3 51/9/3
f 18/74/1 25/86/1 50/148/1 49/75/1
f 7/6/3 8/5/3 65/155/3 60/156/3
f 2059/157/5 20/158/5 61/159/5 2069/160/5
f 1137/161/40 166/162/40 193/163/40 1145/164/40
f 27/13/41 67/99/41 65/155/41 8/5/41
f 545/165/1 485/166/1 835/167/1 836/168/1
f 4/79/3 62/78/3 72/169/3 33/104/3
f 1025/170/1 67/99/1 69/100/1 1029/171/1
f 1048/172/42 62/78/42 59/2/42 1036/173/42
f 95/174/14 157/175/14 325/176/14 327/177/14
f 1013/67/1 1036/173/1 59/2/1 64/1/1
f 1056/178/43 58/179/43 70/141/43 1032/180/43
f 2199/181/43 57/143/43 71/93/43 2197/182/43
f 1060/183/43 63/184/43 72/169/43 1052/185/43
f 2044/186/43 68/187/43 69/100/43 2042/188/43
f 1275/189/3 1276/190/3 1432/191/3 1431/192/3
f 1053/193/1 68/187/1 1323/194/1 1473/195/1
f 2200/196/44 63/184/44 1321/197/44 2202/198/44
f 2043/199/45 58/179/45 1318/200/45 2045/201/45
f 5/19/46 54/18/46 408/202/46 405/203/46
f 1069/204/47 176/205/47 177/206/47 1073/207/47
f 151/208/48 101/209/48 389/210/48 398/211/48
f 1077/212/49 178/213/49 387/214/49 1245/215/49
f 179/216/50 107/217/50 367/218/50 375/219/50
f 1085/220/47 180/221/47 181/222/47 1089/223/47
f 109/224/51 116/225/51 358/226/51 355/227/51
f 111/228/52 183/229/52 352/230/52 344/231/52
f 1643/232/53 96/233/53 330/234/53 1663/235/53
f 3/236/54 66/237/54 167/238/54 85/239/54
f 168/240/55 84/241/55 269/242/55 280/243/55
f 84/241/56 168/240/56 267/244/56 258/245/56
f 124/246/57 83/247/57 246/248/57 249/249/57
f 82/250/54 170/251/54 171/252/54 81/253/54
f 127/254/58 126/26/58 237/255/58 238/256/58
f 1806/257/59 134/258/59 228/259/59 1815/260/59
f 1129/261/60 164/262/60 217/263/60 1157/264/60
f 77/265/61 130/53/61 202/266/61 197/267/61
f 1024/268/54 53/269/54 158/270/54 1105/271/54
f 1628/272/62 87/273/62 272/274/62 1660/275/62
f 1116/276/63 169/277/63 268/278/63 1196/279/63
f 89/280/64 161/281/64 254/282/64 248/283/64
f 1117/284/54 161/281/54 162/285/54 1121/286/54
f 81/253/65 171/252/65 243/287/65 234/288/65
f 127/254/66 80/289/66 222/290/66 225/291/66
f 164/262/60 92/292/60 211/293/60 217/263/60
f 130/53/67 129/294/67 201/295/67 202/266/67
f 61/159/46 20/158/46 402/296/46 401/297/46
f 103/298/47 149/299/47 150/300/47 102/301/47
f 105/302/68 120/303/68 394/304/68 391/305/68
f 119/306/69 118/307/69 381/308/69 382/309/69
f 118/61/70 117/60/70 369/310/70 370/311/70
f 99/312/47 153/313/47 154/314/47 98/315/47
f 146/316/71 145/317/71 359/318/71 360/319/71
f 115/320/72 114/321/72 345/322/72 346/323/72
f 157/175/73 95/174/73 329/324/73 338/325/73
f 1741/326/74 13/327/74 139/328/74 1801/329/74
f 84/241/75 123/330/75 274/331/75 269/242/75
f 1802/332/76 138/333/76 264/334/76 1821/335/76
f 1113/336/77 160/337/77 253/338/77 1181/339/77
f 1804/340/78 136/341/78 135/342/78 1805/343/78
f 1805/343/79 135/342/79 240/344/79 1817/345/79
f 134/258/80 133/346/80 227/347/80 228/259/80
f 174/348/81 78/349/81 209/350/81 220/351/81
f 78/349/5 174/348/5 207/352/5 198/353/5
f 1044/354/46 61/159/46 401/297/46 1264/355/46
f 1636/356/82 103/298/82 102/301/82 1637/357/82
f 142/358/83 141/359/83 395/360/83 396/361/83
f 101/209/49 151/208/49 385/362/49 378/363/49
f 1088/364/84 153/313/84 374/365/84 1244/366/84
f 1640/367/85 99/312/85 98/315/85 1641/368/85
f 1089/223/86 181/222/86 363/369/86 1229/370/86
f 1752/371/87 147/372/87 348/373/87 1759/374/87
f 111/228/88 114/321/88 334/375/88 331/376/88
f 139/328/89 13/327/89 313/377/89 315/378/89
f 140/379/17 141/359/17 312/380/17 311/381/17
f 2071/382/90 141/383/90 307/384/90 2090/385/90
f 2072/386/91 142/358/91 143/387/91 2073/388/91
f 2073/389/90 143/390/90 303/391/90 2088/392/90
f 134/258/92 135/342/92 298/393/92 297/394/92
f 145/317/17 146/316/17 296/395/17 295/396/17
f 2076/397/90 146/316/90 291/398/90 2082/399/90
f 131/400/93 132/401/93 286/402/93 285/403/93
f 10/404/94 3/236/94 85/239/94 122/405/94
f 123/406/95 122/405/95 273/407/95 274/408/95
f 123/406/96 84/409/96 258/410/96 261/411/96
f 137/412/97 136/413/97 251/414/97 252/415/97
f 125/25/98 82/250/98 81/253/98 126/26/98
f 1128/416/99 172/417/99 244/418/99 1180/419/99
f 92/292/100 164/262/100 230/420/100 224/421/100
f 133/346/101 132/401/101 215/422/101 216/423/101
f 1808/424/102 132/401/102 204/425/102 1811/426/102
f 1745/427/103 140/379/103 410/428/103 1768/429/103
f 104/430/104 121/431/104 120/303/104 105/302/104
f 1073/207/105 177/206/105 399/432/105 1253/433/105
f 107/217/106 179/216/106 388/434/106 380/435/106
f 1639/436/107 100/437/107 366/438/107 1669/439/107
f 108/440/108 117/60/108 116/225/108 109/224/108
f 98/315/86 154/314/86 361/441/86 354/442/86
f 114/321/109 111/228/109 344/231/109 345/322/109
f 114/321/110 113/443/110 333/444/110 334/375/110
f 130/53/7 22/38/7 414/445/7 420/446/7
f 124/447/7 125/448/7 432/449/7 431/450/7
f 121/431/15 11/451/15 417/452/15 419/453/15
f 116/225/15 117/60/15 425/63/15 424/454/15
f 123/406/7 124/447/7 431/450/7 430/455/7
f 115/320/15 116/225/15 424/454/15 423/456/15
f 122/405/7 123/406/7 430/455/7 429/457/7
f 129/294/7 130/53/7 420/446/7 436/458/7
f 114/321/15 115/320/15 423/456/15 422/459/15
f 121/431/111 104/430/111 409/460/111 407/461/111
f 176/205/47 104/430/47 105/302/47 177/206/47
f 102/301/105 150/300/105 397/462/105 390/463/105
f 1748/464/112 143/387/112 384/465/112 1765/466/112
f 153/313/84 99/312/84 365/467/84 374/365/84
f 180/221/47 108/440/47 109/224/47 181/222/47
f 110/468/113 182/469/113 364/470/113 356/471/113
f 182/469/114 110/468/114 343/472/114 351/473/114
f 148/64/115 147/372/115 335/474/115 336/475/115
f 53/269/54 1/476/54 86/477/54 158/270/54
f 85/239/116 167/238/116 279/478/116 270/479/116
f 88/480/117 160/337/117 266/481/117 260/482/117
f 160/337/77 88/480/77 247/483/77 253/338/77
f 161/281/54 89/280/54 90/484/54 162/285/54
f 126/26/118 81/253/118 234/288/118 237/255/118
f 1125/485/119 163/486/119 229/487/119 1165/488/119
f 1634/489/120 93/490/120 212/491/120 1650/492/120
f 1140/493/40 175/494/40 208/495/40 1156/496/40
f 193/163/54 190/497/54 186/77/54 185/76/54
f 191/54/121 195/498/121 187/499/121 188/55/121
f 1810/500/122 196/501/122 189/502/122 1754/503/122
f 1145/164/54 193/163/54 185/76/54 1144/504/54
f 195/498/54 194/505/54 192/68/54 187/499/54
f 130/53/61 77/265/61 195/498/61 191/54/61
f 1809/506/123 131/400/123 196/501/123 1810/500/123
f 17/4/124 22/38/124 188/55/124 187/499/124
f 77/265/40 175/494/40 194/505/40 195/498/40
f 64/1/5 17/4/5 187/499/5 192/68/5
f 131/400/125 23/42/125 189/502/125 196/501/125
f 166/162/40 94/507/40 190/497/40 193/163/40
f 198/353/54 207/352/54 208/495/54 197/267/54
f 1149/508/54 205/509/54 206/510/54 1153/511/54
f 1811/426/126 204/425/126 203/512/126 1812/513/126
f 201/295/127 198/353/127 197/267/127 202/266/127
f 205/509/54 199/514/54 200/515/54 206/510/54
f 1635/516/123 94/507/123 200/515/123 1648/517/123
f 175/494/40 77/265/40 197/267/40 208/495/40
f 165/518/5 93/490/5 199/514/5 205/509/5
f 1133/519/5 165/518/5 205/509/5 1149/508/5
f 132/401/91 131/400/91 203/512/91 204/425/91
f 94/507/40 166/162/40 206/510/40 200/515/40
f 129/294/128 78/349/128 198/353/128 201/295/128
f 210/520/54 219/521/54 220/351/54 209/350/54
f 1157/264/54 217/263/54 218/522/54 1161/523/54
f 1813/524/129 216/423/129 215/422/129 1814/525/129
f 213/526/130 210/520/130 209/350/130 214/527/130
f 217/263/54 211/293/54 212/491/54 218/522/54
f 93/490/81 165/518/81 218/522/81 212/491/81
f 128/528/131 79/529/131 210/520/131 213/526/131
f 1136/530/81 174/348/81 220/351/81 1164/531/81
f 1807/532/132 133/346/132 216/423/132 1813/524/132
f 79/529/60 173/533/60 219/521/60 210/520/60
f 129/294/133 128/528/133 213/526/133 214/527/133
f 78/349/134 129/294/134 214/527/134 209/350/134
f 222/290/54 231/534/54 232/535/54 221/536/54
f 1165/488/54 229/487/54 230/420/54 1169/537/54
f 1815/260/135 228/259/135 227/347/135 1816/538/135
f 225/291/136 222/290/136 221/536/136 226/539/136
f 229/487/54 223/540/54 224/421/54 230/420/54
f 1132/541/100 173/533/100 232/535/100 1172/542/100
f 80/289/119 172/417/119 231/534/119 222/290/119
f 128/528/137 127/254/137 225/291/137 226/539/137
f 79/529/138 128/528/138 226/539/138 221/536/138
f 1633/543/139 92/292/139 224/421/139 1652/544/139
f 173/533/100 79/529/100 221/536/100 232/535/100
f 163/486/119 91/545/119 223/540/119 229/487/119
f 234/288/54 243/287/54 244/418/54 233/546/54
f 1173/547/54 241/548/54 242/549/54 1177/550/54
f 1817/345/140 240/344/140 239/551/140 1818/552/140
f 237/255/141 234/288/141 233/546/141 238/256/141
f 241/548/54 235/553/54 236/554/54 242/549/54
f 80/289/142 127/254/142 238/256/142 233/546/142
f 1632/555/143 91/545/143 236/554/143 1654/556/143
f 172/417/99 80/289/99 233/546/99 244/418/99
f 162/285/65 90/484/65 235/553/65 241/548/65
f 135/342/144 134/258/144 239/551/144 240/344/144
f 1121/286/65 162/285/65 241/548/65 1173/547/65
f 91/545/99 163/486/99 242/549/99 236/554/99
f 246/557/54 255/558/54 256/559/54 245/560/54
f 1181/561/54 253/562/54 254/563/54 1185/564/54
f 1819/565/145 252/415/145 251/414/145 1820/566/145
f 249/567/146 246/557/146 245/560/146 250/568/146
f 253/562/54 247/569/54 248/570/54 254/563/54
f 1120/571/64 170/251/64 256/572/64 1188/573/64
f 1803/574/147 137/575/147 252/576/147 1819/577/147
f 83/247/77 169/277/77 255/578/77 246/248/77
f 125/448/148 124/447/148 249/567/148 250/568/148
f 82/250/149 125/25/149 250/579/149 245/580/149
f 1630/581/150 89/280/150 248/283/150 1656/582/150
f 170/251/64 82/250/64 245/580/64 256/572/64
f 258/410/54 267/583/54 268/584/54 257/585/54
f 1189/586/54 265/587/54 266/588/54 1193/589/54
f 1821/590/151 264/591/151 263/592/151 1822/593/151
f 261/411/152 258/410/152 257/585/152 262/594/152
f 265/587/54 259/595/54 260/596/54 266/588/54
f 124/447/153 123/406/153 261/411/153 262/594/153
f 83/247/154 124/246/154 262/597/154 257/598/154
f 138/599/155 137/412/155 263/592/155 264/591/155
f 1629/600/156 88/480/156 260/482/156 1658/601/156
f 169/277/63 83/247/63 257/598/63 268/278/63
f 159/602/56 87/273/56 259/603/56 265/604/56
f 1109/605/157 159/602/157 265/604/157 1189/606/157
f 270/479/54 279/478/54 280/607/54 269/608/54
f 1197/609/54 277/610/54 278/611/54 1201/612/54
f 1823/613/158 276/614/158 275/615/158 1824/616/158
f 273/407/159 270/479/159 269/608/159 274/408/159
f 277/610/54 271/617/54 272/618/54 278/611/54
f 158/270/116 86/477/116 271/617/116 277/610/116
f 1105/271/116 158/270/116 277/610/116 1197/609/116
f 87/273/55 159/602/55 278/619/55 272/274/55
f 139/328/160 138/599/160 275/615/160 276/614/160
f 122/405/161 85/239/161 270/479/161 273/407/161
f 1112/620/55 168/240/55 280/243/55 1204/621/55
f 1801/329/162 139/328/162 276/614/162 1823/613/162
f 2079/622/91 283/71/91 282/70/91 2047/623/91
f 2078/624/90 148/64/90 283/71/90 2079/622/90
f 23/42/89 131/400/89 284/625/89 281/626/89
f 2192/39/163 23/42/163 281/626/163 2203/627/163
f 2080/628/91 287/629/91 288/630/91 2081/631/91
f 147/372/164 148/64/164 288/630/164 287/629/164
f 2172/632/90 131/400/90 285/403/90 2175/633/90
f 2077/634/163 147/372/163 287/629/163 2080/628/163
f 2082/399/91 291/398/91 292/635/91 2083/636/91
f 132/401/89 133/346/89 290/637/89 289/638/89
f 146/316/17 147/372/17 292/635/17 291/398/17
f 2171/639/163 132/401/163 289/638/163 2177/640/163
f 2084/641/91 295/396/91 296/395/91 2085/642/91
f 2170/643/163 133/346/163 293/644/163 2179/645/163
f 133/346/89 134/258/89 294/646/89 293/644/89
f 2075/647/90 145/317/90 295/396/90 2084/641/90
f 2086/648/91 299/649/91 300/650/91 2087/651/91
f 2074/652/165 144/653/165 299/649/165 2086/648/165
f 144/653/164 145/317/164 300/650/164 299/649/164
f 2169/654/166 134/258/166 297/394/166 2181/655/166
f 2088/392/91 303/391/91 304/656/91 2089/657/91
f 143/390/17 144/653/17 304/656/17 303/391/17
f 2168/658/163 135/342/163 301/659/163 2183/660/163
f 135/342/89 136/341/89 302/661/89 301/659/89
f 2090/662/91 307/663/91 308/664/91 2091/665/91
f 141/359/17 142/358/17 308/664/17 307/663/17
f 2166/666/163 137/412/163 305/667/163 2185/668/163
f 137/412/89 138/599/89 306/669/89 305/667/89
f 2092/670/91 311/381/91 312/380/91 2093/671/91
f 2165/672/163 138/333/163 309/673/163 2187/674/163
f 138/599/89 139/328/89 310/675/89 309/676/89
f 2070/677/90 140/678/90 311/679/90 2092/680/90
f 2048/681/91 314/682/91 316/683/91 2094/684/91
f 16/685/17 140/379/17 316/683/17 314/682/17
f 2164/686/163 139/687/163 315/688/163 2188/689/163
f 2037/52/90 16/51/90 314/690/90 2048/691/90
f 326/58/47 322/692/47 318/693/47 317/694/47
f 322/692/167 328/695/167 319/696/167 318/693/167
f 1662/697/168 327/177/168 321/72/168 1661/698/168
f 327/177/47 325/176/47 324/73/47 321/72/47
f 1209/59/47 326/58/47 317/694/47 1208/699/47
f 21/7/169 7/6/169 318/693/169 319/696/169
f 112/700/170 113/443/170 328/695/170 322/692/170
f 1644/701/171 95/174/171 327/177/171 1662/697/171
f 7/6/18 60/156/18 317/694/18 318/693/18
f 184/57/14 112/700/14 322/692/14 326/58/14
f 113/443/172 21/7/172 319/696/172 328/695/172
f 1037/154/173 51/9/173 324/73/173 1205/702/173
f 1213/703/47 339/704/47 340/705/47 1217/706/47
f 330/234/47 337/707/47 338/325/47 329/324/47
f 1663/235/174 330/234/174 329/324/174 1664/708/174
f 331/376/175 334/375/175 333/444/175 332/709/175
f 339/704/47 331/376/47 332/709/47 340/705/47
f 1104/710/73 157/175/73 338/325/73 1220/711/73
f 183/229/176 111/228/176 331/376/176 339/704/176
f 113/443/177 112/700/177 332/709/177 333/444/177
f 1753/712/178 148/64/178 336/475/178 1757/713/178
f 112/700/73 184/57/73 340/705/73 332/709/73
f 96/233/176 156/714/176 337/707/176 330/234/176
f 1097/715/176 183/229/176 339/704/176 1213/703/176
f 1221/716/47 351/473/47 352/230/47 1225/717/47
f 342/718/47 349/719/47 350/720/47 341/721/47
f 1665/722/179 342/718/179 341/721/179 1666/723/179
f 343/472/180 346/323/180 345/322/180 344/231/180
f 351/473/47 343/472/47 344/231/47 352/230/47
f 97/724/114 155/725/114 349/719/114 342/718/114
f 1093/726/114 182/469/114 351/473/114 1221/716/114
f 147/372/181 146/316/181 347/727/181 348/373/181
f 110/468/182 115/320/182 346/323/182 343/472/182
f 156/714/52 96/233/52 341/721/52 350/720/52
f 1642/728/183 97/724/183 342/718/183 1665/722/183
f 1100/729/52 156/714/52 350/720/52 1228/730/52
f 1229/370/47 363/369/47 364/470/47 1233/731/47
f 354/442/47 361/441/47 362/732/47 353/733/47
f 1667/734/184 354/442/184 353/733/184 1668/735/184
f 355/227/185 358/226/185 357/736/185 356/471/185
f 363/369/47 355/227/47 356/471/47 364/470/47
f 155/725/113 97/724/113 353/733/113 362/732/113
f 1641/368/186 98/315/186 354/442/186 1667/734/186
f 116/225/187 115/320/187 357/736/187 358/226/187
f 1096/737/113 155/725/113 362/732/113 1236/738/113
f 181/222/86 109/224/86 355/227/86 363/369/86
f 115/320/188 110/468/188 356/471/188 357/736/188
f 1751/739/189 146/316/189 360/319/189 1761/740/189
f 1237/741/47 375/742/47 376/743/47 1241/744/47
f 366/745/47 373/746/47 374/365/47 365/467/47
f 1669/747/190 366/745/190 365/467/190 1670/748/190
f 367/749/191 370/311/191 369/310/191 368/750/191
f 375/742/47 367/749/47 368/750/47 376/743/47
f 117/60/192 108/440/192 368/750/192 369/310/192
f 1749/751/193 144/653/193 372/752/193 1763/753/193
f 108/440/84 180/221/84 376/743/84 368/750/84
f 100/437/50 152/754/50 373/755/50 366/438/50
f 1081/756/50 179/216/50 375/219/50 1237/757/50
f 144/653/194 143/390/194 371/758/194 372/752/194
f 107/217/195 118/307/195 370/759/195 367/218/195
f 1245/215/47 387/214/47 388/434/47 1249/760/47
f 378/363/47 385/362/47 386/761/47 377/762/47
f 1671/763/196 378/363/196 377/762/196 1672/764/196
f 379/765/197 382/309/197 381/308/197 380/435/197
f 387/214/47 379/765/47 380/435/47 388/434/47
f 143/387/198 142/358/198 383/766/198 384/465/198
f 106/767/199 119/306/199 382/309/199 379/765/199
f 1638/768/200 101/209/200 378/363/200 1671/763/200
f 152/754/106 100/437/106 377/762/106 386/761/106
f 1084/769/106 152/754/106 386/761/106 1252/770/106
f 178/213/49 106/767/49 379/765/49 387/214/49
f 118/307/201 107/217/201 380/435/201 381/308/201
f 1253/433/47 399/432/47 400/771/47 1257/772/47
f 390/463/47 397/462/47 398/211/47 389/210/47
f 1673/773/202 390/463/202 389/210/202 1674/774/202
f 391/305/203 394/304/203 393/775/203 392/776/203
f 399/432/47 391/305/47 392/776/47 400/771/47
f 1637/357/204 102/301/204 390/463/204 1673/773/204
f 1080/777/48 151/208/48 398/211/48 1260/778/48
f 177/206/105 105/302/105 391/305/105 399/432/105
f 119/306/205 106/767/205 392/776/205 393/775/205
f 1747/779/206 142/358/206 396/361/206 1767/780/206
f 120/303/207 119/306/207 393/775/207 394/304/207
f 106/767/48 178/213/48 400/771/48 392/776/48
f 1264/781/47 401/782/47 412/783/47 1265/784/47
f 405/785/47 408/786/47 411/787/47 406/788/47
f 1675/789/208 405/785/208 406/788/208 1676/790/208
f 402/791/209 403/792/209 407/461/209 409/460/209
f 401/782/47 402/791/47 409/460/47 412/783/47
f 104/430/210 176/205/210 412/783/210 409/460/210
f 11/451/211 121/431/211 407/461/211 403/792/211
f 1619/793/46 5/19/46 405/203/46 1675/794/46
f 140/379/212 16/685/212 404/795/212 410/428/212
f 20/158/46 11/796/46 403/797/46 402/296/46
f 149/299/210 103/298/210 406/788/210 411/787/210
f 1072/798/210 149/299/210 411/787/210 1268/799/210
f 2095/800/213 2049/801/213 416/802/213 415/803/213
f 2214/804/67 420/446/67 414/445/67 2189/805/67
f 2190/806/67 418/807/67 429/457/67 2206/808/67
f 2206/808/67 429/457/67 430/455/67 2207/809/67
f 2207/809/67 430/455/67 431/450/67 2208/810/67
f 2208/810/67 431/450/67 432/449/67 2209/811/67
f 2209/812/67 432/28/67 433/27/67 2210/813/67
f 2210/813/67 433/27/67 434/814/67 2211/815/67
f 2211/815/67 434/814/67 435/816/67 2212/817/67
f 2212/817/67 435/816/67 436/458/67 2213/818/67
f 2213/818/67 436/458/67 420/446/67 2214/804/67
f 22/38/1 29/37/1 413/819/1 414/445/1
f 118/307/15 119/306/15 427/820/15 426/821/15
f 126/26/7 127/254/7 434/814/7 433/27/7
f 119/306/15 120/303/15 428/822/15 427/820/15
f 21/7/15 113/443/15 421/823/15 415/803/15
f 127/254/7 128/528/7 435/816/7 434/814/7
f 2494/824/214 747/825/214 978/826/214 2518/827/214
f 120/303/15 121/431/15 419/453/15 428/822/15
f 113/443/15 114/321/15 422/459/15 421/823/15
f 128/528/7 129/294/7 436/458/7 435/816/7
f 30/8/3 21/7/3 415/803/3 416/802/3
f 2155/32/215 10/31/215 418/828/215 2190/829/215
f 10/404/7 122/405/7 429/457/7 418/807/7
f 2061/830/215 461/831/215 749/832/215 2096/833/215
f 2447/834/215 462/835/215 750/836/215 2495/837/215
f 462/835/215 463/838/215 751/839/215 750/836/215
f 463/838/215 464/840/215 752/841/215 751/839/215
f 464/840/215 465/842/215 753/843/215 752/841/215
f 2321/844/215 466/845/215 754/846/215 2369/847/215
f 747/825/214 746/848/214 977/849/214 978/826/214
f 746/848/214 745/850/214 976/851/214 977/849/214
f 745/850/214 744/852/214 975/853/214 976/851/214
f 475/854/216 476/855/216 995/856/216 994/857/216
f 2057/858/67 802/859/67 808/860/67 2058/861/67
f 2503/862/67 801/863/67 807/864/67 2504/865/67
f 801/863/67 800/866/67 806/867/67 807/864/67
f 800/866/67 799/868/67 805/869/67 806/867/67
f 799/868/67 798/870/67 804/871/67 805/869/67
f 2377/872/67 797/873/67 803/874/67 2378/875/67
f 2056/876/67 796/877/67 802/859/67 2057/858/67
f 2502/878/67 795/879/67 801/863/67 2503/862/67
f 795/879/67 794/880/67 800/866/67 801/863/67
f 794/880/67 793/881/67 799/868/67 800/866/67
f 793/881/67 792/882/67 798/870/67 799/868/67
f 2376/883/67 791/884/67 797/873/67 2377/872/67
f 2055/885/67 790/886/67 796/877/67 2056/876/67
f 2501/887/67 789/888/67 795/879/67 2502/878/67
f 789/888/67 788/889/67 794/880/67 795/879/67
f 788/889/67 787/890/67 793/881/67 794/880/67
f 787/890/67 786/891/67 792/882/67 793/881/67
f 2375/892/67 785/893/67 791/884/67 2376/883/67
f 2054/894/67 784/895/67 790/886/67 2055/885/67
f 2500/896/67 783/897/67 789/888/67 2501/887/67
f 783/897/67 782/898/67 788/889/67 789/888/67
f 782/898/67 781/899/67 787/890/67 788/889/67
f 781/899/67 780/900/67 786/891/67 787/890/67
f 2374/901/67 779/902/67 785/893/67 2375/892/67
f 2053/903/67 778/904/67 784/895/67 2054/894/67
f 2499/905/67 777/906/67 783/897/67 2500/896/67
f 777/906/67 776/907/67 782/898/67 783/897/67
f 776/907/67 775/908/67 781/899/67 782/898/67
f 775/908/67 774/909/67 780/900/67 781/899/67
f 2373/910/67 773/911/67 779/902/67 2374/901/67
f 2052/912/67 772/913/67 778/914/67 2053/915/67
f 2498/916/67 771/917/67 777/918/67 2499/919/67
f 771/917/67 770/920/67 776/921/67 777/918/67
f 770/920/67 769/922/67 775/923/67 776/921/67
f 769/922/67 768/924/67 774/925/67 775/923/67
f 2372/926/67 767/927/67 773/928/67 2373/929/67
f 2051/930/67 766/931/67 772/913/67 2052/912/67
f 2497/932/67 765/933/67 771/917/67 2498/916/67
f 765/933/67 764/934/67 770/920/67 771/917/67
f 764/934/67 763/935/67 769/922/67 770/920/67
f 763/935/67 762/936/67 768/924/67 769/922/67
f 2371/937/67 761/938/67 767/927/67 2372/926/67
f 2050/939/67 760/940/67 766/931/67 2051/930/67
f 2496/941/67 759/942/67 765/933/67 2497/932/67
f 759/942/67 758/943/67 764/934/67 765/933/67
f 758/943/67 757/944/67 763/935/67 764/934/67
f 757/944/67 756/945/67 762/936/67 763/935/67
f 2370/946/67 755/947/67 761/938/67 2371/937/67
f 2096/948/67 749/949/67 760/940/67 2050/939/67
f 2495/950/67 750/951/67 759/942/67 2496/941/67
f 750/951/67 751/952/67 758/943/67 759/942/67
f 751/952/67 752/953/67 757/944/67 758/943/67
f 752/953/67 753/954/67 756/945/67 757/944/67
f 2369/955/67 754/956/67 755/947/67 2370/946/67
f 2058/861/67 808/860/67 737/957/67 2095/800/67
f 2504/865/67 807/864/67 738/958/67 2493/959/67
f 807/864/67 806/867/67 739/960/67 738/958/67
f 806/867/67 805/869/67 740/961/67 739/960/67
f 805/869/67 804/871/67 741/962/67 740/961/67
f 2378/875/67 803/874/67 742/963/67 2367/964/67
f 2189/805/213 2205/965/213 743/966/213 742/963/213
f 2367/964/213 2368/967/213 744/852/213 741/962/213
f 741/962/213 744/852/213 745/850/213 740/961/213
f 740/961/213 745/850/213 746/848/213 739/960/213
f 739/960/213 746/848/213 747/825/213 738/958/213
f 2493/959/213 2494/824/213 748/968/213 737/957/213
f 2193/969/90 467/970/90 725/971/90 2204/972/90
f 2322/973/90 468/974/90 726/975/90 2365/976/90
f 468/974/90 469/977/90 727/978/90 726/975/90
f 469/977/90 470/979/90 728/980/90 727/978/90
f 470/979/90 471/981/90 729/982/90 728/980/90
f 2448/983/90 472/984/90 730/985/90 2491/986/90
f 2070/677/163 575/987/163 731/988/163 2094/989/163
f 2466/990/163 576/991/163 732/992/163 2492/993/163
f 576/991/163 577/994/163 733/995/163 732/992/163
f 577/994/163 578/996/163 734/997/163 733/995/163
f 578/996/163 579/998/163 735/999/163 734/997/163
f 2340/1000/217 580/1001/217 736/1002/217 2366/1003/217
f 2204/1004/91 725/1005/91 736/1006/91 2188/1007/91
f 2365/1008/91 726/1009/91 735/1010/91 2366/1011/91
f 726/1009/91 727/1012/91 734/1013/91 735/1010/91
f 727/1012/91 728/1014/91 733/1015/91 734/1013/91
f 728/1014/91 729/1016/91 732/1017/91 733/1015/91
f 2491/1018/91 730/1019/91 731/1020/91 2492/1021/91
f 2164/686/90 580/1001/90 718/1022/90 2186/1023/90
f 2340/1000/90 579/998/90 717/1024/90 2363/1025/90
f 579/998/90 578/996/90 716/1026/90 717/1024/90
f 578/996/90 577/994/90 715/1027/90 716/1026/90
f 577/994/90 576/991/90 714/1028/90 715/1027/90
f 2466/990/90 575/987/90 713/1029/90 2489/1030/90
f 2071/382/163 581/1031/163 719/1032/163 2093/1033/163
f 2467/1034/163 582/1035/163 720/1036/163 2490/1037/163
f 582/1035/163 583/1038/163 721/1039/163 720/1036/163
f 583/1038/163 584/1040/163 722/1041/163 721/1039/163
f 584/1040/163 585/1042/163 723/1043/163 722/1041/163
f 2341/1044/163 586/1045/163 724/1046/163 2364/1047/163
f 2186/1048/91 718/1049/91 724/1050/91 2187/1051/91
f 2363/1052/91 717/1053/91 723/1054/91 2364/1055/91
f 717/1053/91 716/1056/91 722/1057/91 723/1054/91
f 716/1056/91 715/1058/91 721/1059/91 722/1057/91
f 715/1058/91 714/1060/91 720/1061/91 721/1059/91
f 2489/1062/91 713/1063/91 719/1064/91 2490/1065/91
f 2072/386/163 587/1066/163 707/1067/163 2091/665/163
f 2468/1068/163 588/1069/163 708/1070/163 2488/1071/163
f 588/1069/163 589/1072/163 709/1073/163 708/1070/163
f 589/1072/163 590/1074/163 710/1075/163 709/1073/163
f 590/1074/163 591/1076/163 711/1077/163 710/1075/163
f 2342/1078/163 592/1079/163 712/1080/163 2362/1081/163
f 2184/1082/91 706/1083/91 712/1080/91 2185/668/91
f 2361/1084/91 705/1085/91 711/1077/91 2362/1081/91
f 705/1085/91 704/1086/91 710/1075/91 711/1077/91
f 704/1086/91 703/1087/91 709/1073/91 710/1075/91
f 703/1087/91 702/1088/91 708/1070/91 709/1073/91
f 2487/1089/91 701/1090/91 707/1067/91 2488/1071/91
f 2074/652/163 599/1091/163 695/1092/163 2089/657/163
f 2470/1093/163 600/1094/163 696/1095/163 2486/1096/163
f 600/1094/163 601/1097/163 697/1098/163 696/1095/163
f 601/1097/163 602/1099/163 698/1100/163 697/1098/163
f 602/1099/163 603/1101/163 699/1102/163 698/1100/163
f 2344/1103/163 604/1104/163 700/1105/163 2360/1106/163
f 2182/1107/91 694/1108/91 700/1105/91 2183/660/91
f 2359/1109/91 693/1110/91 699/1102/91 2360/1106/91
f 693/1110/91 692/1111/91 698/1100/91 699/1102/91
f 692/1111/91 691/1112/91 697/1098/91 698/1100/91
f 691/1112/91 690/1113/91 696/1095/91 697/1098/91
f 2485/1114/91 689/1115/91 695/1092/91 2486/1096/91
f 2075/647/218 605/1116/218 683/1117/218 2087/651/218
f 2471/1118/218 606/1119/218 684/1120/218 2484/1121/218
f 606/1119/218 607/1122/218 685/1123/218 684/1120/218
f 607/1122/90 608/1124/90 686/1125/90 685/1123/90
f 608/1124/90 609/1126/90 687/1127/90 686/1125/90
f 2345/1128/166 610/1129/166 688/1130/166 2358/1131/166
f 2168/658/165 604/1104/165 682/1132/165 2180/1133/165
f 2344/1103/165 603/1101/165 681/1134/165 2357/1135/165
f 603/1101/163 602/1099/163 680/1136/163 681/1134/163
f 602/1099/163 601/1097/163 679/1137/163 680/1136/163
f 601/1097/165 600/1094/165 678/1138/165 679/1137/165
f 2470/1093/165 599/1091/165 677/1139/165 2483/1140/165
f 2180/1133/91 682/1132/91 688/1130/91 2181/655/91
f 2357/1135/91 681/1134/91 687/1127/91 2358/1131/91
f 681/1134/91 680/1136/91 686/1125/91 687/1127/91
f 680/1136/91 679/1137/91 685/1123/91 686/1125/91
f 679/1137/91 678/1138/91 684/1120/91 685/1123/91
f 2483/1140/91 677/1139/91 683/1117/91 2484/1121/91
f 2169/654/90 610/1129/90 670/1141/90 2178/1142/90
f 2345/1128/90 609/1126/90 669/1143/90 2355/1144/90
f 609/1126/218 608/1124/218 668/1145/218 669/1143/218
f 608/1124/218 607/1122/218 667/1146/218 668/1145/218
f 607/1122/90 606/1119/90 666/1147/90 667/1146/90
f 2471/1118/90 605/1116/90 665/1148/90 2481/1149/90
f 2076/397/163 611/1150/163 671/1151/163 2085/642/163
f 2472/1152/163 612/1153/163 672/1154/163 2482/1155/163
f 612/1153/163 613/1156/163 673/1157/163 672/1154/163
f 613/1156/163 614/1158/163 674/1159/163 673/1157/163
f 614/1158/163 615/1160/163 675/1161/163 674/1159/163
f 2346/1162/163 616/1163/163 676/1164/163 2356/1165/163
f 2178/1142/91 670/1141/91 676/1164/91 2179/645/91
f 2355/1144/91 669/1143/91 675/1161/91 2356/1165/91
f 669/1143/91 668/1145/91 674/1159/91 675/1161/91
f 668/1145/91 667/1146/91 673/1157/91 674/1159/91
f 667/1146/91 666/1147/91 672/1154/91 673/1157/91
f 2481/1149/91 665/1148/91 671/1151/91 2482/1155/91
f 2077/634/163 617/1166/163 659/1167/163 2083/636/163
f 2473/1168/163 618/1169/163 660/1170/163 2480/1171/163
f 618/1169/163 619/1172/163 661/1173/163 660/1170/163
f 619/1172/163 620/1174/163 662/1175/163 661/1173/163
f 620/1174/163 621/1176/163 663/1177/163 662/1175/163
f 2347/1178/163 622/1179/163 664/1180/163 2354/1181/163
f 2176/1182/91 658/1183/91 664/1180/91 2177/640/91
f 2353/1184/91 657/1185/91 663/1177/91 2354/1181/91
f 657/1185/91 656/1186/91 662/1175/91 663/1177/91
f 656/1186/91 655/1187/91 661/1173/91 662/1175/91
f 655/1187/91 654/1188/91 660/1170/91 661/1173/91
f 2479/1189/91 653/1190/91 659/1167/91 2480/1171/91
f 2171/639/163 622/1179/163 646/1191/163 2174/1192/163
f 2347/1178/163 621/1176/163 645/1193/163 2351/1194/163
f 621/1176/163 620/1174/163 644/1195/163 645/1193/163
f 620/1174/163 619/1172/163 643/1196/163 644/1195/163
f 619/1172/163 618/1169/163 642/1197/163 643/1196/163
f 2473/1168/163 617/1166/163 641/1198/163 2477/1199/163
f 2078/624/90 623/1200/90 647/1201/90 2081/631/90
f 2474/1202/90 624/1203/90 648/1204/90 2478/1205/90
f 624/1203/90 625/1206/90 649/1207/90 648/1204/90
f 625/1206/90 626/1208/90 650/1209/90 649/1207/90
f 626/1208/90 627/1210/90 651/1211/90 650/1209/90
f 2348/1212/90 628/1213/90 652/1214/90 2352/1215/90
f 2174/1192/91 646/1191/91 652/1214/91 2175/633/91
f 2351/1194/91 645/1193/91 651/1211/91 2352/1215/91
f 645/1193/91 644/1195/91 650/1209/91 651/1211/91
f 644/1195/91 643/1196/91 649/1207/91 650/1209/91
f 643/1196/91 642/1197/91 648/1204/91 649/1207/91
f 2477/1199/91 641/1198/91 647/1201/91 2478/1205/91
f 2036/1216/163 454/1217/163 634/1218/163 2047/623/163
f 2445/1219/163 453/1220/163 633/1221/163 2475/1222/163
f 453/1220/163 452/1223/163 632/1224/163 633/1221/163
f 452/1223/163 451/1225/163 631/1226/163 632/1224/163
f 451/1225/163 450/1227/163 630/1228/163 631/1226/163
f 2319/1229/163 449/1230/163 629/1231/163 2349/1232/163
f 2172/632/90 628/1213/90 640/1233/90 2173/1234/90
f 2348/1212/90 627/1210/90 639/1235/90 2350/1236/90
f 627/1210/90 626/1208/90 638/1237/90 639/1235/90
f 626/1208/90 625/1206/90 637/1238/90 638/1237/90
f 625/1206/90 624/1203/90 636/1239/90 637/1238/90
f 2474/1202/90 623/1200/90 635/1240/90 2476/1241/90
f 2173/1234/91 640/1233/91 629/1231/91 2203/627/91
f 2350/1236/91 639/1235/91 630/1228/91 2349/1232/91
f 639/1235/91 638/1237/91 631/1226/91 630/1228/91
f 638/1237/91 637/1238/91 632/1224/91 631/1226/91
f 637/1238/91 636/1239/91 633/1221/91 632/1224/91
f 2476/1241/91 635/1240/91 634/1218/91 2475/1222/91
f 2170/643/90 616/1163/90 658/1183/90 2176/1182/90
f 2346/1162/90 615/1160/90 657/1185/90 2353/1184/90
f 615/1160/90 614/1158/90 656/1186/90 657/1185/90
f 614/1158/90 613/1156/90 655/1187/90 656/1186/90
f 613/1156/90 612/1153/90 654/1188/90 655/1187/90
f 2472/1152/90 611/1150/90 653/1190/90 2479/1189/90
f 2167/1242/90 598/1243/90 694/1108/90 2182/1107/90
f 2343/1244/90 597/1245/90 693/1110/90 2359/1109/90
f 597/1245/90 596/1246/90 692/1111/90 693/1110/90
f 596/1246/90 595/1247/90 691/1112/90 692/1111/90
f 595/1247/90 594/1248/90 690/1113/90 691/1112/90
f 2469/1249/90 593/1250/90 689/1115/90 2485/1114/90
f 2166/666/91 592/1079/91 598/1251/91 2167/1252/91
f 2342/1078/91 591/1076/91 597/1253/91 2343/1254/91
f 591/1076/91 590/1074/91 596/1255/91 597/1253/91
f 590/1074/91 589/1072/91 595/1256/91 596/1255/91
f 589/1072/91 588/1069/91 594/1257/91 595/1256/91
f 2468/1068/91 587/1066/91 593/1258/91 2469/1259/91
f 2165/672/90 586/1045/90 706/1260/90 2184/1261/90
f 2341/1044/90 585/1042/90 705/1262/90 2361/1263/90
f 585/1042/90 584/1040/90 704/1264/90 705/1262/90
f 584/1040/90 583/1038/90 703/1265/90 704/1264/90
f 583/1038/90 582/1035/90 702/1266/90 703/1265/90
f 2467/1034/90 581/1031/90 701/1267/90 2487/1268/90
f 2199/181/45 551/1269/45 1461/1270/45 2201/1271/45
f 2336/1272/45 552/1273/45 1462/1274/45 2338/1275/45
f 552/1273/45 553/1276/45 1463/1277/45 1462/1274/45
f 553/1276/45 554/1278/45 1464/1279/45 1463/1277/45
f 554/1278/45 555/1280/45 1465/1281/45 1464/1279/45
f 2462/1282/45 556/1283/45 1466/1284/45 2464/1285/45
f 2044/186/44 562/1286/44 1472/1287/44 2046/1288/44
f 2463/1289/44 561/1290/44 1471/1291/44 2465/1292/44
f 561/1290/44 560/1293/44 1470/1294/44 1471/1291/44
f 560/1293/44 559/1295/44 1469/1296/44 1470/1294/44
f 559/1295/44 558/1297/44 1468/1298/44 1469/1296/44
f 2337/1299/44 557/1300/44 1467/1301/44 2339/1302/44
f 1375/1303/219 1369/1304/219 1435/1305/219 1442/1306/219
f 1495/1307/1 1322/1308/1 1540/1309/1 1555/1310/1
f 74/1311/1 1064/1312/1 1353/1313/1 1390/1314/1
f 2417/1315/219 1523/1316/219 1587/1317/219 2423/1318/219
f 1365/1319/1 1274/1320/1 1429/1321/1 1430/1322/1
f 1320/1323/3 1352/1324/3 1553/1325/3 1554/1326/3
f 2200/196/43 557/1300/43 545/165/43 2198/1327/43
f 2337/1299/43 558/1297/43 546/1328/43 2335/1329/43
f 558/1297/43 559/1295/43 547/1330/43 546/1328/43
f 559/1295/43 560/1293/43 548/1331/43 547/1330/43
f 560/1293/43 561/1290/43 549/1332/43 548/1331/43
f 2463/1289/43 562/1286/43 550/1333/43 2461/1334/43
f 2043/199/43 556/1283/43 532/1335/43 2041/1336/43
f 2462/1282/43 555/1280/43 531/1337/43 2458/1338/43
f 555/1280/43 554/1278/43 530/1339/43 531/1337/43
f 554/1278/43 553/1276/43 529/1340/43 530/1339/43
f 553/1276/43 552/1273/43 528/1341/43 529/1340/43
f 2336/1272/43 551/1269/43 527/1342/43 2332/1343/43
f 69/100/1 34/16/1 810/1344/1 811/1345/1
f 489/1346/3 549/1332/3 815/1347/3 813/1348/3
f 489/1346/44 488/1349/44 817/1350/44 818/1351/44
f 487/1352/3 547/1330/3 823/1353/3 821/1354/3
f 547/1330/1 487/1352/1 826/1355/1 828/1356/1
f 2325/1357/44 485/166/44 829/1358/44 2379/1359/44
f 2153/29/5 442/1360/5 544/1361/5 2163/1362/5
f 2317/1363/5 441/1364/5 543/1365/5 2334/1366/5
f 441/1364/5 440/1367/5 542/1368/5 543/1365/5
f 440/1367/5 439/1369/5 541/1370/5 542/1368/5
f 439/1369/5 438/1371/5 540/1372/5 541/1370/5
f 2443/1373/5 437/1374/5 539/1375/5 2460/1376/5
f 2234/1377/5 1296/1378/5 538/1379/5 2162/1380/5
f 2400/1381/5 1300/1382/5 537/1383/5 2333/1384/5
f 1300/1382/5 1304/1385/5 536/1386/5 537/1383/5
f 1304/1385/5 1308/1387/5 535/1388/5 536/1386/5
f 1308/1387/5 1312/1389/5 534/1390/5 535/1388/5
f 2526/1391/5 1316/1392/5 533/1393/5 2459/1394/5
f 2511/1395/35 510/1396/35 926/1397/35 2513/1398/35
f 523/110/29 522/1399/29 920/1400/29 921/111/29
f 2103/1401/35 509/1402/35 925/1403/35 2105/1404/35
f 2512/1405/29 521/1406/29 919/1407/29 2514/1408/29
f 47/1409/220 43/1410/220 913/1411/220 934/1412/220
f 2104/1413/29 47/1409/29 934/1412/29 2106/1414/29
f 2158/1415/33 508/1416/33 520/1417/33 2160/1418/33
f 2328/1419/33 507/1420/33 519/1421/33 2330/1422/33
f 507/1420/33 506/1423/33 518/1424/33 519/1421/33
f 506/1423/33 505/1425/33 517/1426/33 518/1424/33
f 505/1425/33 504/1427/33 516/1428/33 517/1426/33
f 2454/1429/33 503/1430/33 515/1431/33 2456/1432/33
f 2267/1433/32 1997/1434/32 898/1435/32 2161/1436/32
f 2434/1437/32 1998/1438/32 910/1439/32 2331/1440/32
f 1998/1438/32 1999/1441/32 909/1442/32 910/1439/32
f 1999/1441/32 2000/1443/32 908/1444/32 909/1442/32
f 2000/1443/32 2001/1445/32 907/1446/32 908/1444/32
f 2560/1447/32 2002/1448/32 906/1449/32 2457/1450/32
f 2268/117/221 2287/120/221 2292/1451/221 2278/1452/221
f 2008/1453/222 2268/117/222 2309/1454/222 2305/1455/222
f 2004/1456/223 2005/1457/223 903/1458/223 2283/1459/223
f 2005/1457/31 2006/1460/31 904/1461/31 903/1458/31
f 2006/1460/31 2007/1462/31 2284/1463/31 904/1461/31
f 2284/1463/224 2007/1462/224 2276/1464/224 2290/1465/224
f 895/1466/225 48/1467/225 933/1468/225 912/1469/225
f 2385/1470/35 514/1471/35 930/1472/35 2387/1473/35
f 2222/1474/29 526/1475/29 924/1476/29 2225/1477/29
f 512/1478/35 513/1479/35 929/1480/35 928/1481/35
f 2386/1482/29 525/1483/29 923/1484/29 2388/1485/29
f 1684/1486/226 41/1487/226 932/1488/226 1692/1489/226
f 2038/1490/28 478/1491/28 502/1492/28 2040/1493/28
f 2449/1494/28 477/1495/28 501/1496/28 2453/1497/28
f 477/1495/28 476/855/28 500/1498/28 501/1496/28
f 476/855/28 475/854/28 499/1499/28 500/1498/28
f 475/854/28 474/1500/28 498/1501/28 499/1499/28
f 2323/1502/28 473/1503/28 497/1504/28 2327/1505/28
f 2196/107/227 37/105/227 837/1506/227 2218/1507/227
f 2325/1357/228 486/1508/228 842/1509/228 2381/1510/228
f 499/1499/227 498/1501/227 847/1511/227 848/1512/227
f 487/1352/228 488/1349/228 850/1513/228 849/1514/228
f 500/1498/229 488/1349/229 853/1515/229 855/1516/229
f 2453/1497/227 501/1496/227 859/1517/227 2508/1518/227
f 35/35/1 70/141/1 865/1519/1 866/1520/1
f 491/1521/1 532/1335/1 872/1522/1 869/1523/1
f 493/1524/45 492/1525/45 873/1526/45 874/1527/45
f 493/1524/1 530/1339/1 880/1528/1 877/1529/1
f 495/1530/45 494/1531/45 881/1532/45 882/1533/45
f 495/1530/1 528/1341/1 888/1534/1 885/1535/1
f 2062/21/23 479/1536/23 455/1537/23 2060/1538/23
f 2450/1539/23 480/1540/23 456/1541/23 2446/1542/23
f 480/1540/23 481/1543/23 457/1544/23 456/1541/23
f 481/1543/23 482/1545/23 458/1546/23 457/1544/23
f 482/1545/23 483/1547/23 459/1548/23 458/1546/23
f 2324/1549/23 484/1550/23 460/1551/23 2320/1552/23
f 2038/1490/216 12/14/216 982/1553/216 2112/1554/216
f 2226/1555/230 973/1556/230 1004/1557/230 2230/1558/230
f 474/1500/216 475/854/216 994/857/216 993/1559/216
f 2110/1560/230 971/1561/230 1001/1562/230 2114/1563/230
f 2323/1502/216 474/1500/216 993/1559/216 2394/1564/216
f 413/819/1 29/37/1 983/1565/1 985/1566/1
f 2264/1567/5 1769/1568/5 467/970/5 2193/969/5
f 2430/1569/5 1770/1570/5 468/974/5 2322/973/5
f 1770/1570/5 1771/1571/5 469/977/5 468/974/5
f 1771/1571/5 1772/1572/5 470/979/5 469/977/5
f 1772/1572/5 1773/1573/5 471/981/5 470/979/5
f 2556/1574/5 1774/1575/5 472/984/5 2448/983/5
f 2036/1216/10 2060/1538/10 455/1537/10 454/1217/10
f 2445/1219/10 2446/1542/10 456/1541/10 453/1220/10
f 453/1220/10 456/1541/10 457/1544/10 452/1223/10
f 452/1223/10 457/1544/10 458/1546/10 451/1225/10
f 451/1225/10 458/1546/10 459/1548/10 450/1227/10
f 2319/1229/10 2320/1552/10 460/1551/10 449/1230/10
f 2059/157/5 437/1374/5 461/831/5 2061/830/5
f 2443/1373/5 438/1371/5 462/835/5 2447/834/5
f 438/1371/5 439/1369/5 463/838/5 462/835/5
f 439/1369/5 440/1367/5 464/840/5 463/838/5
f 440/1367/5 441/1364/5 465/842/5 464/840/5
f 2317/1363/5 442/1360/5 466/845/5 2321/844/5
f 2156/82/6 484/1550/6 508/1576/6 2158/1577/6
f 2324/1549/6 483/1547/6 507/1578/6 2328/1579/6
f 483/1547/6 482/1545/6 506/1580/6 507/1578/6
f 482/1545/6 481/1543/6 505/1581/6 506/1580/6
f 481/1543/6 480/1540/6 504/1582/6 505/1581/6
f 2450/1539/6 479/1536/6 503/1583/6 2454/1584/6
f 2162/1380/5 538/1379/5 443/1585/5 2191/1586/5
f 2333/1384/5 537/1383/5 444/1587/5 2318/1588/5
f 537/1383/5 536/1386/5 445/1589/5 444/1587/5
f 536/1386/5 535/1388/5 446/1590/5 445/1589/5
f 535/1388/5 534/1390/5 447/1591/5 446/1590/5
f 2459/1394/5 533/1393/5 448/1592/5 2444/1593/5
f 2097/1594/43 809/1595/43 812/1596/43 2098/1597/43
f 2039/1598/44 490/1599/44 809/1595/44 2097/1594/44
f 2042/188/219 69/100/219 811/1345/219 2098/1597/219
f 490/1599/3 550/1333/3 812/1596/3 809/1595/3
f 2505/1600/43 813/1348/43 815/1347/43 2506/1601/43
f 2451/1602/44 489/1346/44 813/1348/44 2505/1600/44
f 2461/1334/219 550/1333/219 816/1603/219 2506/1601/219
f 550/1333/1 490/1599/1 814/1604/1 816/1603/1
f 818/1351/43 817/1350/43 819/1605/43 820/1606/43
f 548/1331/219 549/1332/219 820/1606/219 819/1605/219
f 549/1332/1 489/1346/1 818/1351/1 820/1606/1
f 488/1349/3 548/1331/3 819/1605/3 817/1350/3
f 822/1607/43 821/1354/43 823/1353/43 824/1608/43
f 488/1349/44 487/1352/44 821/1354/44 822/1607/44
f 547/1330/219 548/1331/219 824/1608/219 823/1353/219
f 548/1331/1 488/1349/1 822/1607/1 824/1608/1
f 826/1355/43 825/1609/43 827/1610/43 828/1356/43
f 487/1352/44 486/1508/44 825/1609/44 826/1355/44
f 546/1328/219 547/1330/219 828/1356/219 827/1610/219
f 486/1508/3 546/1328/3 827/1610/3 825/1609/3
f 2379/1359/43 829/1358/43 831/1611/43 2380/1612/43
f 2335/1329/219 546/1328/219 832/1613/219 2380/1612/219
f 485/166/3 545/165/3 831/1611/3 829/1358/3
f 546/1328/1 486/1508/1 830/1614/1 832/1613/1
f 2215/1615/43 834/1616/43 833/1617/43 2216/1618/43
f 2195/1619/44 33/104/44 834/1616/44 2215/1615/44
f 2198/1327/219 545/165/219 836/168/219 2216/1618/219
f 33/104/3 72/169/3 833/1617/3 834/1616/3
f 2217/1620/231 839/1621/231 840/1622/231 2218/1507/231
f 37/105/232 33/104/232 838/1623/232 837/1506/232
f 2195/1619/228 485/166/228 839/1621/228 2217/1620/228
f 485/166/233 497/1504/233 840/1622/233 839/1621/233
f 2381/1510/231 842/1509/231 844/1624/231 2382/1625/231
f 486/1508/234 498/1501/234 844/1624/234 842/1509/234
f 2327/1505/227 497/1504/227 843/1626/227 2382/1625/227
f 497/1504/235 485/166/235 841/1627/235 843/1626/235
f 845/1628/231 846/1629/231 848/1512/231 847/1511/231
f 498/1501/236 486/1508/236 845/1628/236 847/1511/236
f 486/1508/228 487/1352/228 846/1629/228 845/1628/228
f 487/1352/237 499/1499/237 848/1512/237 846/1629/237
f 849/1514/231 850/1513/231 852/1630/231 851/1631/231
f 488/1349/238 500/1498/238 852/1630/238 850/1513/238
f 500/1498/239 499/1499/239 851/1631/239 852/1630/239
f 499/1499/240 487/1352/240 849/1514/240 851/1631/240
f 853/1515/231 854/1632/231 856/1633/231 855/1516/231
f 488/1349/228 489/1346/228 854/1632/228 853/1515/228
f 489/1346/241 501/1496/241 856/1633/241 854/1632/241
f 501/1496/239 500/1498/239 855/1516/239 856/1633/239
f 2507/1634/231 858/1635/231 860/1636/231 2508/1518/231
f 501/1496/242 489/1346/242 857/1637/242 859/1517/242
f 2451/1602/228 490/1599/228 858/1635/228 2507/1634/228
f 490/1599/243 502/1492/243 860/1636/243 858/1635/243
f 2099/1638/231 862/98/231 864/97/231 2100/1639/231
f 2040/1493/239 502/1492/239 863/1640/239 2100/1639/239
f 2039/1598/228 34/16/228 862/98/228 2099/1638/228
f 502/1492/244 490/1599/244 861/1641/244 863/1640/244
f 2101/1642/43 867/1643/43 868/1644/43 2102/1645/43
f 2063/1646/45 35/35/45 866/1520/45 2102/1645/45
f 532/1335/3 491/1521/3 868/1644/3 867/1643/3
f 2041/1336/245 532/1335/245 867/1643/245 2101/1642/245
f 2510/1647/43 871/1648/43 870/1649/43 2509/1650/43
f 2458/1338/245 531/1337/245 871/1648/245 2510/1647/245
f 2452/1651/45 491/1521/45 869/1523/45 2509/1650/45
f 531/1337/3 492/1525/3 870/1649/3 871/1648/3
f 876/1652/43 875/1653/43 874/1527/43 873/1526/43
f 531/1337/245 530/1339/245 875/1653/245 876/1652/245
f 530/1339/3 493/1524/3 874/1527/3 875/1653/3
f 492/1525/1 531/1337/1 876/1652/1 873/1526/1
f 880/1528/43 879/1654/43 878/1655/43 877/1529/43
f 494/1531/45 493/1524/45 877/1529/45 878/1655/45
f 529/1340/3 494/1531/3 878/1655/3 879/1654/3
f 530/1339/245 529/1340/245 879/1654/245 880/1528/245
f 884/1656/43 883/1657/43 882/1533/43 881/1532/43
f 528/1341/3 495/1530/3 882/1533/3 883/1657/3
f 529/1340/245 528/1341/245 883/1657/245 884/1656/245
f 494/1531/1 529/1340/1 884/1656/1 881/1532/1
f 2384/1658/43 887/1659/43 886/1660/43 2383/1661/43
f 2326/1662/45 495/1530/45 885/1535/45 2383/1661/45
f 527/1342/3 496/1663/3 886/1660/3 887/1659/3
f 2332/1343/245 527/1342/245 887/1659/245 2384/1658/245
f 2220/1664/43 891/96/43 890/95/43 2219/1665/43
f 2157/1666/45 496/1663/45 889/1667/45 2219/1665/45
f 2197/182/245 71/93/245 891/96/245 2220/1664/245
f 496/1663/1 527/1342/1 892/1668/1 889/1667/1
f 2221/135/246 514/1471/246 2285/1669/246 2287/120/246
f 1683/1670/247 42/136/247 894/119/247 1707/1671/247
f 1827/1672/248 43/1410/248 1709/134/248 1800/1673/248
f 2222/1474/249 48/1467/249 899/1674/249 2161/1436/249
f 48/1467/250 895/1466/250 1708/1675/250 899/1674/250
f 43/1410/251 47/1409/251 900/127/251 1709/134/251
f 2103/1401/246 41/1487/246 897/91/246 2281/1676/246
f 2511/1395/246 509/1402/246 2282/1677/246 2455/1678/246
f 511/1679/246 510/1396/246 2283/1459/246 903/1458/246
f 512/1478/246 511/1679/246 903/1458/246 904/1461/246
f 513/1479/246 512/1478/246 904/1461/246 2284/1463/246
f 2385/1470/246 513/1479/246 2284/1463/246 2329/1680/246
f 2104/1413/249 521/1406/249 906/1449/249 2067/128/249
f 2512/1405/249 522/1399/249 907/1446/249 2457/1450/249
f 522/1399/249 523/110/249 908/1444/249 907/1446/249
f 523/110/249 524/109/249 909/1442/249 908/1444/249
f 524/109/249 525/1483/249 910/1439/249 909/1442/249
f 2386/1482/249 526/1475/249 898/1435/249 2331/1440/249
f 2263/1681/252 1782/1682/252 912/1469/252 2223/1683/252
f 2223/1683/253 912/1469/253 933/1468/253 2225/1477/253
f 934/1412/254 913/1411/254 935/1684/254 940/1685/254
f 2513/1398/255 926/1397/255 946/1686/255 2516/1687/255
f 1778/1688/256 916/1689/256 948/1690/256 1787/1691/256
f 1687/1692/256 927/1693/256 957/1694/256 1699/1695/256
f 923/1484/257 922/112/257 961/1696/257 962/1697/257
f 1689/1698/258 929/1480/258 969/1699/258 1703/1700/258
f 1776/1701/259 914/1702/259 936/1703/259 1783/1704/259
f 915/1705/260 920/1400/260 944/1706/260 942/1707/260
f 920/1400/261 915/1705/261 947/1708/261 949/1709/261
f 927/1693/262 928/1481/262 958/1710/262 957/1694/262
f 1780/1711/263 918/1712/263 960/1713/263 1791/1714/263
f 2387/1473/264 930/1472/264 970/1715/264 2390/1716/264
f 510/1396/35 511/1679/35 927/1693/35 926/1397/35
f 1775/1717/265 895/1466/265 912/1469/265 1782/1682/265
f 525/1483/29 524/109/29 922/112/29 923/1484/29
f 511/1679/35 512/1478/35 928/1481/35 927/1693/35
f 2107/1718/266 936/1703/266 937/1719/266 2109/1720/266
f 2147/1721/267 1783/1704/267 936/1703/267 2107/1718/267
f 2106/1414/268 934/1412/268 940/1685/268 2109/1720/268
f 914/1702/269 919/1407/269 937/1719/269 936/1703/269
f 2105/1404/270 925/1403/270 938/1722/270 2108/1723/270
f 1692/1489/271 932/1488/271 939/1724/271 1694/1725/271
f 2515/1726/249 942/1707/249 944/1706/249 2517/1727/249
f 2555/1728/246 1785/1729/246 942/1707/246 2515/1726/246
f 1685/1730/272 925/1403/272 945/1731/272 1695/1732/272
f 919/1407/273 914/1702/273 941/1733/273 943/1734/273
f 1777/1735/274 915/1705/274 942/1707/274 1785/1729/274
f 2514/1408/275 919/1407/275 943/1734/275 2517/1727/275
f 947/1708/249 948/1690/249 950/1736/249 949/1709/249
f 1786/1737/246 1787/1691/246 948/1690/246 947/1708/246
f 921/111/257 920/1400/257 949/1709/257 950/1736/257
f 916/1689/276 921/111/276 950/1736/276 948/1690/276
f 926/1397/264 927/1693/264 952/1738/264 951/1739/264
f 1686/1740/277 926/1397/277 951/1739/277 1697/1741/277
f 953/1742/249 954/1743/249 956/1744/249 955/1745/249
f 1788/1746/246 1789/1747/246 954/1743/246 953/1742/246
f 921/111/276 916/1689/276 953/1742/276 955/1745/276
f 1779/1748/278 917/1749/278 954/1743/278 1789/1747/278
f 922/112/279 921/111/279 955/1745/279 956/1744/279
f 917/1749/280 922/112/280 956/1744/280 954/1743/280
f 959/1750/249 960/1713/249 962/1697/249 961/1696/249
f 1790/1751/246 1791/1714/246 960/1713/246 959/1750/246
f 918/1712/281 923/1484/281 962/1697/281 960/1713/281
f 928/1481/264 929/1480/264 964/1752/264 963/1753/264
f 1688/1754/278 928/1481/278 963/1753/278 1701/1755/278
f 922/112/280 917/1749/280 959/1750/280 961/1696/280
f 2389/1756/249 966/1757/249 968/1758/249 2391/1759/249
f 2429/1760/246 1793/1761/246 966/1757/246 2389/1756/246
f 923/1484/282 918/1712/282 965/1762/282 967/1763/282
f 1781/1764/283 911/1765/283 966/1757/283 1793/1761/283
f 2388/1485/275 923/1484/275 967/1763/275 2391/1759/275
f 911/1765/284 924/1476/284 968/1758/284 966/1757/284
f 30/8/3 416/802/3 986/1766/3 980/1767/3
f 2518/827/230 978/826/230 1012/1768/230 2522/1769/230
f 2194/106/216 473/1503/216 992/1770/216 2228/1771/216
f 973/1556/285 413/819/285 985/1566/285 1004/1557/285
f 978/826/230 977/849/230 1011/1772/230 1012/1768/230
f 12/14/286 30/8/286 980/1767/286 982/1553/286
f 977/849/230 976/851/230 1010/1773/230 1011/1772/230
f 29/37/287 9/81/287 984/1774/287 983/1565/287
f 2449/1494/216 478/1491/216 981/1775/216 2520/1776/216
f 416/802/288 972/1777/288 1002/1778/288 986/1766/288
f 2049/801/214 748/968/214 971/1561/214 2110/1560/214
f 976/851/230 975/853/230 1009/1779/230 1010/1773/230
f 476/855/216 477/1495/216 996/1780/216 995/856/216
f 2205/965/214 413/819/214 973/1556/214 2226/1555/214
f 2392/1781/230 974/1782/230 1008/1783/230 2396/1784/230
f 2368/967/214 743/966/214 974/1782/214 2392/1781/214
f 2112/1554/289 982/1553/289 980/1767/289 2111/1785/289
f 2227/1786/290 987/1787/290 1005/1788/290 2229/1789/290
f 2519/1790/290 979/1791/290 997/1792/290 2521/1793/290
f 990/1794/290 991/1795/290 999/1796/290 998/1797/290
f 2228/1771/289 992/1770/289 987/1787/289 2227/1786/289
f 2394/1564/289 993/1559/289 988/1798/289 2393/1799/289
f 993/1559/289 994/857/289 989/1800/289 988/1798/289
f 994/857/289 995/856/289 990/1794/289 989/1800/289
f 995/856/289 996/1780/289 991/1795/289 990/1794/289
f 2520/1776/289 981/1775/289 979/1791/289 2519/1790/289
f 2113/1801/291 1000/1802/291 1002/1778/291 2114/1563/291
f 2229/1789/291 1005/1788/291 1008/1783/291 2230/1558/291
f 2395/1803/291 1006/1804/291 1009/1779/291 2396/1784/291
f 1006/1804/291 1007/1805/291 1010/1773/291 1009/1779/291
f 1007/1805/291 998/1797/291 1011/1772/291 1010/1773/291
f 998/1797/291 999/1796/291 1012/1768/291 1011/1772/291
f 2521/1793/291 997/1792/291 1001/1562/291 2522/1769/291
f 2111/1785/290 980/1767/290 1000/1802/290 2113/1801/290
f 980/1767/292 986/1766/292 1002/1778/292 1000/1802/292
f 2393/1799/290 988/1798/290 1006/1804/290 2395/1803/290
f 985/1566/293 983/1565/293 1003/1806/293 1004/1557/293
f 988/1798/290 989/1800/290 1007/1805/290 1006/1804/290
f 989/1800/290 990/1794/290 998/1797/290 1007/1805/290
f 2460/1376/5 539/1375/5 1313/1807/5 2523/1808/5
f 2523/1808/5 1313/1807/5 1314/1809/5 2524/1810/5
f 2524/1810/5 1314/1809/5 1315/1811/5 2525/1812/5
f 2525/1812/5 1315/1811/5 1316/1392/5 2526/1391/5
f 541/1370/5 540/1372/5 1309/1813/5 1305/1814/5
f 1305/1814/5 1309/1813/5 1310/1815/5 1306/1816/5
f 1306/1816/5 1310/1815/5 1311/1817/5 1307/1818/5
f 1307/1818/5 1311/1817/5 1312/1389/5 1308/1387/5
f 542/1368/5 541/1370/5 1305/1814/5 1301/1819/5
f 1301/1819/5 1305/1814/5 1306/1816/5 1302/1820/5
f 1302/1820/5 1306/1816/5 1307/1818/5 1303/1821/5
f 1303/1821/5 1307/1818/5 1308/1387/5 1304/1385/5
f 543/1365/5 542/1368/5 1301/1819/5 1297/1822/5
f 1297/1822/5 1301/1819/5 1302/1820/5 1298/1823/5
f 1298/1823/5 1302/1820/5 1303/1821/5 1299/1824/5
f 1299/1824/5 1303/1821/5 1304/1385/5 1300/1382/5
f 2334/1366/5 543/1365/5 1297/1822/5 2397/1825/5
f 2397/1825/5 1297/1822/5 1298/1823/5 2398/1826/5
f 2398/1826/5 1298/1823/5 1299/1824/5 2399/1827/5
f 2399/1827/5 1299/1824/5 1300/1382/5 2400/1381/5
f 2163/1362/5 544/1361/5 1293/1828/5 2231/1829/5
f 2231/1829/5 1293/1828/5 1294/1830/5 2232/1831/5
f 2232/1831/5 1294/1830/5 1295/1832/5 2233/1833/5
f 2233/1833/5 1295/1832/5 1296/1378/5 2234/1377/5
f 2416/1834/44 1386/1835/44 1593/1836/44 2422/1837/44
f 1277/1838/44 1281/1839/44 1441/1840/44 1434/1841/44
f 2254/1842/219 1346/1843/219 1596/1844/219 2258/1845/219
f 1273/1846/3 1363/1847/3 1428/1848/3 1427/1849/3
f 1343/1850/44 1345/1851/44 1411/1852/44 1410/1853/44
f 1351/1854/3 1350/1855/3 1551/1856/3 1552/1857/3
f 1361/1858/1 573/1859/1 1406/1860/1 1426/1861/1
f 2415/1862/219 1519/1863/219 1583/1864/219 2421/1865/219
f 2253/1866/44 1351/1854/44 1552/1857/44 2257/1867/44
f 1383/1868/219 1377/1869/219 1444/1870/219 1451/1871/219
f 1317/1872/1 1349/1873/1 1549/1874/1 1550/1875/1
f 1272/1876/1 1271/1877/1 1424/1878/1 1425/1879/1
f 1282/1880/44 1286/1881/44 1450/1882/44 1443/1883/44
f 1346/1843/1 1388/1884/1 1595/1885/1 1596/1844/1
f 1270/1886/3 1359/1887/3 1423/1888/3 1422/1889/3
f 2252/1890/219 1527/1891/219 1592/1892/219 2256/1893/219
f 1348/1894/1 1335/1895/1 1547/1896/1 1548/1897/1
f 1379/1898/219 1373/1899/219 1440/1900/219 1447/1901/219
f 1386/1835/3 1529/1902/3 1594/1903/3 1593/1836/3
f 1357/1904/1 1269/1905/1 1420/1906/1 1421/1907/1
f 2408/1908/219 1288/1909/219 1453/1910/219 2412/1911/219
f 2251/1912/44 1320/1323/44 1554/1326/44 2255/1913/44
f 574/1914/3 1355/1915/3 1419/1916/3 1394/1917/3
f 1485/1918/3 1325/1919/3 1493/1920/3 1546/1921/3
f 176/205/210 1069/204/210 1265/784/210 412/783/210
f 1069/204/210 1070/1922/210 1266/1923/210 1265/784/210
f 1070/1922/210 1071/1924/210 1267/1925/210 1266/1923/210
f 1071/1924/210 1072/798/210 1268/799/210 1267/1925/210
f 408/786/47 1261/1926/47 1268/799/47 411/787/47
f 1261/1926/47 1262/1927/47 1267/1925/47 1268/799/47
f 1262/1927/47 1263/1928/47 1266/1923/47 1267/1925/47
f 1263/1928/47 1264/781/47 1265/784/47 1266/1923/47
f 178/213/48 1077/212/48 1257/772/48 400/771/48
f 1077/212/48 1078/1929/48 1258/1930/48 1257/772/48
f 1078/1929/48 1079/1931/48 1259/1932/48 1258/1930/48
f 1079/1931/48 1080/777/48 1260/778/48 1259/1932/48
f 397/462/47 1256/1933/47 1260/778/47 398/211/47
f 1256/1933/47 1255/1934/47 1259/1932/47 1260/778/47
f 1255/1934/47 1254/1935/47 1258/1930/47 1259/1932/47
f 1254/1935/47 1253/433/47 1257/772/47 1258/1930/47
f 179/216/106 1081/756/106 1249/760/106 388/434/106
f 1081/756/106 1082/1936/106 1250/1937/106 1249/760/106
f 1082/1936/106 1083/1938/106 1251/1939/106 1250/1937/106
f 1083/1938/106 1084/769/106 1252/770/106 1251/1939/106
f 385/362/47 1248/1940/47 1252/770/47 386/761/47
f 1248/1940/47 1247/1941/47 1251/1939/47 1252/770/47
f 1247/1941/47 1246/1942/47 1250/1937/47 1251/1939/47
f 1246/1942/47 1245/215/47 1249/760/47 1250/1937/47
f 152/754/50 1084/769/50 1240/1943/50 373/755/50
f 1084/769/50 1083/1938/50 1239/1944/50 1240/1943/50
f 1083/1938/50 1082/1936/50 1238/1945/50 1239/1944/50
f 1082/1936/50 1081/756/50 1237/757/50 1238/1945/50
f 373/746/47 1240/1946/47 1244/366/47 374/365/47
f 1240/1946/47 1239/1947/47 1243/1948/47 1244/366/47
f 1239/1947/47 1238/1949/47 1242/1950/47 1243/1948/47
f 1238/1949/47 1237/741/47 1241/744/47 1242/1950/47
f 182/469/113 1093/726/113 1233/731/113 364/470/113
f 1093/726/113 1094/1951/113 1234/1952/113 1233/731/113
f 1094/1951/113 1095/1953/113 1235/1954/113 1234/1952/113
f 1095/1953/113 1096/737/113 1236/738/113 1235/1954/113
f 361/441/47 1232/1955/47 1236/738/47 362/732/47
f 1232/1955/47 1231/1956/47 1235/1954/47 1236/738/47
f 1231/1956/47 1230/1957/47 1234/1952/47 1235/1954/47
f 1230/1957/47 1229/370/47 1233/731/47 1234/1952/47
f 183/229/52 1097/715/52 1225/717/52 352/230/52
f 1097/715/52 1098/1958/52 1226/1959/52 1225/717/52
f 1098/1958/52 1099/1960/52 1227/1961/52 1226/1959/52
f 1099/1960/52 1100/729/52 1228/730/52 1227/1961/52
f 155/725/114 1096/737/114 1224/1962/114 349/719/114
f 1096/737/114 1095/1953/114 1223/1963/114 1224/1962/114
f 1095/1953/114 1094/1951/114 1222/1964/114 1223/1963/114
f 1094/1951/114 1093/726/114 1221/716/114 1222/1964/114
f 349/719/47 1224/1962/47 1228/730/47 350/720/47
f 1224/1962/47 1223/1963/47 1227/1961/47 1228/730/47
f 1223/1963/47 1222/1964/47 1226/1959/47 1227/1961/47
f 1222/1964/47 1221/716/47 1225/717/47 1226/1959/47
f 156/714/176 1100/729/176 1216/1965/176 337/707/176
f 1100/729/176 1099/1960/176 1215/1966/176 1216/1965/176
f 1099/1960/176 1098/1958/176 1214/1967/176 1215/1966/176
f 1098/1958/176 1097/715/176 1213/703/176 1214/1967/176
f 184/57/73 1101/56/73 1217/706/73 340/705/73
f 1101/56/73 1102/1968/73 1218/1969/73 1217/706/73
f 1102/1968/73 1103/1970/73 1219/1971/73 1218/1969/73
f 1103/1970/73 1104/710/73 1220/711/73 1219/1971/73
f 337/707/47 1216/1965/47 1220/711/47 338/325/47
f 1216/1965/47 1215/1966/47 1219/1971/47 1220/711/47
f 1215/1966/47 1214/1967/47 1218/1969/47 1219/1971/47
f 1214/1967/47 1213/703/47 1217/706/47 1218/1969/47
f 60/156/18 1040/1972/18 1208/699/18 317/694/18
f 1040/1972/18 1039/1973/18 1207/1974/18 1208/699/18
f 1039/1973/18 1038/1975/18 1206/1976/18 1207/1974/18
f 1038/1975/18 1037/154/18 1205/702/18 1206/1976/18
f 325/176/47 1212/1977/47 1205/702/47 324/73/47
f 1212/1977/47 1211/1978/47 1206/1976/47 1205/702/47
f 1211/1978/47 1210/1979/47 1207/1974/47 1206/1976/47
f 1210/1979/47 1209/59/47 1208/699/47 1207/1974/47
f 159/602/55 1109/605/55 1201/1980/55 278/619/55
f 1109/605/55 1110/1981/55 1202/1982/55 1201/1980/55
f 1110/1981/55 1111/1983/55 1203/1984/55 1202/1982/55
f 1111/1983/55 1112/620/55 1204/621/55 1203/1984/55
f 167/238/116 1108/1985/116 1200/1986/116 279/478/116
f 1108/1985/116 1107/1987/116 1199/1988/116 1200/1986/116
f 1107/1987/116 1106/1989/116 1198/1990/116 1199/1988/116
f 1106/1989/116 1105/271/116 1197/609/116 1198/1990/116
f 279/478/54 1200/1986/54 1204/1991/54 280/607/54
f 1200/1986/54 1199/1988/54 1203/1992/54 1204/1991/54
f 1199/1988/54 1198/1990/54 1202/1993/54 1203/1992/54
f 1198/1990/54 1197/609/54 1201/612/54 1202/1993/54
f 168/240/157 1112/620/157 1192/1994/157 267/244/157
f 1112/620/157 1111/1983/157 1191/1995/157 1192/1994/157
f 1111/1983/157 1110/1981/157 1190/1996/157 1191/1995/157
f 1110/1981/157 1109/605/157 1189/606/157 1190/1996/157
f 267/583/54 1192/1997/54 1196/1998/54 268/584/54
f 1192/1997/54 1191/1999/54 1195/2000/54 1196/1998/54
f 1191/1999/54 1190/2001/54 1194/2002/54 1195/2000/54
f 1190/2001/54 1189/586/54 1193/589/54 1194/2002/54
f 161/281/64 1117/284/64 1185/2003/64 254/282/64
f 1117/284/64 1118/2004/64 1186/2005/64 1185/2003/64
f 1118/2004/64 1119/2006/64 1187/2007/64 1186/2005/64
f 1119/2006/64 1120/571/64 1188/573/64 1187/2007/64
f 255/558/54 1184/2008/54 1188/2009/54 256/559/54
f 1184/2008/54 1183/2010/54 1187/2011/54 1188/2009/54
f 1183/2010/54 1182/2012/54 1186/2013/54 1187/2011/54
f 1182/2012/54 1181/561/54 1185/564/54 1186/2013/54
f 171/252/65 1124/2014/65 1176/2015/65 243/287/65
f 1124/2014/65 1123/2016/65 1175/2017/65 1176/2015/65
f 1123/2016/65 1122/2018/65 1174/2019/65 1175/2017/65
f 1122/2018/65 1121/286/65 1173/547/65 1174/2019/65
f 243/287/54 1176/2015/54 1180/419/54 244/418/54
f 1176/2015/54 1175/2017/54 1179/2020/54 1180/419/54
f 1175/2017/54 1174/2019/54 1178/2021/54 1179/2020/54
f 1174/2019/54 1173/547/54 1177/550/54 1178/2021/54
f 164/262/100 1129/261/100 1169/537/100 230/420/100
f 1129/261/100 1130/2022/100 1170/2023/100 1169/537/100
f 1130/2022/100 1131/2024/100 1171/2025/100 1170/2023/100
f 1131/2024/100 1132/541/100 1172/542/100 1171/2025/100
f 231/534/54 1168/2026/54 1172/542/54 232/535/54
f 1168/2026/54 1167/2027/54 1171/2025/54 1172/542/54
f 1167/2027/54 1166/2028/54 1170/2023/54 1171/2025/54
f 1166/2028/54 1165/488/54 1169/537/54 1170/2023/54
f 165/518/81 1133/519/81 1161/523/81 218/522/81
f 1133/519/81 1134/2029/81 1162/2030/81 1161/523/81
f 1134/2029/81 1135/2031/81 1163/2032/81 1162/2030/81
f 1135/2031/81 1136/530/81 1164/531/81 1163/2032/81
f 219/521/54 1160/2033/54 1164/531/54 220/351/54
f 1160/2033/54 1159/2034/54 1163/2032/54 1164/531/54
f 1159/2034/54 1158/2035/54 1162/2030/54 1163/2032/54
f 1158/2035/54 1157/264/54 1161/523/54 1162/2030/54
f 174/348/5 1136/530/5 1152/2036/5 207/352/5
f 1136/530/5 1135/2031/5 1151/2037/5 1152/2036/5
f 1135/2031/5 1134/2029/5 1150/2038/5 1151/2037/5
f 1134/2029/5 1133/519/5 1149/508/5 1150/2038/5
f 207/352/54 1152/2036/54 1156/496/54 208/495/54
f 1152/2036/54 1151/2037/54 1155/2039/54 1156/496/54
f 1151/2037/54 1150/2038/54 1154/2040/54 1155/2039/54
f 1150/2038/54 1149/508/54 1153/511/54 1154/2040/54
f 194/505/54 1148/2041/54 1141/69/54 192/68/54
f 1148/2041/54 1147/2042/54 1142/2043/54 1141/69/54
f 1147/2042/54 1146/2044/54 1143/2045/54 1142/2043/54
f 1146/2044/54 1145/164/54 1144/504/54 1143/2045/54
f 166/162/40 1137/161/40 1153/511/40 206/510/40
f 1137/161/40 1138/2046/40 1154/2040/40 1153/511/40
f 1138/2046/40 1139/2047/40 1155/2039/40 1154/2040/40
f 1139/2047/40 1140/493/40 1156/496/40 1155/2039/40
f 172/417/119 1128/416/119 1168/2026/119 231/534/119
f 1128/416/119 1127/2048/119 1167/2027/119 1168/2026/119
f 1127/2048/119 1126/2049/119 1166/2028/119 1167/2027/119
f 1126/2049/119 1125/485/119 1165/488/119 1166/2028/119
f 150/300/105 1076/2050/105 1256/1933/105 397/462/105
f 1076/2050/105 1075/2051/105 1255/1934/105 1256/1933/105
f 1075/2051/105 1074/2052/105 1254/1935/105 1255/1934/105
f 1074/2052/105 1073/207/105 1253/433/105 1254/1935/105
f 163/486/99 1125/485/99 1177/550/99 242/549/99
f 1125/485/99 1126/2049/99 1178/2021/99 1177/550/99
f 1126/2049/99 1127/2048/99 1179/2020/99 1178/2021/99
f 1127/2048/99 1128/416/99 1180/419/99 1179/2020/99
f 154/314/86 1092/2053/86 1232/1955/86 361/441/86
f 1092/2053/86 1091/2054/86 1231/1956/86 1232/1955/86
f 1091/2054/86 1090/2055/86 1230/1957/86 1231/1956/86
f 1090/2055/86 1089/223/86 1229/370/86 1230/1957/86
f 180/221/84 1085/220/84 1241/744/84 376/743/84
f 1085/220/84 1086/2056/84 1242/1950/84 1241/744/84
f 1086/2056/84 1087/2057/84 1243/1948/84 1242/1950/84
f 1087/2057/84 1088/364/84 1244/366/84 1243/1948/84
f 54/18/46 1041/153/46 1261/2058/46 408/202/46
f 1041/153/46 1042/2059/46 1262/2060/46 1261/2058/46
f 1042/2059/46 1043/2061/46 1263/2062/46 1262/2060/46
f 1043/2061/46 1044/354/46 1264/355/46 1263/2062/46
f 169/277/77 1116/276/77 1184/2063/77 255/578/77
f 1116/276/77 1115/2064/77 1183/2065/77 1184/2063/77
f 1115/2064/77 1114/2066/77 1182/2067/77 1183/2065/77
f 1114/2066/77 1113/336/77 1181/339/77 1182/2067/77
f 170/251/54 1120/571/54 1124/2014/54 171/252/54
f 1120/571/54 1119/2006/54 1123/2016/54 1124/2014/54
f 1119/2006/54 1118/2004/54 1122/2018/54 1123/2016/54
f 1118/2004/54 1117/284/54 1121/286/54 1122/2018/54
f 160/337/63 1113/336/63 1193/2068/63 266/481/63
f 1113/336/63 1114/2066/63 1194/2069/63 1193/2068/63
f 1114/2066/63 1115/2064/63 1195/2070/63 1194/2069/63
f 1115/2064/63 1116/276/63 1196/279/63 1195/2070/63
f 66/237/54 1021/2071/54 1108/1985/54 167/238/54
f 1021/2071/54 1022/2072/54 1107/1987/54 1108/1985/54
f 1022/2072/54 1023/2073/54 1106/1989/54 1107/1987/54
f 1023/2073/54 1024/268/54 1105/271/54 1106/1989/54
f 173/533/60 1132/541/60 1160/2033/60 219/521/60
f 1132/541/60 1131/2024/60 1159/2034/60 1160/2033/60
f 1131/2024/60 1130/2022/60 1158/2035/60 1159/2034/60
f 1130/2022/60 1129/261/60 1157/264/60 1158/2035/60
f 153/313/47 1088/364/47 1092/2053/47 154/314/47
f 1088/364/47 1087/2057/47 1091/2054/47 1092/2053/47
f 1087/2057/47 1086/2056/47 1090/2055/47 1091/2054/47
f 1086/2056/47 1085/220/47 1089/223/47 1090/2055/47
f 151/208/49 1080/777/49 1248/1940/49 385/362/49
f 1080/777/49 1079/1931/49 1247/1941/49 1248/1940/49
f 1079/1931/49 1078/1929/49 1246/1942/49 1247/1941/49
f 1078/1929/49 1077/212/49 1245/215/49 1246/1942/49
f 149/299/47 1072/798/47 1076/2050/47 150/300/47
f 1072/798/47 1071/1924/47 1075/2051/47 1076/2050/47
f 1071/1924/47 1070/1922/47 1074/2052/47 1075/2051/47
f 1070/1922/47 1069/204/47 1073/207/47 1074/2052/47
f 58/179/1 1056/178/1 1488/2074/1 1318/200/1
f 1056/178/1 1055/2075/1 1487/2076/1 1488/2074/1
f 1055/2075/1 1054/2077/1 1486/2078/1 1487/2076/1
f 1054/2077/1 1053/193/1 1473/195/1 1486/2078/1
f 2407/2079/44 1291/2080/44 1459/2081/44 2411/2082/44
f 1527/1891/1 1384/2083/1 1591/2084/1 1592/1892/1
f 1067/2085/3 1066/2086/3 1417/2087/3 1418/2088/3
f 2138/2089/45 1317/1872/45 1550/1875/45 2142/2090/45
f 57/143/43 1057/142/43 1049/140/43 71/93/43
f 1057/142/43 1058/2091/43 1050/2092/43 1049/140/43
f 1058/2091/43 1059/2093/43 1051/2094/43 1050/2092/43
f 1059/2093/43 1060/183/43 1052/185/43 1051/2094/43
f 68/187/43 1053/193/43 1029/171/43 69/100/43
f 1053/193/43 1054/2077/43 1030/2095/43 1029/171/43
f 1054/2077/43 1055/2075/43 1031/2096/43 1030/2095/43
f 1055/2075/43 1056/178/43 1032/180/43 1031/2096/43
f 49/75/1 50/148/1 1033/2097/1 1016/2098/1
f 1016/2098/1 1033/2097/1 1034/2099/1 1015/2100/1
f 1015/2100/1 1034/2099/1 1035/2101/1 1014/2102/1
f 1014/2102/1 1035/2101/1 1036/173/1 1013/67/1
f 55/108/294 1045/139/294 1033/2097/294 50/148/294
f 1045/139/295 1046/2103/295 1034/2099/295 1033/2097/295
f 1046/2103/296 1047/2104/296 1035/2101/296 1034/2099/296
f 1047/2104/20 1048/172/20 1036/173/20 1035/2101/20
f 56/80/1 1028/146/1 1032/180/1 70/141/1
f 1028/146/1 1027/2105/1 1031/2096/1 1032/180/1
f 1027/2105/1 1026/2106/1 1030/2095/1 1031/2096/1
f 1026/2106/1 1025/170/1 1029/171/1 1030/2095/1
f 175/494/40 1140/493/40 1148/2041/40 194/505/40
f 1140/493/40 1139/2047/40 1147/2042/40 1148/2041/40
f 1139/2047/40 1138/2046/40 1146/2044/40 1147/2042/40
f 1138/2046/40 1137/161/40 1145/164/40 1146/2044/40
f 60/156/3 65/155/3 1017/2107/3 1040/1972/3
f 1040/1972/3 1017/2107/3 1018/2108/3 1039/1973/3
f 1039/1973/3 1018/2108/3 1019/2109/3 1038/1975/3
f 1038/1975/3 1019/2109/3 1020/147/3 1037/154/3
f 2069/160/5 61/159/5 1044/354/5 2119/2110/5
f 2119/2110/5 1044/354/5 1043/2061/5 2120/2111/5
f 2120/2111/5 1043/2061/5 1042/2059/5 2121/2112/5
f 2121/2112/5 1042/2059/5 1041/153/5 2122/152/5
f 67/99/297 1025/170/297 1017/2107/297 65/155/297
f 1025/170/298 1026/2106/298 1018/2108/298 1017/2107/298
f 1026/2106/299 1027/2105/299 1019/2109/299 1018/2108/299
f 1027/2105/300 1028/146/300 1020/147/300 1019/2109/300
f 63/184/3 1060/183/3 1492/2113/3 1321/197/3
f 1060/183/3 1059/2093/3 1491/2114/3 1492/2113/3
f 1059/2093/3 1058/2091/3 1490/2115/3 1491/2114/3
f 1058/2091/3 1057/142/3 1489/145/3 1490/2115/3
f 62/78/3 1048/172/3 1052/185/3 72/169/3
f 1048/172/3 1047/2104/3 1051/2094/3 1052/185/3
f 1047/2104/3 1046/2103/3 1050/2092/3 1051/2094/3
f 1046/2103/3 1045/139/3 1049/140/3 1050/2092/3
f 49/75/5 1016/2098/5 1144/504/5 185/76/5
f 1016/2098/5 1015/2100/5 1143/2045/5 1144/504/5
f 1015/2100/5 1014/2102/5 1142/2043/5 1143/2045/5
f 1014/2102/5 1013/67/5 1141/69/5 1142/2043/5
f 157/175/14 1104/710/14 1212/1977/14 325/176/14
f 1104/710/301 1103/1970/301 1211/1978/301 1212/1977/301
f 1103/1970/301 1102/1968/301 1210/1979/301 1211/1978/301
f 1102/1968/14 1101/56/14 1209/59/14 1210/1979/14
f 1064/1312/43 74/1311/43 1318/2116/43 1488/2117/43
f 2123/2118/43 568/2119/43 1466/2120/43 2045/2121/43
f 1068/2122/43 76/2123/43 1321/2124/43 1492/2125/43
f 2124/2126/43 73/2127/43 1323/2128/43 2046/2129/43
f 2239/2130/43 75/2131/43 1324/2132/43 2201/2133/43
f 565/2134/43 564/2135/43 1462/2136/43 1463/2137/43
f 567/2138/43 566/2139/43 1464/2140/43 1465/2141/43
f 2240/2142/43 569/2143/43 1467/2144/43 2202/2145/43
f 570/2146/43 571/2147/43 1469/2148/43 1468/2149/43
f 572/2150/43 573/1859/43 1471/2151/43 1470/2152/43
f 568/2119/43 1337/2153/43 1474/2154/43 1466/2120/43
f 1339/2155/43 567/2138/43 1465/2141/43 1476/2156/43
f 566/2139/43 1341/2157/43 1478/2158/43 1464/2140/43
f 1343/1850/43 565/2134/43 1463/2137/43 1480/2159/43
f 564/2135/43 1345/1851/43 1482/2160/43 1462/2136/43
f 1347/2161/43 563/2162/43 1461/2163/43 1484/2164/43
f 73/2127/43 1061/2165/43 1473/2166/43 1323/2128/43
f 1062/2167/43 1063/2168/43 1487/2169/43 1486/2170/43
f 75/2131/43 1065/2171/43 1489/2172/43 1324/2132/43
f 1066/2086/43 1067/2085/43 1491/2173/43 1490/2174/43
f 1355/1915/43 574/1914/43 1472/2175/43 1494/2176/43
f 1269/1905/43 1357/1904/43 1496/2177/43 1494/2176/43
f 1359/1887/43 1270/1886/43 1496/2177/43 1498/2178/43
f 1271/1877/43 1272/1876/43 1474/2154/43 1498/2178/43
f 573/1859/43 1361/1858/43 1500/2179/43 1471/2151/43
f 1363/1847/43 1273/1846/43 1500/2179/43 1502/2180/43
f 1274/1320/43 1365/1319/43 1504/2181/43 1502/2180/43
f 1276/190/43 1275/189/43 1504/2181/43 1476/2156/43
f 1367/2182/43 572/2150/43 1470/2152/43 1506/2183/43
f 1277/1838/43 1369/1304/43 1508/2184/43 1506/2183/43
f 1371/2185/43 1278/2186/43 1508/2184/43 1510/2187/43
f 1279/2188/43 1280/2189/43 1478/2158/43 1510/2187/43
f 571/2147/43 1373/1899/43 1512/2190/43 1469/2148/43
f 1375/1303/43 1281/1839/43 1512/2190/43 1514/2191/43
f 1282/1880/43 1377/1869/43 1516/2192/43 1514/2191/43
f 1284/2193/43 1283/2194/43 1516/2192/43 1480/2159/43
f 1379/1898/43 570/2146/43 1468/2149/43 1518/2195/43
f 1285/2196/43 1381/2197/43 1520/2198/43 1518/2195/43
f 1383/1868/43 1286/1881/43 1520/2198/43 1522/2199/43
f 1287/2200/43 1288/1909/43 1482/2160/43 1522/2199/43
f 569/2143/43 1385/2201/43 1524/2202/43 1467/2144/43
f 1387/2203/43 1289/2204/43 1524/2202/43 1526/2205/43
f 1290/2206/43 1389/2207/43 1528/2208/43 1526/2205/43
f 1292/2209/43 1291/2080/43 1528/2208/43 1484/2164/43
f 2405/2210/43 1285/2196/43 1518/2195/43 2401/2211/43
f 2406/2212/43 1387/2203/43 1526/2205/43 2402/2213/43
f 2407/2079/43 1287/2200/43 1522/2199/43 2403/2214/43
f 2408/1908/43 1292/2209/43 1484/2164/43 2404/2215/43
f 1373/1899/43 1379/1898/43 1518/2195/43 1512/2190/43
f 1286/1881/43 1282/1880/43 1514/2191/43 1520/2198/43
f 1377/1869/43 1383/1868/43 1522/2199/43 1516/2192/43
f 1345/1851/43 1343/1850/43 1480/2159/43 1482/2160/43
f 1281/1839/43 1277/1838/43 1506/2183/43 1512/2190/43
f 1369/1304/43 1375/1303/43 1514/2191/43 1508/2184/43
f 1283/2194/43 1279/2188/43 1510/2187/43 1516/2192/43
f 1280/2189/43 1284/2193/43 1480/2159/43 1478/2158/43
f 1361/1858/43 1367/2182/43 1506/2183/43 1500/2179/43
f 1278/2186/43 1274/1320/43 1502/2180/43 1508/2184/43
f 1365/1319/43 1371/2185/43 1510/2187/43 1504/2181/43
f 1341/2157/43 1339/2155/43 1476/2156/43 1478/2158/43
f 2531/2216/43 1269/1905/43 1494/2176/43 2527/2217/43
f 2532/2218/43 1363/1847/43 1502/2180/43 2528/2219/43
f 2533/2220/43 1271/1877/43 1498/2178/43 2529/2221/43
f 2534/2222/43 1276/190/43 1476/2156/43 2530/2223/43
f 2125/2224/43 1355/1915/43 1494/2176/43 2115/2225/43
f 2126/2226/43 1062/2167/43 1486/2170/43 2116/2227/43
f 2127/2228/43 1359/1887/43 1498/2178/43 2117/2229/43
f 2128/2230/43 1064/1312/43 1488/2117/43 2118/2231/43
f 2241/2232/43 1068/2122/43 1492/2125/43 2235/2233/43
f 2242/2234/43 1290/2206/43 1526/2205/43 2236/2235/43
f 2243/2236/43 1066/2086/43 1490/2174/43 2237/2237/43
f 2244/2238/43 1347/2161/43 1484/2164/43 2238/2239/43
f 2250/2240/43 1416/2241/43 1396/2242/43 2245/2243/43
f 2134/2244/43 1407/2245/43 1391/2246/43 2129/2247/43
f 1408/2248/43 1409/2249/43 1400/2250/43 1401/2251/43
f 1410/2252/43 1411/2253/43 1398/2254/43 1399/2255/43
f 2409/2256/43 1455/2257/43 1456/2258/43 2410/2259/43
f 2411/2260/43 1459/2261/43 1460/2262/43 2412/2263/43
f 1404/2264/43 1403/2265/43 1447/2266/43 1440/2267/43
f 1443/2268/43 1450/2269/43 1451/2270/43 1444/2271/43
f 1434/2272/43 1441/2273/43 1442/2274/43 1435/2275/43
f 1438/2276/43 1445/2277/43 1446/2278/43 1439/2279/43
f 1406/2280/43 1405/2281/43 1433/2282/43 1426/2283/43
f 1429/2284/43 1436/2285/43 1437/2286/43 1430/2287/43
f 2535/2288/43 1427/2289/43 1428/2290/43 2536/2291/43
f 2537/2292/43 1431/2293/43 1432/2294/43 2538/2295/43
f 2130/2296/43 1394/2297/43 1419/2298/43 2131/2299/43
f 2132/2300/43 1422/2301/43 1423/2302/43 2133/2303/43
f 2246/2304/43 1393/2305/43 1392/2306/43 2247/2307/43
f 2248/2308/43 1418/2309/43 1417/2310/43 2249/2311/43
f 2123/2118/45 74/1311/45 1390/1314/45 2129/2312/45
f 1279/2188/44 1283/2194/44 1445/2313/44 1438/2314/44
f 572/2150/3 1367/2182/3 1433/2315/3 1405/2316/3
f 76/2123/3 1068/2122/3 1392/2317/3 1393/2318/3
f 1284/2193/219 1280/2189/219 1439/2319/219 1446/2320/219
f 1369/1304/1 1277/1838/1 1434/1841/1 1435/1305/1
f 2124/2126/44 574/1914/44 1394/1917/44 2130/2321/44
f 1367/2182/219 1361/1858/219 1426/1861/219 1433/2315/219
f 1278/2186/3 1371/2185/3 1437/2322/3 1436/2323/3
f 2239/2130/45 563/2162/45 1397/2324/45 2245/2325/45
f 1274/1320/44 1278/2186/44 1436/2323/44 1429/1321/44
f 1280/2189/1 1279/2188/1 1438/2314/1 1439/2319/1
f 564/2135/45 565/2134/45 1399/2326/45 1398/2327/45
f 1371/2185/219 1365/1319/219 1430/1322/219 1437/2322/219
f 1373/1899/1 571/2147/1 1404/2328/1 1440/1900/1
f 566/2139/45 567/2138/45 1401/2329/45 1400/2330/45
f 1339/2155/44 1341/2157/44 1409/2331/44 1408/2332/44
f 1281/1839/3 1375/1303/3 1442/1306/3 1441/1840/3
f 2240/2142/44 76/2123/44 1393/2318/44 2246/2333/44
f 2531/2216/44 1273/1846/44 1427/1849/44 2535/2334/44
f 1377/1869/1 1282/1880/1 1443/1883/1 1444/1870/1
f 571/2147/44 570/2146/44 1403/2335/44 1404/2328/44
f 2532/2218/219 1357/1904/219 1421/1907/219 2536/2336/219
f 1283/2194/3 1284/2193/3 1446/2320/3 1445/2313/3
f 573/1859/44 572/2150/44 1405/2316/44 1406/1860/44
f 2533/2220/44 1275/189/44 1431/192/44 2537/2337/44
f 570/2146/3 1379/1898/3 1447/1901/3 1403/2335/3
f 1337/2153/3 568/2119/3 1391/2338/3 1407/2339/3
f 2534/2222/219 1272/1876/219 1425/1879/219 2538/2340/219
f 1381/2197/1 1285/2196/1 1448/2341/1 1449/2342/1
f 567/2138/1 1339/2155/1 1408/2332/1 1401/2329/1
f 2125/2224/219 1061/2165/219 1413/2343/219 2131/2344/219
f 1286/1881/3 1383/1868/3 1451/1871/3 1450/1882/3
f 1341/2157/3 566/2139/3 1400/2330/3 1409/2331/3
f 2126/2226/44 1270/1886/44 1422/1889/44 2132/2345/44
f 1288/1909/1 1287/2200/1 1452/2346/1 1453/1910/1
f 565/2134/1 1343/1850/1 1410/1853/1 1399/2326/1
f 2127/2228/219 1063/2168/219 1415/2347/219 2133/2348/219
f 1385/2201/1 569/2143/1 1402/2349/1 1454/2350/1
f 1345/1851/3 564/2135/3 1398/2327/3 1411/1852/3
f 2128/2230/44 1337/2153/44 1407/2339/44 2134/2351/44
f 1289/2204/3 1387/2203/3 1456/2352/3 1455/2353/3
f 563/2162/1 1347/2161/1 1412/2354/1 1397/2324/1
f 2241/2232/219 1385/2201/219 1454/2350/219 2247/2355/219
f 1389/2207/1 1290/2206/1 1457/2356/1 1458/2357/1
f 1061/2165/1 73/2127/1 1395/2358/1 1413/2343/1
f 2242/2234/44 1067/2085/44 1418/2088/44 2248/2359/44
f 1291/2080/3 1292/2209/3 1460/2360/3 1459/2081/3
f 1063/2168/1 1062/2167/1 1414/2361/1 1415/2347/1
f 2243/2236/219 1389/2207/219 1458/2357/219 2249/2362/219
f 2405/2210/44 1289/2204/44 1455/2353/44 2409/2363/44
f 1065/2171/3 75/2131/3 1396/2364/3 1416/2365/3
f 2244/2238/44 1065/2171/44 1416/2365/44 2250/2366/44
f 2406/2212/219 1381/2197/219 1449/2342/219 2410/2367/219
f 2413/2368/43 1325/1919/43 1461/2163/43 2338/2369/43
f 1328/2370/43 1327/2371/43 1463/2137/43 1464/2140/43
f 2539/2372/43 1329/2373/43 1465/2141/43 2464/2374/43
f 2414/2375/43 1331/2376/43 1468/2149/43 2339/2377/43
f 1332/2378/43 1333/2379/43 1470/2152/43 1469/2148/43
f 2540/2380/43 1322/1308/43 1472/2175/43 2465/2381/43
f 1475/2382/43 1319/2383/43 1466/2120/43 1474/2154/43
f 1329/2373/43 1477/2384/43 1476/2156/43 1465/2141/43
f 1479/2385/43 1328/2370/43 1464/2140/43 1478/2158/43
f 1327/2371/43 1481/2386/43 1480/2159/43 1463/2137/43
f 1483/2387/43 1326/2388/43 1462/2136/43 1482/2160/43
f 1325/1919/43 1485/1918/43 1484/2164/43 1461/2163/43
f 1335/1895/43 1348/1894/43 1486/2170/43 1473/2166/43
f 1349/1873/43 1317/1872/43 1488/2117/43 1487/2169/43
f 1350/1855/43 1351/1854/43 1490/2174/43 1489/2172/43
f 1352/1324/43 1320/1323/43 1492/2125/43 1491/2173/43
f 1322/1308/43 1495/1307/43 1494/2176/43 1472/2175/43
f 1497/2389/43 1354/2390/43 1494/2176/43 1496/2177/43
f 1356/2391/43 1499/2392/43 1498/2178/43 1496/2177/43
f 1336/2393/43 1358/2394/43 1498/2178/43 1474/2154/43
f 1501/2395/43 1334/2396/43 1471/2151/43 1500/2179/43
f 1360/2397/43 1503/2398/43 1502/2180/43 1500/2179/43
f 1505/2399/43 1362/2400/43 1502/2180/43 1504/2181/43
f 1364/2401/43 1338/2402/43 1476/2156/43 1504/2181/43
f 1333/2379/43 1507/2403/43 1506/2183/43 1470/2152/43
f 1509/2404/43 1366/2405/43 1506/2183/43 1508/2184/43
f 1368/2406/43 1511/2407/43 1510/2187/43 1508/2184/43
f 1340/2408/43 1370/2409/43 1510/2187/43 1478/2158/43
f 1513/2410/43 1332/2378/43 1469/2148/43 1512/2190/43
f 1372/2411/43 1515/2412/43 1514/2191/43 1512/2190/43
f 1517/2413/43 1374/2414/43 1514/2191/43 1516/2192/43
f 1376/2415/43 1342/2416/43 1480/2159/43 1516/2192/43
f 1331/2376/43 1519/1863/43 1518/2195/43 1468/2149/43
f 1521/2417/43 1378/2418/43 1518/2195/43 1520/2198/43
f 1380/2419/43 1523/1316/43 1522/2199/43 1520/2198/43
f 1344/2420/43 1382/2421/43 1522/2199/43 1482/2160/43
f 1525/2422/43 1330/2423/43 1467/2144/43 1524/2202/43
f 1384/2083/43 1527/1891/43 1526/2205/43 1524/2202/43
f 1529/1902/43 1386/1835/43 1526/2205/43 1528/2208/43
f 1388/1884/43 1346/1843/43 1484/2164/43 1528/2208/43
f 2415/1862/43 1525/2422/43 1524/2202/43 2401/2211/43
f 2416/1834/43 1380/2419/43 1520/2198/43 2402/2213/43
f 2417/1315/43 1529/1902/43 1528/2208/43 2403/2214/43
f 2418/2424/43 1483/2387/43 1482/2160/43 2404/2215/43
f 1378/2418/43 1372/2411/43 1512/2190/43 1518/2195/43
f 1515/2412/43 1521/2417/43 1520/2198/43 1514/2191/43
f 1382/2421/43 1376/2415/43 1516/2192/43 1522/2199/43
f 1342/2416/43 1344/2420/43 1482/2160/43 1480/2159/43
f 1507/2403/43 1513/2410/43 1512/2190/43 1506/2183/43
f 1374/2414/43 1368/2406/43 1508/2184/43 1514/2191/43
f 1511/2407/43 1517/2413/43 1516/2192/43 1510/2187/43
f 1481/2386/43 1479/2385/43 1478/2158/43 1480/2159/43
f 1366/2405/43 1360/2397/43 1500/2179/43 1506/2183/43
f 1503/2398/43 1509/2404/43 1508/2184/43 1502/2180/43
f 1370/2409/43 1364/2401/43 1504/2181/43 1510/2187/43
f 1338/2402/43 1340/2408/43 1478/2158/43 1476/2156/43
f 2541/2425/43 1501/2395/43 1500/2179/43 2527/2217/43
f 2542/2426/43 1356/2391/43 1496/2177/43 2528/2219/43
f 2543/2427/43 1505/2399/43 1504/2181/43 2529/2221/43
f 2544/2428/43 1475/2382/43 1474/2154/43 2530/2223/43
f 2135/2429/43 1335/1895/43 1473/2166/43 2115/2225/43
f 2136/2430/43 1497/2389/43 1496/2177/43 2116/2227/43
f 2137/2431/43 1349/1873/43 1487/2169/43 2117/2229/43
f 2138/2089/43 1336/2393/43 1474/2154/43 2118/2231/43
f 2251/1912/43 1384/2083/43 1524/2202/43 2235/2233/43
f 2252/1890/43 1352/1324/43 1491/2173/43 2236/2235/43
f 2253/1866/43 1388/1884/43 1528/2208/43 2237/2237/43
f 2254/1842/43 1350/1855/43 1489/2172/43 2238/2239/43
f 2550/2432/43 1542/2433/43 1533/2434/43 2545/2435/43
f 1543/2436/43 1544/2437/43 1531/2438/43 1532/2439/43
f 2424/2440/43 1546/2441/43 1493/2442/43 2419/2443/43
f 2420/2444/43 1535/2445/43 1590/2446/43 2421/2447/43
f 2422/2448/43 1593/2449/43 1594/2450/43 2423/2451/43
f 1577/2452/43 1584/2453/43 1585/2454/43 1578/2455/43
f 1581/2456/43 1588/2457/43 1589/2458/43 1582/2459/43
f 1538/2460/43 1537/2461/43 1576/2462/43 1569/2463/43
f 1572/2464/43 1579/2465/43 1580/2466/43 1573/2467/43
f 1563/2468/43 1570/2469/43 1571/2470/43 1564/2471/43
f 1567/2472/43 1574/2473/43 1575/2474/43 1568/2475/43
f 2546/2476/43 1539/2477/43 1562/2478/43 2547/2479/43
f 2548/2480/43 1565/2481/43 1566/2482/43 2549/2483/43
f 2139/2484/43 1556/2485/43 1557/2486/43 2140/2487/43
f 2141/2488/43 1560/2489/43 1561/2490/43 2142/2491/43
f 2255/2492/43 1554/2493/43 1553/2494/43 2256/2495/43
f 2257/2496/43 1552/2497/43 1551/2498/43 2258/2499/43
f 2418/2424/44 1485/1918/44 1546/1921/44 2424/2500/44
f 1354/2390/3 1497/2389/3 1557/2501/3 1556/2502/3
f 1372/2411/44 1378/2418/44 1584/2503/44 1577/2504/44
f 1499/2392/1 1356/2391/1 1558/2505/1 1559/2506/1
f 1521/2417/219 1515/2412/219 1578/2507/219 1585/2508/219
f 1358/2394/3 1336/2393/3 1561/2509/3 1560/2510/3
f 1376/2415/44 1382/2421/44 1588/2511/44 1581/2512/44
f 1334/2396/3 1501/2395/3 1562/2513/3 1539/2514/3
f 1344/2420/219 1342/2416/219 1582/2515/219 1589/2516/219
f 1503/2398/1 1360/2397/1 1563/2517/1 1564/2518/1
f 1513/2410/219 1507/2403/219 1569/2519/219 1576/2520/219
f 1362/2400/3 1505/2399/3 1566/2521/3 1565/2522/3
f 1368/2406/44 1374/2414/44 1579/2523/44 1572/2524/44
f 1338/2402/1 1364/2401/1 1567/2525/1 1568/2526/1
f 1517/2413/219 1511/2407/219 1573/2527/219 1580/2528/219
f 1507/2403/1 1333/2379/1 1538/2529/1 1569/2519/1
f 1479/2385/44 1481/2386/44 1544/2530/44 1543/2531/44
f 1366/2405/3 1509/2404/3 1571/2532/3 1570/2533/3
f 1360/2397/44 1366/2405/44 1570/2533/44 1563/2517/44
f 1511/2407/1 1368/2406/1 1572/2524/1 1573/2527/1
f 2413/2368/45 1326/2388/45 1530/2534/45 2419/2535/45
f 1509/2404/219 1503/2398/219 1564/2518/219 1571/2532/219
f 1370/2409/3 1340/2408/3 1575/2536/3 1574/2537/3
f 1327/2371/45 1328/2370/45 1532/2538/45 1531/2539/45
f 1364/2401/44 1370/2409/44 1574/2537/44 1567/2525/44
f 1332/2378/3 1513/2410/3 1576/2520/3 1537/2540/3
f 2539/2372/45 1319/2383/45 1534/2541/45 2545/2542/45
f 1340/2408/219 1338/2402/219 1568/2526/219 1575/2536/219
f 1515/2412/1 1372/2411/1 1577/2504/1 1578/2507/1
f 2414/2375/44 1330/2423/44 1535/2543/44 2420/2544/44
f 2541/2425/219 1495/1307/219 1555/1310/219 2547/2545/219
f 1374/2414/3 1517/2413/3 1580/2528/3 1579/2523/3
f 1333/2379/44 1332/2378/44 1537/2540/44 1538/2529/44
f 2542/2426/44 1362/2400/44 1565/2522/44 2548/2546/44
f 1342/2416/1 1376/2415/1 1581/2512/1 1582/2515/1
f 2540/2380/44 1334/2396/44 1539/2514/44 2546/2547/44
f 2543/2427/219 1499/2392/219 1559/2506/219 2549/2548/219
f 1519/1863/1 1331/2376/1 1536/2549/1 1583/1864/1
f 1319/2383/1 1475/2382/1 1541/2550/1 1534/2541/1
f 2544/2428/44 1477/2384/44 1542/2551/44 2550/2552/44
f 1378/2418/3 1521/2417/3 1585/2508/3 1584/2503/3
f 1477/2384/3 1329/2373/3 1533/2553/3 1542/2551/3
f 2135/2429/44 1354/2390/44 1556/2502/44 2139/2554/44
f 1523/1316/1 1380/2419/1 1586/2555/1 1587/1317/1
f 1328/2370/1 1479/2385/1 1543/2531/1 1532/2538/1
f 2136/2430/219 1348/1894/219 1548/1897/219 2140/2556/219
f 1382/2421/3 1344/2420/3 1589/2516/3 1588/2511/3
f 1481/2386/3 1327/2371/3 1531/2539/3 1544/2530/3
f 2137/2431/44 1358/2394/44 1560/2510/44 2141/2557/44
f 1330/2423/3 1525/2422/3 1590/2558/3 1535/2543/3
f 1326/2388/1 1483/2387/1 1545/2559/1 1530/2534/1
f 2326/2560/31 496/2561/31 1614/2562/31 2425/2563/31
f 494/2564/31 495/2565/31 1613/2566/31 1612/2567/31
f 493/2568/31 494/2564/31 1612/2567/31 1611/2569/31
f 492/2570/223 493/2568/223 1611/2569/223 1610/2571/223
f 2452/2572/223 492/2570/223 1610/2571/223 2551/2573/223
f 2063/2574/223 491/2575/223 1609/2576/223 2143/2577/223
f 2456/1432/32 515/1431/32 1608/2578/32 2552/2579/32
f 517/1426/32 516/1428/32 1607/2580/32 1606/2581/32
f 518/1424/32 517/1426/32 1606/2581/32 1605/2582/32
f 519/1421/32 518/1424/32 1605/2582/32 1604/2583/32
f 2330/1422/32 519/1421/32 1604/2583/32 2426/2584/32
f 2160/1418/32 520/1417/32 1603/2585/32 2259/2586/32
f 39/130/34 1710/2587/34 1601/2588/34 45/131/34
f 2066/132/32 45/131/32 1601/2588/32 2144/2589/32
f 1743/2590/302 40/114/302 1711/113/302 1830/2591/302
f 2157/2592/31 36/2593/31 1600/2594/31 2260/2595/31
f 2598/2596/30 1711/2597/30 1602/2598/30 2612/2599/30
f 1624/2600/303 35/2601/303 1597/2602/303 1712/2603/303
f 1851/2604/304 1624/2600/304 1712/2603/304 1946/2605/304
f 36/2593/305 1623/2606/305 1714/2607/305 1600/2594/305
f 930/1472/283 1690/2608/283 1704/2609/283 970/1715/283
f 2390/1716/246 970/1715/246 1704/2609/246 2427/2610/246
f 1931/2611/278 1688/1754/278 1701/1755/278 1942/2612/278
f 963/1753/246 964/1752/246 1702/2613/246 1701/1755/246
f 928/1481/278 1688/1754/278 1700/2614/278 958/1710/278
f 957/1694/246 958/1710/246 1700/2614/246 1699/1695/246
f 1929/2615/277 1686/1740/277 1697/1741/277 1938/2616/277
f 951/1739/246 952/1738/246 1698/2617/246 1697/1741/246
f 926/1397/274 1686/1740/274 1696/2618/274 946/1686/274
f 1928/2619/272 1685/1730/272 1695/1732/272 1936/2620/272
f 2516/1687/246 946/1686/246 1696/2618/246 2553/2621/246
f 1880/2622/271 1692/1489/271 1694/1725/271 1881/2623/271
f 2108/1723/306 938/1722/306 1693/2624/306 2145/2625/306
f 42/136/265 1683/1670/265 1691/2626/265 931/137/265
f 929/1480/263 1689/1698/263 1702/2613/263 964/1752/263
f 925/1403/259 1685/1730/259 1693/2624/259 938/1722/259
f 1932/2627/258 1689/1698/258 1703/1700/258 1944/2628/258
f 1930/2629/256 1687/1692/256 1699/1695/256 1940/2630/256
f 927/1693/256 1687/1692/256 1698/2617/256 952/1738/256
f 2224/138/307 931/137/307 1691/2626/307 2261/2631/307
f 41/1487/308 1684/1486/308 1713/92/308 897/91/308
f 1927/2632/309 1683/1670/309 1707/1671/309 1896/2633/309
f 2444/1593/5 448/1592/5 1682/2634/5 2554/2635/5
f 446/1590/5 447/1591/5 1681/2636/5 1680/2637/5
f 445/1589/5 446/1590/5 1680/2637/5 1679/2638/5
f 444/1587/5 445/1589/5 1679/2638/5 1678/2639/5
f 2318/1588/5 444/1587/5 1678/2639/5 2428/2640/5
f 2191/1586/5 443/1585/5 1677/2641/5 2262/2642/5
f 1879/2643/226 1684/1486/226 1692/1489/226 1880/2622/226
f 1849/2644/46 1619/793/46 1675/794/46 1878/2645/46
f 1878/2646/310 1675/789/310 1676/790/310 1920/2647/310
f 101/209/206 1638/768/206 1674/774/206 389/210/206
f 1898/2648/204 1637/357/204 1673/773/204 1918/2649/204
f 1918/2649/311 1673/773/311 1674/774/311 1919/2650/311
f 1899/2651/200 1638/768/200 1671/763/200 1916/2652/200
f 1916/2652/312 1671/763/312 1672/764/312 1917/2653/312
f 99/312/193 1640/367/193 1670/748/193 365/467/193
f 1914/2654/313 1669/747/313 1670/748/313 1915/2655/313
f 97/724/189 1642/728/189 1668/735/189 353/733/189
f 1902/2656/186 1641/368/186 1667/734/186 1912/2657/186
f 1912/2657/314 1667/734/314 1668/735/314 1913/2658/314
f 1903/2659/183 1642/728/183 1665/722/183 1910/2660/183
f 1910/2660/315 1665/722/315 1666/723/315 1911/2661/315
f 95/174/178 1644/701/178 1664/708/178 329/324/178
f 1908/2662/316 1663/235/316 1664/708/316 1909/2663/316
f 1905/2664/171 1644/701/171 1662/697/171 1907/2665/171
f 1907/2665/317 1662/697/317 1661/698/317 1877/2666/317
f 86/477/162 1627/2667/162 1659/2668/162 271/617/162
f 271/617/318 1659/2668/318 1660/2669/318 272/618/318
f 1855/2670/156 1629/600/156 1658/601/156 1874/2671/156
f 259/595/319 1657/2672/319 1658/2673/319 260/596/319
f 1856/2674/150 1630/581/150 1656/582/150 1872/2675/150
f 88/480/147 1629/600/147 1655/2676/147 247/483/147
f 247/569/320 1655/2677/320 1656/2678/320 248/570/320
f 1858/2679/143 1632/555/143 1654/556/143 1870/2680/143
f 235/553/321 1653/2681/321 1654/556/321 236/554/321
f 1859/2682/139 1633/543/139 1652/544/139 1868/2683/139
f 223/540/322 1651/2684/322 1652/544/322 224/421/322
f 92/292/132 1633/543/132 1649/2685/132 211/293/132
f 211/293/323 1649/2685/323 1650/492/323 212/491/323
f 1861/2686/123 1635/516/123 1648/517/123 1864/2687/123
f 199/514/324 1647/2688/324 1648/517/324 200/515/324
f 94/507/123 1635/516/123 1646/2689/123 190/497/123
f 190/497/325 1646/2689/325 1645/151/325 186/77/325
f 1860/2690/326 1634/489/326 1650/492/326 1866/2691/326
f 100/437/112 1639/436/112 1672/764/112 377/762/112
f 1900/2692/107 1639/436/107 1669/439/107 1914/2693/107
f 103/298/103 1636/356/103 1676/790/103 406/788/103
f 93/490/102 1634/489/102 1647/2688/102 199/514/102
f 96/233/87 1643/232/87 1666/723/87 341/721/87
f 1901/2694/327 1640/367/327 1641/368/327 1902/2656/327
f 1897/2695/328 1636/356/328 1637/357/328 1898/2648/328
f 90/484/79 1631/2696/79 1653/2681/79 235/553/79
f 89/280/329 1630/581/329 1631/2696/329 90/484/329
f 87/273/76 1628/272/76 1657/2697/76 259/603/76
f 1/476/330 1620/2698/330 1627/2667/330 86/477/330
f 1854/2699/62 1628/272/62 1660/275/62 1876/2700/62
f 91/545/59 1632/555/59 1651/2684/59 223/540/59
f 1904/2701/53 1643/232/53 1663/235/53 1908/2662/53
f 1892/2702/39 1618/150/39 1645/151/39 1906/2703/39
f 19/12/38 1617/2704/38 1661/698/38 321/72/38
f 1996/118/331 2013/2705/331 1707/1671/331 894/119/331
f 2/85/26 1621/84/26 1623/2706/26 36/94/26
f 2022/2707/10 1626/2708/10 1729/2709/10 2026/2710/10
f 6/34/23 1622/33/23 1616/2711/23 28/11/23
f 1894/2712/23 1621/84/23 1615/87/23 1891/2713/23
f 2035/20/5 5/19/5 1619/793/5 2146/2714/5
f 25/86/12 18/74/12 1618/150/12 1615/87/12
f 19/12/11 28/11/11 1616/2711/11 1617/2704/11
f 1850/2715/8 1622/33/8 1624/36/8 1851/2716/8
f 1831/2717/332 1716/2718/332 1708/1675/332 1744/2719/332
f 2015/2720/333 1717/2721/333 1709/134/333 2009/133/333
f 2626/2722/334 1719/2723/334 1711/2597/334 2598/2596/334
f 1832/2724/335 1718/2725/335 1710/2726/335 1794/2727/335
f 1883/2728/336 1721/2729/336 1713/92/336 1852/2730/336
f 1884/2731/337 1722/2732/337 1714/2733/337 1882/2734/337
f 2017/2735/338 1715/2736/338 1707/1671/338 2013/2705/338
f 2788/2737/339 1720/2738/339 1712/2739/339 2774/2740/339
f 1835/2741/340 44/2742/340 1716/2743/340 1831/2744/340
f 2019/2745/341 896/2746/341 1717/2747/341 2015/2748/341
f 2640/2749/342 1599/122/342 1719/2750/342 2626/2751/342
f 1836/2752/343 1598/2753/343 1718/2754/343 1832/2755/343
f 1885/2756/344 1626/2708/344 1721/2757/344 1883/2758/344
f 1886/2759/345 1705/2760/345 1722/2761/345 1884/2762/345
f 2021/2763/346 1625/2764/346 1715/2765/346 2017/2766/346
f 2802/2767/347 1706/2768/347 1720/2769/347 2788/2770/347
f 2024/2771/348 1724/2772/348 1736/2773/348 2029/2774/348
f 2026/2710/349 1729/2709/349 1734/2775/349 2028/2776/349
f 1950/2777/10 1706/2768/10 1728/2778/10 1952/2779/10
f 2633/2780/10 1598/2753/10 1726/2781/10 2647/2782/10
f 2795/2783/10 1705/2760/10 1730/2784/10 2809/2785/10
f 1837/2786/10 896/2746/10 1725/2787/10 1841/2788/10
f 2020/2789/10 44/2742/10 1724/2772/10 2024/2771/10
f 1949/2790/10 1625/2764/10 1723/2791/10 1951/2792/10
f 1952/2779/350 1728/2778/350 1733/2793/350 1953/2794/350
f 2647/2782/351 1726/2781/351 1732/2795/351 2661/2796/351
f 1841/2788/352 1725/2787/352 1731/2797/352 1844/2798/352
f 1951/2792/353 1723/2791/353 1735/2799/353 1954/2800/353
f 1842/124/354 1727/123/354 1737/2801/354 1846/2802/354
f 2809/2785/355 1730/2784/355 1738/2803/355 2830/2804/355
f 1888/2805/354 1842/124/354 1846/2802/354 1890/2806/354
f 1724/2772/353 1839/2807/353 1845/2808/353 1736/2773/353
f 2033/2809/356 2031/2810/356 1845/2811/356 1954/2812/356
f 1964/2813/357 1963/2814/357 1957/2815/357 1955/2816/357
f 1726/2781/350 1840/2817/350 1843/2818/350 1732/2795/350
f 44/2742/10 1835/2741/10 1839/2807/10 1724/2772/10
f 1885/2756/10 1837/2786/10 1841/2788/10 1887/2819/10
f 1598/2753/10 1836/2752/10 1840/2817/10 1726/2781/10
f 1599/122/358 1838/121/358 1834/2820/358 1719/2750/358
f 896/2746/359 1837/2786/359 1833/2821/359 1717/2747/359
f 1950/2777/360 1836/2752/360 1832/2755/360 1948/2822/360
f 1949/2790/361 1835/2741/361 1831/2744/361 1947/2823/361
f 1719/2723/362 1834/2824/362 1830/2825/362 1711/2597/362
f 1717/2721/363 1833/2826/363 1800/1673/363 1709/134/363
f 1948/2827/364 1832/2724/364 1794/2727/364 1946/2828/364
f 1947/2829/365 1831/2717/365 1744/2719/365 1896/2633/365
f 15/22/8 1798/88/8 1799/2830/8 39/23/8
f 14/83/23 1742/101/23 1739/47/23 32/41/23
f 23/42/39 1740/48/39 1754/503/39 189/502/39
f 147/372/53 1752/371/53 1756/2831/53 335/474/53
f 138/333/62 1802/332/62 1824/2832/62 275/2833/62
f 140/379/366 1745/427/366 1746/2834/366 141/359/366
f 144/653/367 1749/751/367 1750/2835/367 145/317/367
f 143/387/107 1748/464/107 1762/2836/107 371/2837/107
f 132/401/326 1808/424/326 1814/525/326 215/422/326
f 131/400/123 1809/506/123 1812/513/123 203/512/123
f 133/346/139 1807/532/139 1816/538/139 227/347/139
f 134/258/143 1806/257/143 1818/552/143 239/551/143
f 136/341/150 1804/340/150 1820/2838/150 251/2839/150
f 137/575/156 1803/574/156 1822/2840/156 263/2841/156
f 323/65/368 1755/2842/368 1825/149/368 320/66/368
f 148/64/171 1753/712/171 1755/2842/171 323/65/171
f 335/474/369 1756/2831/369 1757/713/369 336/475/369
f 347/727/370 1758/2843/370 1759/374/370 348/373/370
f 146/316/183 1751/739/183 1758/2843/183 347/727/183
f 359/318/371 1760/2844/371 1761/740/371 360/319/371
f 145/317/186 1750/2835/186 1760/2844/186 359/318/186
f 371/758/372 1762/2845/372 1763/753/372 372/752/372
f 383/766/373 1764/2846/373 1765/466/373 384/465/373
f 142/358/200 1747/779/200 1764/2846/200 383/766/200
f 395/360/374 1766/2847/374 1767/780/374 396/361/374
f 141/359/204 1746/2834/204 1766/2847/204 395/360/204
f 404/795/375 1826/2848/375 1768/429/375 410/428/375
f 16/51/46 1797/50/46 1826/2849/46 404/2850/46
f 43/1410/226 1827/1672/226 1828/2851/226 913/1411/226
f 895/1466/376 1775/1717/376 1744/2719/376 1708/1675/376
f 916/1689/256 1778/1688/256 1788/1746/256 953/1742/256
f 918/1712/258 1780/1711/258 1792/2852/258 965/1762/258
f 913/1411/271 1828/2851/271 1829/2853/271 935/1684/271
f 914/1702/272 1776/1701/272 1784/2854/272 941/1733/272
f 915/1705/277 1777/1735/277 1786/1737/277 947/1708/277
f 917/1749/278 1779/1748/278 1790/1751/278 959/1750/278
f 39/130/377 1799/2855/377 1794/2856/377 1710/2587/377
f 1895/2857/378 1743/2590/378 1830/2591/378 1882/2858/378
f 1933/2859/283 1781/1764/283 1793/1761/283 1945/2860/283
f 2432/2861/246 1945/2860/246 1793/1761/246 2429/1760/246
f 1942/2612/246 1943/2862/246 1791/1714/246 1790/1751/246
f 1931/2611/278 1779/1748/278 1789/1747/278 1941/2863/278
f 1940/2630/246 1941/2863/246 1789/1747/246 1788/1746/246
f 1938/2616/246 1939/2864/246 1787/1691/246 1786/1737/246
f 1929/2615/274 1777/1735/274 1785/1729/274 1937/2865/274
f 2558/2866/246 1937/2865/246 1785/1729/246 2555/1728/246
f 2150/2867/379 1935/2868/379 1783/1704/379 2147/1721/379
f 1927/2632/265 1775/1717/265 1782/1682/265 1934/2869/265
f 1932/2627/263 1780/1711/263 1791/1714/263 1943/2862/263
f 1928/2619/259 1776/1701/259 1783/1704/259 1935/2868/259
f 1930/2629/256 1778/1688/256 1787/1691/256 1939/2864/256
f 2266/2870/380 1934/2869/380 1782/1682/380 2263/1681/380
f 1879/2643/381 1827/1672/381 1800/1673/381 1852/2730/381
f 2557/2871/5 1926/2872/5 1774/1575/5 2556/1574/5
f 1924/2873/5 1925/2874/5 1773/1573/5 1772/1572/5
f 1923/2875/5 1924/2873/5 1772/1572/5 1771/1571/5
f 1922/2876/5 1923/2875/5 1771/1571/5 1770/1570/5
f 2431/2877/5 1922/2876/5 1770/1570/5 2430/1569/5
f 2265/2878/5 1921/2879/5 1769/1568/5 2264/1567/5
f 1899/2651/206 1747/779/206 1767/780/206 1919/2650/206
f 1901/2694/193 1749/751/193 1763/753/193 1915/2655/193
f 1903/2659/189 1751/739/189 1761/740/189 1913/2658/189
f 1905/2664/178 1753/712/178 1757/713/178 1909/2663/178
f 1853/2880/162 1801/329/162 1823/613/162 1875/2881/162
f 1875/2881/382 1823/613/382 1824/616/382 1876/2882/382
f 1873/2883/383 1821/590/383 1822/593/383 1874/2884/383
f 1855/2670/147 1803/574/147 1819/577/147 1871/2885/147
f 1871/2886/384 1819/565/384 1820/566/384 1872/2887/384
f 1869/2888/385 1817/345/385 1818/552/385 1870/2680/385
f 1867/2889/386 1815/260/386 1816/538/386 1868/2683/386
f 1859/2682/132 1807/532/132 1813/524/132 1865/2890/132
f 1865/2890/387 1813/524/387 1814/525/387 1866/2691/387
f 1863/2891/388 1811/426/388 1812/513/388 1864/2687/388
f 1861/2686/123 1809/506/123 1810/500/123 1862/2892/123
f 1862/2892/389 1810/500/389 1754/503/389 1906/2703/389
f 1900/2692/112 1748/464/112 1765/466/112 1917/2653/112
f 1897/2695/103 1745/427/103 1768/429/103 1920/2647/103
f 1860/2690/102 1808/424/102 1811/426/102 1863/2891/102
f 1904/2701/87 1752/371/87 1759/374/87 1911/2661/87
f 1857/2893/79 1805/343/79 1817/345/79 1869/2888/79
f 1856/2674/390 1804/340/390 1805/343/390 1857/2893/390
f 1854/2699/76 1802/332/76 1821/335/76 1873/2894/76
f 1893/2895/391 1741/326/391 1801/329/391 1853/2880/391
f 1858/2679/59 1806/257/59 1815/260/59 1867/2889/59
f 1848/2896/38 1796/43/38 1825/149/38 1877/2666/38
f 1886/2759/10 1838/121/10 1842/124/10 1888/2805/10
f 1894/2712/26 1742/101/26 1743/103/26 1895/2897/26
f 1850/2715/23 1798/88/23 1795/44/23 1847/2898/23
f 2149/2899/5 1849/2644/5 1797/50/5 2148/49/5
f 1891/2713/12 1892/2702/12 1740/48/12 1739/47/12
f 1848/2896/11 1847/2898/11 1795/44/11 1796/43/11
f 1617/2704/11 1616/2711/11 1847/2898/11 1848/2896/11
f 1615/87/12 1618/150/12 1892/2702/12 1891/2713/12
f 2146/2714/5 1619/793/5 1849/2644/5 2149/2899/5
f 1622/33/23 1850/2715/23 1847/2898/23 1616/2711/23
f 1621/84/26 1894/2712/26 1895/2897/26 1623/2706/26
f 1705/2760/10 1886/2759/10 1888/2805/10 1730/2784/10
f 1617/2704/38 1848/2896/38 1877/2666/38 1661/698/38
f 1632/555/59 1858/2679/59 1867/2889/59 1651/2684/59
f 1620/2698/392 1893/2895/392 1853/2880/392 1627/2667/392
f 1628/272/76 1854/2699/76 1873/2894/76 1657/2697/76
f 1630/581/393 1856/2674/393 1857/2893/393 1631/2696/393
f 1631/2696/79 1857/2893/79 1869/2888/79 1653/2681/79
f 1643/232/87 1904/2701/87 1911/2661/87 1666/723/87
f 1634/489/102 1860/2690/102 1863/2891/102 1647/2688/102
f 1636/356/103 1897/2695/103 1920/2647/103 1676/790/103
f 1639/436/112 1900/2692/112 1917/2653/112 1672/764/112
f 1646/2689/394 1862/2892/394 1906/2703/394 1645/151/394
f 1635/516/123 1861/2686/123 1862/2892/123 1646/2689/123
f 1647/2688/395 1863/2891/395 1864/2687/395 1648/517/395
f 1649/2685/396 1865/2890/396 1866/2691/396 1650/492/396
f 1633/543/132 1859/2682/132 1865/2890/132 1649/2685/132
f 1651/2684/397 1867/2889/397 1868/2683/397 1652/544/397
f 1653/2681/398 1869/2888/398 1870/2680/398 1654/556/398
f 1655/2677/399 1871/2886/399 1872/2887/399 1656/2678/399
f 1629/600/147 1855/2670/147 1871/2885/147 1655/2676/147
f 1657/2672/400 1873/2883/400 1874/2884/400 1658/2673/400
f 1659/2668/401 1875/2881/401 1876/2882/401 1660/2669/401
f 1627/2667/162 1853/2880/162 1875/2881/162 1659/2668/162
f 1644/701/178 1905/2664/178 1909/2663/178 1664/708/178
f 1642/728/189 1903/2659/189 1913/2658/189 1668/735/189
f 1640/367/193 1901/2694/193 1915/2655/193 1670/748/193
f 1638/768/206 1899/2651/206 1919/2650/206 1674/774/206
f 2262/2642/5 1677/2641/5 1921/2879/5 2265/2878/5
f 2428/2640/5 1678/2639/5 1922/2876/5 2431/2877/5
f 1678/2639/5 1679/2638/5 1923/2875/5 1922/2876/5
f 1679/2638/5 1680/2637/5 1924/2873/5 1923/2875/5
f 1680/2637/5 1681/2636/5 1925/2874/5 1924/2873/5
f 2554/2635/5 1682/2634/5 1926/2872/5 2557/2871/5
f 1684/1486/402 1879/2643/402 1852/2730/402 1713/92/402
f 2261/2631/403 1691/2626/403 1934/2869/403 2266/2870/403
f 1687/1692/256 1930/2629/256 1939/2864/256 1698/2617/256
f 1685/1730/259 1928/2619/259 1935/2868/259 1693/2624/259
f 1689/1698/263 1932/2627/263 1943/2862/263 1702/2613/263
f 1683/1670/265 1927/2632/265 1934/2869/265 1691/2626/265
f 2145/2625/404 1693/2624/404 1935/2868/404 2150/2867/404
f 2553/2621/246 1696/2618/246 1937/2865/246 2558/2866/246
f 1686/1740/274 1929/2615/274 1937/2865/274 1696/2618/274
f 1697/1741/246 1698/2617/246 1939/2864/246 1938/2616/246
f 1699/1695/246 1700/2614/246 1941/2863/246 1940/2630/246
f 1688/1754/278 1931/2611/278 1941/2863/278 1700/2614/278
f 1701/1755/246 1702/2613/246 1943/2862/246 1942/2612/246
f 2427/2610/246 1704/2609/246 1945/2860/246 2432/2861/246
f 1690/2608/283 1933/2859/283 1945/2860/283 1704/2609/283
f 1623/2606/405 1895/2857/405 1882/2858/405 1714/2607/405
f 1715/2736/406 1947/2829/406 1896/2633/406 1707/1671/406
f 1720/2738/407 1948/2827/407 1946/2828/407 1712/2739/407
f 1625/2764/408 1949/2790/408 1947/2823/408 1715/2765/408
f 1706/2768/409 1950/2777/409 1948/2822/409 1720/2769/409
f 1626/2708/10 1885/2756/10 1887/2819/10 1729/2709/10
f 1729/2709/352 1887/2819/352 1889/2900/352 1734/2775/352
f 1730/2784/354 1888/2805/354 1890/2806/354 1738/2803/354
f 1980/2901/410 1979/2902/410 1959/2903/410 1961/2904/410
f 1840/2817/350 1952/2779/350 1953/2794/350 1843/2818/350
f 2032/2905/411 2034/2906/411 1889/2907/411 1844/2908/411
f 1835/2741/10 1949/2790/10 1951/2792/10 1839/2807/10
f 1836/2752/10 1950/2777/10 1952/2779/10 1840/2817/10
f 1838/121/412 1886/2759/412 1884/2762/412 1834/2820/412
f 1837/2786/413 1885/2756/413 1883/2758/413 1833/2821/413
f 1834/2824/414 1884/2731/414 1882/2734/414 1830/2825/414
f 1833/2826/415 1883/2728/415 1852/2730/415 1800/1673/415
f 1798/88/8 1850/2715/8 1851/2716/8 1799/2830/8
f 1742/101/23 1894/2712/23 1891/2713/23 1739/47/23
f 1740/48/39 1892/2702/39 1906/2703/39 1754/503/39
f 1752/371/53 1904/2701/53 1908/2662/53 1756/2831/53
f 1802/332/62 1854/2699/62 1876/2700/62 1824/2832/62
f 1745/427/416 1897/2695/416 1898/2648/416 1746/2834/416
f 1749/751/417 1901/2694/417 1902/2656/417 1750/2835/417
f 1748/464/107 1900/2692/107 1914/2693/107 1762/2836/107
f 1808/424/326 1860/2690/326 1866/2691/326 1814/525/326
f 1809/506/123 1861/2686/123 1864/2687/123 1812/513/123
f 1807/532/139 1859/2682/139 1868/2683/139 1816/538/139
f 1806/257/143 1858/2679/143 1870/2680/143 1818/552/143
f 1804/340/150 1856/2674/150 1872/2675/150 1820/2838/150
f 1803/574/156 1855/2670/156 1874/2671/156 1822/2840/156
f 1755/2842/418 1907/2665/418 1877/2666/418 1825/149/418
f 1753/712/419 1905/2664/419 1907/2665/419 1755/2842/419
f 1756/2831/420 1908/2662/420 1909/2663/420 1757/713/420
f 1758/2843/421 1910/2660/421 1911/2661/421 1759/374/421
f 1751/739/183 1903/2659/183 1910/2660/183 1758/2843/183
f 1760/2844/422 1912/2657/422 1913/2658/422 1761/740/422
f 1750/2835/186 1902/2656/186 1912/2657/186 1760/2844/186
f 1762/2845/423 1914/2654/423 1915/2655/423 1763/753/423
f 1764/2846/424 1916/2652/424 1917/2653/424 1765/466/424
f 1747/779/200 1899/2651/200 1916/2652/200 1764/2846/200
f 1766/2847/425 1918/2649/425 1919/2650/425 1767/780/425
f 1746/2834/204 1898/2648/204 1918/2649/204 1766/2847/204
f 1826/2848/426 1878/2646/426 1920/2647/426 1768/429/426
f 1797/50/427 1849/2644/427 1878/2645/427 1826/2849/427
f 1827/1672/226 1879/2643/226 1880/2622/226 1828/2851/226
f 1775/1717/428 1927/2632/428 1896/2633/428 1744/2719/428
f 1778/1688/256 1930/2629/256 1940/2630/256 1788/1746/256
f 1780/1711/258 1932/2627/258 1944/2628/258 1792/2852/258
f 1828/2851/271 1880/2622/271 1881/2623/271 1829/2853/271
f 1776/1701/272 1928/2619/272 1936/2620/272 1784/2854/272
f 1777/1735/277 1929/2615/277 1938/2616/277 1786/1737/277
f 1779/1748/278 1931/2611/278 1942/2612/278 1790/1751/278
f 1799/2855/429 1851/2604/429 1946/2605/429 1794/2856/429
f 1961/2904/352 1959/2903/352 1960/2909/352 1962/2910/352
f 1956/2911/353 1955/2816/353 1957/2815/353 1958/2912/353
f 1965/2913/430 1964/2813/430 1955/2816/430 1956/2911/430
f 1979/2902/431 1981/2914/431 1960/2909/431 1959/2903/431
f 1966/2915/432 1965/2913/432 1956/2911/432 1958/2912/432
f 1982/2916/433 1980/2901/433 1961/2904/433 1962/2910/433
f 1963/2917/434 1966/2918/434 1958/2919/434 1957/2920/434
f 1981/2921/435 1982/2922/435 1962/2923/435 1960/2924/435
f 1970/2925/434 1969/2926/434 1966/2918/434 1963/2917/434
f 1968/2927/436 1965/2913/436 1975/2928/436 1977/2929/436
f 1968/2927/430 1967/2930/430 1964/2813/430 1965/2913/430
f 1970/2925/437 1963/2917/437 1972/2931/437 1971/2932/437
f 1951/2792/357 1954/2800/357 1970/2933/357 1967/2930/357
f 1839/2807/430 1951/2792/430 1967/2930/430 1968/2927/430
f 1845/2808/432 1839/2807/432 1968/2927/432 1969/2934/432
f 1954/2812/434 1845/2811/434 1969/2926/434 1970/2925/434
f 1974/2935/357 1971/2936/357 1972/2937/357 1973/2938/357
f 1963/2814/438 1964/2813/438 1973/2938/438 1972/2937/438
f 1967/2930/439 1970/2933/439 1971/2936/439 1974/2935/439
f 1964/2813/440 1967/2930/440 1974/2935/440 1973/2938/440
f 1978/2939/432 1977/2929/432 1975/2928/432 1976/2940/432
f 1965/2913/441 1966/2915/441 1976/2940/441 1975/2928/441
f 1969/2934/442 1968/2927/442 1977/2929/442 1978/2939/442
f 1966/2918/443 1969/2926/443 1978/2941/443 1976/2942/443
f 1986/2943/435 1984/2944/435 1982/2922/435 1981/2921/435
f 1980/2901/444 1982/2916/444 1988/2945/444 1987/2946/444
f 1981/2914/445 1979/2902/445 1992/2947/445 1994/2948/445
f 1983/2949/410 1985/2950/410 1979/2902/410 1980/2901/410
f 1887/2819/410 1841/2788/410 1985/2950/410 1983/2949/410
f 1841/2788/431 1844/2798/431 1986/2951/431 1985/2950/431
f 1889/2900/433 1887/2819/433 1983/2949/433 1984/2952/433
f 1844/2908/435 1889/2907/435 1984/2944/435 1986/2943/435
f 1990/2953/433 1989/2954/433 1987/2946/433 1988/2945/433
f 1984/2952/446 1983/2949/446 1989/2954/446 1990/2953/446
f 1983/2949/447 1980/2901/447 1987/2946/447 1989/2954/447
f 1982/2922/448 1984/2944/448 1990/2955/448 1988/2956/448
f 1991/2957/431 1993/2958/431 1994/2948/431 1992/2947/431
f 1986/2943/449 1981/2921/449 1994/2959/449 1993/2960/449
f 1985/2950/450 1986/2951/450 1993/2958/450 1991/2957/450
f 1979/2902/451 1985/2950/451 1991/2957/451 1992/2947/451
f 2850/2961/452 2864/2962/452 2034/2906/452 2032/2905/452
f 2857/2963/453 2843/2964/453 2031/2810/453 2033/2809/453
f 1723/2791/355 2025/2965/355 2030/2966/355 1735/2799/355
f 1725/2787/351 2023/2967/351 2027/2968/351 1731/2797/351
f 2634/2969/10 2020/2789/10 2024/2771/10 2648/2970/10
f 1625/2764/10 2021/2763/10 2025/2965/10 1723/2791/10
f 896/2746/10 2019/2745/10 2023/2967/10 1725/2787/10
f 2822/2971/349 2026/2710/349 2028/2776/349 2829/2972/349
f 2648/2970/348 2024/2771/348 2029/2774/348 2662/2973/348
f 1626/2708/454 2022/2707/454 2018/2974/454 1721/2757/454
f 2801/2975/455 2021/2763/455 2017/2766/455 2787/2976/455
f 44/2742/456 2020/2789/456 2016/2977/456 1716/2743/456
f 2627/2978/457 2019/2745/457 2015/2748/457 2613/2979/457
f 1721/2729/458 2018/2980/458 2014/89/458 1713/92/458
f 2787/2981/459 2017/2735/459 2013/2705/459 2773/2982/459
f 1716/2718/460 2016/2983/460 2010/2984/460 1708/1675/460
f 2613/2985/461 2015/2720/461 2009/133/461 2585/2986/461
f 2808/2987/10 2022/2707/10 2026/2710/10 2822/2971/10
f 2682/2988/462 2773/2982/462 2013/2705/462 1996/118/462
f 1708/1675/30 2010/2984/30 2012/2989/30 899/1674/30
f 2906/2990/31 2766/2991/31 2008/1453/31 2433/2992/31
f 2752/2993/31 2759/2994/31 2007/1462/31 2006/1460/31
f 2745/2995/31 2752/2993/31 2006/1460/31 2005/1457/31
f 2738/2996/31 2745/2995/31 2005/1457/31 2004/1456/31
f 2920/2997/223 2738/2996/223 2004/1456/223 2559/2998/223
f 2878/2999/223 2731/3000/223 2003/3001/223 2151/3002/223
f 2913/3003/32 2724/3004/32 2002/1448/32 2560/1447/32
f 2710/3005/32 2717/3006/32 2001/1445/32 2000/1443/32
f 2703/3007/32 2710/3005/32 2000/1443/32 1999/1441/32
f 2696/3008/32 2703/3007/32 1999/1441/32 1998/1438/32
f 2899/3009/32 2696/3008/32 1998/1438/32 2434/1437/32
f 2892/3010/32 2689/3011/32 1997/1434/32 2267/1433/32
f 2585/2986/34 2009/133/34 2011/126/34 2599/3012/34
f 2871/3013/32 2599/3012/32 2011/126/32 2152/125/32
f 2885/3014/31 2682/2988/31 1996/118/31 2268/117/31
f 2780/3015/463 2675/3016/463 1995/90/463 2014/89/463
f 2724/3004/32 2871/3013/32 2152/125/32 2002/1448/32
f 2675/3016/223 2878/2999/223 2151/3002/223 1995/90/223
f 1694/1725/464 2145/2625/464 2150/2867/464 1881/2623/464
f 1682/2634/5 2146/2714/5 2149/2899/5 1926/2872/5
f 1926/2872/5 2149/2899/5 2148/49/5 1774/1575/5
f 1881/2623/465 2150/2867/465 2147/1721/465 1829/2853/465
f 448/1592/5 2035/20/5 2146/2714/5 1682/2634/5
f 939/1724/466 2108/1723/466 2145/2625/466 1694/1725/466
f 515/1431/32 2066/132/32 2144/2589/32 1608/2578/32
f 35/2601/223 2063/2574/223 2143/2577/223 1597/2602/223
f 1349/1873/44 2137/2431/44 2141/2557/44 1549/1874/44
f 1497/2389/219 2136/2430/219 2140/2556/219 1557/2501/219
f 1335/1895/44 2135/2429/44 2139/2554/44 1547/1896/44
f 1549/3017/43 2141/2488/43 2142/2491/43 1550/3018/43
f 1547/3019/43 2139/2484/43 2140/2487/43 1548/3020/43
f 1317/1872/43 2138/2089/43 2118/2231/43 1488/2117/43
f 1358/2394/43 2137/2431/43 2117/2229/43 1498/2178/43
f 1348/1894/43 2136/2430/43 2116/2227/43 1486/2170/43
f 1354/2390/43 2135/2429/43 2115/2225/43 1494/2176/43
f 1064/1312/245 2128/2230/245 2134/2351/245 1353/1313/245
f 1359/1887/219 2127/2228/219 2133/2348/219 1423/1888/219
f 1062/2167/44 2126/2226/44 2132/2345/44 1414/2361/44
f 1355/1915/219 2125/2224/219 2131/2344/219 1419/1916/219
f 73/2127/44 2124/2126/44 2130/2321/44 1395/2358/44
f 568/2119/45 2123/2118/45 2129/2312/45 1391/2338/45
f 1414/3021/43 2132/2300/43 2133/2303/43 1415/3022/43
f 1395/3023/43 2130/2296/43 2131/2299/43 1413/3024/43
f 1353/3025/43 2134/2244/43 2129/2247/43 1390/3026/43
f 1337/2153/43 2128/2230/43 2118/2231/43 1474/2154/43
f 1063/2168/43 2127/2228/43 2117/2229/43 1487/2169/43
f 1270/1886/43 2126/2226/43 2116/2227/43 1496/2177/43
f 1061/2165/43 2125/2224/43 2115/2225/43 1473/2166/43
f 574/1914/43 2124/2126/43 2046/2129/43 1472/2175/43
f 74/1311/43 2123/2118/43 2045/2121/43 1318/2116/43
f 1315/1811/5 2121/2112/5 2122/152/5 1316/1392/5
f 1314/1809/5 2120/2111/5 2121/2112/5 1315/1811/5
f 1313/1807/5 2119/2110/5 2120/2111/5 1314/1809/5
f 539/1375/5 2069/160/5 2119/2110/5 1313/1807/5
f 1336/2393/219 2138/2089/219 2142/2090/219 1561/2509/219
f 979/1791/290 2111/1785/290 2113/1801/290 997/1792/290
f 997/1792/291 2113/1801/291 2114/1563/291 1001/1562/291
f 981/1775/289 2112/1554/289 2111/1785/289 979/1791/289
f 416/802/214 2049/801/214 2110/1560/214 972/1777/214
f 932/1488/270 2105/1404/270 2108/1723/270 939/1724/270
f 919/1407/268 2106/1414/268 2109/1720/268 937/1719/268
f 1829/2853/467 2147/1721/467 2107/1718/467 935/1684/467
f 935/1684/468 2107/1718/468 2109/1720/468 940/1685/468
f 47/1409/249 2104/1413/249 2067/128/249 900/127/249
f 509/1402/246 2103/1401/246 2281/1676/246 2282/1677/246
f 70/141/245 2041/1336/245 2101/1642/245 865/1519/245
f 491/1521/45 2063/1646/45 2102/1645/45 868/1644/45
f 865/1519/43 2101/1642/43 2102/1645/43 866/1520/43
f 490/1599/228 2039/1598/228 2099/1638/228 861/1641/228
f 38/15/239 2040/1493/239 2100/1639/239 864/97/239
f 861/1641/231 2099/1638/231 2100/1639/231 863/1640/231
f 550/1333/219 2042/188/219 2098/1597/219 812/1596/219
f 34/16/44 2039/1598/44 2097/1594/44 810/1344/44
f 810/1344/43 2097/1594/43 2098/1597/43 811/1345/43
f 20/158/5 2059/157/5 2061/830/5 11/796/5
f 24/46/10 31/45/10 2060/1538/10 2036/1216/10
f 972/1777/230 2110/1560/230 2114/1563/230 1002/1778/230
f 478/1491/216 2038/1490/216 2112/1554/216 981/1775/216
f 15/22/23 2062/21/23 2060/1538/23 31/45/23
f 12/14/28 2038/1490/28 2040/1493/28 38/15/28
f 1995/90/223 2151/3002/223 2281/1676/223 897/91/223
f 521/1406/29 2104/1413/29 2106/1414/29 919/1407/29
f 41/1487/35 2103/1401/35 2105/1404/35 932/1488/35
f 58/179/43 2043/199/43 2041/1336/43 70/141/43
f 68/187/44 2044/186/44 2046/1288/44 1323/194/44
f 24/46/163 2036/1216/163 2047/623/163 282/70/163
f 148/64/90 2078/624/90 2081/631/90 288/630/90
f 147/372/163 2077/634/163 2083/636/163 292/635/163
f 146/316/163 2076/397/163 2085/642/163 296/395/163
f 145/317/166 2075/647/166 2087/651/166 300/650/166
f 144/653/163 2074/652/163 2089/657/163 304/656/163
f 142/358/163 2072/386/163 2091/665/163 308/664/163
f 141/383/163 2071/382/163 2093/1033/163 312/3027/163
f 140/678/163 2070/677/163 2094/989/163 316/3028/163
f 421/823/67 2058/861/67 2095/800/67 415/803/67
f 417/452/67 2096/948/67 2050/939/67 419/453/67
f 419/453/67 2050/939/67 2051/930/67 428/822/67
f 428/822/67 2051/930/67 2052/912/67 427/820/67
f 427/820/67 2052/912/67 2053/915/67 426/821/67
f 426/62/67 2053/903/67 2054/894/67 425/63/67
f 425/63/67 2054/894/67 2055/885/67 424/454/67
f 424/454/67 2055/885/67 2056/876/67 423/456/67
f 423/456/67 2056/876/67 2057/858/67 422/459/67
f 422/459/67 2057/858/67 2058/861/67 421/823/67
f 11/796/215 2061/830/215 2096/833/215 417/3029/215
f 737/957/213 748/968/213 2049/801/213 2095/800/213
f 472/984/90 2037/52/90 2048/691/90 730/985/90
f 730/1019/91 2048/681/91 2094/684/91 731/1020/91
f 575/987/90 2070/677/90 2092/680/90 713/1029/90
f 713/1063/91 2092/670/91 2093/671/91 719/1064/91
f 701/1090/91 2090/662/91 2091/665/91 707/1067/91
f 689/1115/91 2088/392/91 2089/657/91 695/1092/91
f 599/1091/165 2074/652/165 2086/648/165 677/1139/165
f 677/1139/91 2086/648/91 2087/651/91 683/1117/91
f 605/1116/90 2075/647/90 2084/641/90 665/1148/90
f 665/1148/91 2084/641/91 2085/642/91 671/1151/91
f 653/1190/91 2082/399/91 2083/636/91 659/1167/91
f 617/1166/163 2077/634/163 2080/628/163 641/1198/163
f 641/1198/91 2080/628/91 2081/631/91 647/1201/91
f 623/1200/90 2078/624/90 2079/622/90 635/1240/90
f 635/1240/91 2079/622/91 2047/623/91 634/1218/91
f 611/1150/90 2076/397/90 2082/399/90 653/1190/90
f 593/1250/90 2073/389/90 2088/392/90 689/1115/90
f 587/1066/91 2072/386/91 2073/388/91 593/1258/91
f 581/1031/90 2071/382/90 2090/385/90 701/1267/90
f 556/1283/45 2043/199/45 2045/201/45 1466/1284/45
f 562/1286/43 2044/186/43 2042/188/43 550/1333/43
f 437/1374/5 2059/157/5 2069/160/5 539/1375/5
f 1316/1392/5 2122/152/5 2068/17/5 533/1393/5
f 503/1430/33 2064/129/33 2066/132/33 515/1431/33
f 2002/1448/32 2152/125/32 2067/128/32 906/1449/32
f 1774/1575/5 2148/49/5 2037/52/5 472/984/5
f 479/1536/6 2062/21/6 2064/24/6 503/1583/6
f 533/1393/5 2068/17/5 2035/20/5 448/1592/5
f 2766/2991/31 2885/3014/31 2268/117/31 2008/1453/31
f 2606/3030/32 2892/3010/32 2267/1433/32 2012/2989/32
f 1690/2608/469 2261/2631/469 2266/2870/469 1933/2859/469
f 1620/3031/5 2262/2642/5 2265/2878/5 1893/3032/5
f 1893/3032/5 2265/2878/5 2264/1567/5 1741/3033/5
f 1933/2859/470 2266/2870/470 2263/1681/470 1781/1764/470
f 1/3034/5 2191/1586/5 2262/2642/5 1620/3031/5
f 930/1472/471 2224/138/471 2261/2631/471 1690/2608/471
f 496/2561/31 2157/2592/31 2260/2595/31 1614/2562/31
f 46/115/32 2160/1418/32 2259/2586/32 1602/116/32
f 1595/3035/43 2257/2496/43 2258/2499/43 1596/3036/43
f 1591/3037/43 2255/2492/43 2256/2495/43 1592/3038/43
f 1346/1843/43 2254/1842/43 2238/2239/43 1484/2164/43
f 1351/1854/43 2253/1866/43 2237/2237/43 1490/2174/43
f 1527/1891/43 2252/1890/43 2236/2235/43 1526/2205/43
f 1320/1323/43 2251/1912/43 2235/2233/43 1492/2125/43
f 1347/2161/44 2244/2238/44 2250/2366/44 1412/2354/44
f 1066/2086/219 2243/2236/219 2249/2362/219 1417/2087/219
f 1290/2206/44 2242/2234/44 2248/2359/44 1457/2356/44
f 1068/2122/219 2241/2232/219 2247/2355/219 1392/2317/219
f 569/2143/44 2240/2142/44 2246/2333/44 1402/2349/44
f 75/2131/45 2239/2130/45 2245/2325/45 1396/2364/45
f 1457/3039/43 2248/2308/43 2249/2311/43 1458/3040/43
f 1402/3041/43 2246/2304/43 2247/2307/43 1454/3042/43
f 1412/3043/43 2250/2240/43 2245/2243/43 1397/3044/43
f 1065/2171/43 2244/2238/43 2238/2239/43 1489/2172/43
f 1389/2207/43 2243/2236/43 2237/2237/43 1528/2208/43
f 1067/2085/43 2242/2234/43 2236/2235/43 1491/2173/43
f 1385/2201/43 2241/2232/43 2235/2233/43 1524/2202/43
f 76/2123/43 2240/2142/43 2202/2145/43 1321/2124/43
f 563/2162/43 2239/2130/43 2201/2133/43 1461/2163/43
f 1384/2083/44 2251/1912/44 2255/1913/44 1591/2084/44
f 1352/1324/219 2252/1890/219 2256/1893/219 1553/1325/219
f 1388/1884/44 2253/1866/44 2257/1867/44 1595/1885/44
f 1350/1855/219 2254/1842/219 2258/1845/219 1551/1856/219
f 1023/3045/5 2233/1833/5 2234/1377/5 1024/3046/5
f 1022/3047/5 2232/1831/5 2233/1833/5 1023/3045/5
f 1021/3048/5 2231/1829/5 2232/1831/5 1022/3047/5
f 66/3049/5 2163/1362/5 2231/1829/5 1021/3048/5
f 1003/1806/291 2229/1789/291 2230/1558/291 1004/1557/291
f 984/1774/289 2228/1771/289 2227/1786/289 983/1565/289
f 983/1565/290 2227/1786/290 2229/1789/290 1003/1806/290
f 743/966/214 2205/965/214 2226/1555/214 974/1782/214
f 9/81/216 2194/106/216 2228/1771/216 984/1774/216
f 911/1765/472 2223/1683/472 2225/1477/472 924/1476/472
f 1781/1764/473 2263/1681/473 2223/1683/473 911/1765/473
f 526/1475/249 2222/1474/249 2161/1436/249 898/1435/249
f 42/136/246 2221/135/246 2287/120/246 894/119/246
f 527/1342/245 2197/182/245 2220/1664/245 892/1668/245
f 36/94/45 2157/1666/45 2219/1665/45 890/95/45
f 892/1668/43 2220/1664/43 2219/1665/43 889/1667/43
f 33/104/228 2195/1619/228 2217/1620/228 838/1623/228
f 838/1623/231 2217/1620/231 2218/1507/231 837/1506/231
f 72/169/219 2198/1327/219 2216/1618/219 833/1617/219
f 485/166/44 2195/1619/44 2215/1615/44 835/167/44
f 835/167/43 2215/1615/43 2216/1618/43 836/168/43
f 53/3050/5 2162/1380/5 2191/1586/5 1/3034/5
f 14/83/6 2156/82/6 2158/1577/6 40/102/6
f 1741/3033/5 2264/1567/5 2193/969/5 13/3051/5
f 974/1782/230 2226/1555/230 2230/1558/230 1008/1783/230
f 497/1504/227 2196/107/227 2218/1507/227 840/1622/227
f 48/1467/29 2222/1474/29 2225/1477/29 933/1468/29
f 2012/2989/32 2267/1433/32 2161/1436/32 899/1674/32
f 40/114/33 2158/1415/33 2160/1418/33 46/115/33
f 1024/3046/5 2234/1377/5 2162/1380/5 53/3050/5
f 3/30/5 2153/29/5 2163/1362/5 66/3049/5
f 63/184/43 2200/196/43 2198/1327/43 72/169/43
f 57/143/45 2199/181/45 2201/1271/45 1324/144/45
f 138/333/90 2165/672/90 2184/1261/90 306/3052/90
f 137/412/91 2166/666/91 2167/1252/91 136/413/91
f 136/341/90 2167/1242/90 2182/1107/90 302/661/90
f 133/346/90 2170/643/90 2176/1182/90 290/637/90
f 284/625/91 2173/1234/91 2203/627/91 281/626/91
f 131/400/90 2172/632/90 2173/1234/90 284/625/90
f 286/402/91 2174/1192/91 2175/633/91 285/403/91
f 132/401/163 2171/639/163 2174/1192/163 286/402/163
f 290/637/91 2176/1182/91 2177/640/91 289/638/91
f 294/646/91 2178/1142/91 2179/645/91 293/644/91
f 134/258/90 2169/654/90 2178/1142/90 294/646/90
f 298/393/91 2180/1133/91 2181/655/91 297/394/91
f 135/342/165 2168/658/165 2180/1133/165 298/393/165
f 302/661/91 2182/1107/91 2183/660/91 301/659/91
f 306/669/91 2184/1082/91 2185/668/91 305/667/91
f 310/675/91 2186/1048/91 2187/1051/91 309/676/91
f 139/687/90 2164/686/90 2186/1023/90 310/3053/90
f 313/377/91 2204/1004/91 2188/1007/91 315/378/91
f 13/3051/90 2193/969/90 2204/972/90 313/3054/90
f 414/445/213 413/819/213 2205/965/213 2189/805/213
f 466/845/215 2155/32/215 2190/829/215 754/846/215
f 797/873/67 2213/818/67 2214/804/67 803/874/67
f 791/884/67 2212/817/67 2213/818/67 797/873/67
f 785/893/67 2211/815/67 2212/817/67 791/884/67
f 779/902/67 2210/813/67 2211/815/67 785/893/67
f 773/911/67 2209/812/67 2210/813/67 779/902/67
f 767/927/67 2208/810/67 2209/811/67 773/928/67
f 761/938/67 2207/809/67 2208/810/67 767/927/67
f 755/947/67 2206/808/67 2207/809/67 761/938/67
f 754/956/67 2190/806/67 2206/808/67 755/947/67
f 803/874/67 2214/804/67 2189/805/67 742/963/67
f 580/1001/165 2164/686/165 2188/689/165 736/1002/165
f 586/1045/163 2165/672/163 2187/674/163 724/1046/163
f 592/1079/163 2166/666/163 2185/668/163 712/1080/163
f 604/1104/163 2168/658/163 2183/660/163 700/1105/163
f 610/1129/166 2169/654/166 2181/655/166 688/1130/166
f 616/1163/163 2170/643/163 2179/645/163 676/1164/163
f 622/1179/163 2171/639/163 2177/640/163 664/1180/163
f 628/1213/90 2172/632/90 2175/633/90 652/1214/90
f 449/1230/163 2192/39/163 2203/627/163 629/1231/163
f 557/1300/44 2200/196/44 2202/198/44 1467/1301/44
f 551/1269/43 2199/181/43 2197/182/43 527/1342/43
f 514/1471/35 2221/135/35 2224/138/35 930/1472/35
f 2564/3055/222 2271/3056/222 2302/3057/222 2566/3058/222
f 473/1503/28 2194/106/28 2196/107/28 497/1504/28
f 484/1550/23 2156/82/23 2154/40/23 460/1551/23
f 449/1230/10 460/1551/10 2154/40/10 2192/39/10
f 442/1360/5 2153/29/5 2155/32/5 466/845/5
f 2279/3059/223 2274/3060/223 2270/3061/223 2286/3062/223
f 2562/3063/223 2275/3064/223 2289/3065/223 2561/3066/223
f 2436/3067/31 2277/3068/31 2291/3069/31 2435/3070/31
f 2277/3068/31 2278/1452/31 2292/1451/31 2291/3069/31
f 905/3071/474 2272/3072/474 2303/3073/474 2299/3074/474
f 2004/1456/475 2283/1459/475 2289/3065/475 2275/3064/475
f 2433/2992/222 2008/1453/222 2305/1455/222 2441/3075/222
f 2437/3076/476 905/3071/476 2299/3074/476 2439/3077/476
f 2278/1452/476 2277/3068/476 2311/3078/476 2315/3079/476
f 2268/117/474 2278/1452/474 2315/3079/474 2309/1454/474
f 2281/1676/477 2151/3002/477 2279/3059/477 2286/3062/477
f 2269/3080/222 2288/3081/222 2293/3082/222 2300/3083/222
f 2065/3084/478 901/3085/478 2282/1677/478 2281/1676/478
f 2563/3086/478 902/3087/478 2283/1459/478 2455/1678/478
f 2437/3076/478 893/3088/478 2285/1669/478 2329/1680/478
f 2269/3080/478 2065/3084/478 2281/1676/478 2286/3062/478
f 893/3088/478 2159/3089/478 2287/120/478 2285/1669/478
f 2288/3081/478 2269/3080/478 2286/3062/478 2270/3061/478
f 2564/3055/478 2288/3081/478 2270/3061/478 2561/3066/478
f 2438/3090/478 2272/3072/478 2290/1465/478 2435/3070/478
f 2280/3091/478 2273/3092/478 2291/3069/478 2292/1451/478
f 2272/3072/478 905/3071/478 2284/1463/478 2290/1465/478
f 2159/3089/478 2280/3091/478 2292/1451/478 2287/120/478
f 902/3087/478 2271/3056/478 2289/3065/478 2283/1459/478
f 2293/3082/479 2294/3093/479 2574/3094/479 2573/3095/479
f 2295/3096/479 2296/3097/479 2578/3098/479 2577/3099/479
f 2565/3100/478 2294/3093/478 2293/3082/478 2566/3058/478
f 2299/3074/479 2303/3073/479 2581/3101/479 2582/3102/479
f 2065/3084/474 2269/3080/474 2300/3083/474 2297/3103/474
f 2280/3091/479 2159/3089/479 2301/3104/479 2304/3105/479
f 901/3085/476 2065/3084/476 2297/3103/476 2294/3093/476
f 2438/3090/222 2273/3092/222 2296/3097/222 2440/3106/222
f 2159/3089/476 893/3088/476 2295/3096/476 2301/3104/476
f 2271/3056/479 902/3087/479 2298/3107/479 2302/3057/479
f 2563/3086/476 901/3085/476 2294/3093/476 2565/3100/476
f 2273/3092/222 2280/3091/222 2304/3105/222 2296/3097/222
f 2310/3108/480 2308/3109/480 2314/3110/480 2316/3111/480
f 2441/3075/480 2305/1455/480 2311/3078/480 2442/3112/480
f 2305/1455/480 2309/1454/480 2315/3079/480 2311/3078/480
f 2567/3113/480 2307/3114/480 2313/3115/480 2568/3116/480
f 2559/2998/222 2004/1456/222 2307/3114/222 2567/3113/222
f 2274/3060/476 2279/3059/476 2316/3111/476 2314/3110/476
f 2279/3059/479 2151/3002/479 2310/3108/479 2316/3111/479
f 2436/3067/476 2276/1464/476 2312/3117/476 2442/3112/476
f 2276/1464/479 2007/1462/479 2306/3118/479 2312/3117/479
f 2562/3063/476 2274/3060/476 2314/3110/476 2568/3116/476
f 2004/1456/474 2275/3064/474 2313/3115/474 2307/3114/474
f 2151/3002/222 2003/3001/222 2308/3109/222 2310/3108/222
f 2277/3068/476 2436/3067/476 2442/3112/476 2311/3078/476
f 2306/3118/480 2441/3075/480 2442/3112/480 2312/3117/480
f 2272/3072/222 2438/3090/222 2440/3106/222 2303/3073/222
f 2295/3096/478 2439/3077/478 2440/3106/478 2296/3097/478
f 2273/3092/478 2438/3090/478 2435/3070/478 2291/3069/478
f 905/3071/478 2437/3076/478 2329/1680/478 2284/1463/478
f 893/3088/476 2437/3076/476 2439/3077/476 2295/3096/476
f 2007/1462/222 2433/2992/222 2441/3075/222 2306/3118/222
f 2276/1464/31 2436/3067/31 2435/3070/31 2290/1465/31
f 2689/3011/32 2899/3009/32 2434/1437/32 1997/1434/32
f 2759/2994/31 2906/2990/31 2433/2992/31 2007/1462/31
f 1703/1700/246 2427/2610/246 2432/2861/246 1944/2628/246
f 1677/2641/5 2428/2640/5 2431/2877/5 1921/2879/5
f 1921/2879/5 2431/2877/5 2430/1569/5 1769/1568/5
f 1944/2628/246 2432/2861/246 2429/1760/246 1792/2852/246
f 443/1585/5 2318/1588/5 2428/2640/5 1677/2641/5
f 969/1699/246 2390/1716/246 2427/2610/246 1703/1700/246
f 520/1417/32 2330/1422/32 2426/2584/32 1603/2585/32
f 495/2565/31 2326/2560/31 2425/2563/31 1613/2566/31
f 1331/2376/44 2414/2375/44 2420/2544/44 1536/2549/44
f 1325/1919/45 2413/2368/45 2419/2535/45 1493/1920/45
f 1483/2387/44 2418/2424/44 2424/2500/44 1545/2559/44
f 1586/3119/43 2422/2448/43 2423/2451/43 1587/3120/43
f 1536/3121/43 2420/2444/43 2421/2447/43 1583/3122/43
f 1545/3123/43 2424/2440/43 2419/2443/43 1530/3124/43
f 1485/1918/43 2418/2424/43 2404/2215/43 1484/2164/43
f 1523/1316/43 2417/1315/43 2403/2214/43 1522/2199/43
f 1386/1835/43 2416/1834/43 2402/2213/43 1526/2205/43
f 1519/1863/43 2415/1862/43 2401/2211/43 1518/2195/43
f 1330/2423/43 2414/2375/43 2339/2377/43 1467/2144/43
f 1326/2388/43 2413/2368/43 2338/2369/43 1462/2136/43
f 1387/2203/219 2406/2212/219 2410/2367/219 1456/2352/219
f 1285/2196/44 2405/2210/44 2409/2363/44 1448/2341/44
f 1452/3125/43 2411/2260/43 2412/2263/43 1453/3126/43
f 1448/3127/43 2409/2256/43 2410/2259/43 1449/3128/43
f 1288/1909/43 2408/1908/43 2404/2215/43 1482/2160/43
f 1291/2080/43 2407/2079/43 2403/2214/43 1528/2208/43
f 1381/2197/43 2406/2212/43 2402/2213/43 1520/2198/43
f 1289/2204/43 2405/2210/43 2401/2211/43 1524/2202/43
f 1287/2200/44 2407/2079/44 2411/2082/44 1452/2346/44
f 1292/2209/219 2408/1908/219 2412/1911/219 1460/2360/219
f 1525/2422/219 2415/1862/219 2421/1865/219 1590/2558/219
f 1380/2419/44 2416/1834/44 2422/1837/44 1586/2555/44
f 1295/1832/5 2399/1827/5 2400/1381/5 1296/1378/5
f 1294/1830/5 2398/1826/5 2399/1827/5 1295/1832/5
f 1293/1828/5 2397/1825/5 2398/1826/5 1294/1830/5
f 544/1361/5 2334/1366/5 2397/1825/5 1293/1828/5
f 987/1787/290 2393/1799/290 2395/1803/290 1005/1788/290
f 1005/1788/291 2395/1803/291 2396/1784/291 1008/1783/291
f 992/1770/289 2394/1564/289 2393/1799/289 987/1787/289
f 744/852/214 2368/967/214 2392/1781/214 975/853/214
f 975/853/230 2392/1781/230 2396/1784/230 1009/1779/230
f 924/1476/275 2388/1485/275 2391/1759/275 968/1758/275
f 1792/2852/246 2429/1760/246 2389/1756/246 965/1762/246
f 965/1762/249 2389/1756/249 2391/1759/249 967/1763/249
f 929/1480/264 2387/1473/264 2390/1716/264 969/1699/264
f 525/1483/249 2386/1482/249 2331/1440/249 910/1439/249
f 514/1471/246 2385/1470/246 2329/1680/246 2285/1669/246
f 528/1341/245 2332/1343/245 2384/1658/245 888/1534/245
f 496/1663/45 2326/1662/45 2383/1661/45 886/1660/45
f 888/1534/43 2384/1658/43 2383/1661/43 885/1535/43
f 498/1501/227 2327/1505/227 2382/1625/227 844/1624/227
f 841/1627/231 2381/1510/231 2382/1625/231 843/1626/231
f 545/165/219 2335/1329/219 2380/1612/219 831/1611/219
f 830/1614/43 2379/1359/43 2380/1612/43 832/1613/43
f 538/1379/5 2333/1384/5 2318/1588/5 443/1585/5
f 484/1550/6 2324/1549/6 2328/1579/6 508/1576/6
f 441/1364/5 2317/1363/5 2321/844/5 465/842/5
f 450/1227/10 459/1548/10 2320/1552/10 2319/1229/10
f 1769/1568/5 2430/1569/5 2322/973/5 467/970/5
f 473/1503/216 2323/1502/216 2394/1564/216 992/1770/216
f 483/1547/23 2324/1549/23 2320/1552/23 459/1548/23
f 485/166/228 2325/1357/228 2381/1510/228 841/1627/228
f 474/1500/28 2323/1502/28 2327/1505/28 498/1501/28
f 526/1475/29 2386/1482/29 2388/1485/29 924/1476/29
f 513/1479/35 2385/1470/35 2387/1473/35 929/1480/35
f 1997/1434/32 2434/1437/32 2331/1440/32 898/1435/32
f 508/1416/33 2328/1419/33 2330/1422/33 520/1417/33
f 1296/1378/5 2400/1381/5 2333/1384/5 538/1379/5
f 442/1360/5 2317/1363/5 2334/1366/5 544/1361/5
f 486/1508/44 2325/1357/44 2379/1359/44 830/1614/44
f 552/1273/43 2336/1272/43 2332/1343/43 528/1341/43
f 557/1300/43 2337/1299/43 2335/1329/43 545/165/43
f 1529/1902/219 2417/1315/219 2423/1318/219 1594/1903/219
f 558/1297/44 2337/1299/44 2339/1302/44 1468/1298/44
f 551/1269/45 2336/1272/45 2338/1275/45 1461/1270/45
f 586/1045/90 2341/1044/90 2361/1263/90 706/1260/90
f 592/1079/91 2342/1078/91 2343/1254/91 598/1251/91
f 598/1243/90 2343/1244/90 2359/1109/90 694/1108/90
f 616/1163/90 2346/1162/90 2353/1184/90 658/1183/90
f 640/1233/91 2350/1236/91 2349/1232/91 629/1231/91
f 628/1213/90 2348/1212/90 2350/1236/90 640/1233/90
f 450/1227/163 2319/1229/163 2349/1232/163 630/1228/163
f 646/1191/91 2351/1194/91 2352/1215/91 652/1214/91
f 627/1210/90 2348/1212/90 2352/1215/90 651/1211/90
f 622/1179/163 2347/1178/163 2351/1194/163 646/1191/163
f 658/1183/91 2353/1184/91 2354/1181/91 664/1180/91
f 621/1176/163 2347/1178/163 2354/1181/163 663/1177/163
f 670/1141/91 2355/1144/91 2356/1165/91 676/1164/91
f 615/1160/163 2346/1162/163 2356/1165/163 675/1161/163
f 610/1129/90 2345/1128/90 2355/1144/90 670/1141/90
f 682/1132/91 2357/1135/91 2358/1131/91 688/1130/91
f 604/1104/165 2344/1103/165 2357/1135/165 682/1132/165
f 609/1126/166 2345/1128/166 2358/1131/166 687/1127/166
f 694/1108/91 2359/1109/91 2360/1106/91 700/1105/91
f 603/1101/163 2344/1103/163 2360/1106/163 699/1102/163
f 706/1083/91 2361/1084/91 2362/1081/91 712/1080/91
f 591/1076/163 2342/1078/163 2362/1081/163 711/1077/163
f 718/1049/91 2363/1052/91 2364/1055/91 724/1050/91
f 585/1042/163 2341/1044/163 2364/1047/163 723/1043/163
f 580/1001/90 2340/1000/90 2363/1025/90 718/1022/90
f 725/1005/91 2365/1008/91 2366/1011/91 736/1006/91
f 579/998/163 2340/1000/163 2366/1003/163 735/999/163
f 467/970/90 2322/973/90 2365/976/90 725/971/90
f 742/963/213 743/966/213 2368/967/213 2367/964/213
f 804/871/67 2378/875/67 2367/964/67 741/962/67
f 753/954/67 2369/955/67 2370/946/67 756/945/67
f 756/945/67 2370/946/67 2371/937/67 762/936/67
f 762/936/67 2371/937/67 2372/926/67 768/924/67
f 768/924/67 2372/926/67 2373/929/67 774/925/67
f 774/909/67 2373/910/67 2374/901/67 780/900/67
f 780/900/67 2374/901/67 2375/892/67 786/891/67
f 786/891/67 2375/892/67 2376/883/67 792/882/67
f 792/882/67 2376/883/67 2377/872/67 798/870/67
f 798/870/67 2377/872/67 2378/875/67 804/871/67
f 465/842/215 2321/844/215 2369/847/215 753/843/215
f 2275/3064/476 2562/3063/476 2568/3116/476 2313/3115/476
f 2003/3001/222 2559/2998/222 2567/3113/222 2308/3109/222
f 2308/3109/480 2567/3113/480 2568/3116/480 2314/3110/480
f 902/3087/476 2563/3086/476 2565/3100/476 2298/3107/476
f 2298/3107/476 2565/3100/476 2569/3129/476 2570/3130/476
f 2271/3056/478 2564/3055/478 2561/3066/478 2289/3065/478
f 901/3085/478 2563/3086/478 2455/1678/478 2282/1677/478
f 2274/3060/223 2562/3063/223 2561/3066/223 2270/3061/223
f 2288/3081/222 2564/3055/222 2566/3058/222 2293/3082/222
f 2717/3006/32 2913/3003/32 2560/1447/32 2001/1445/32
f 2731/3000/223 2920/2997/223 2559/2998/223 2003/3001/223
f 1695/1732/246 2553/2621/246 2558/2866/246 1936/2620/246
f 1681/2636/5 2554/2635/5 2557/2871/5 1925/2874/5
f 1925/2874/5 2557/2871/5 2556/1574/5 1773/1573/5
f 1936/2620/246 2558/2866/246 2555/1728/246 1784/2854/246
f 447/1591/5 2444/1593/5 2554/2635/5 1681/2636/5
f 945/1731/246 2516/1687/246 2553/2621/246 1695/1732/246
f 516/1428/32 2456/1432/32 2552/2579/32 1607/2580/32
f 491/2575/223 2452/2572/223 2551/2573/223 1609/2576/223
f 1475/2382/44 2544/2428/44 2550/2552/44 1541/2550/44
f 1505/2399/219 2543/2427/219 2549/2548/219 1566/2521/219
f 1322/1308/44 2540/2380/44 2546/2547/44 1540/1309/44
f 1356/2391/44 2542/2426/44 2548/2546/44 1558/2505/44
f 1501/2395/219 2541/2425/219 2547/2545/219 1562/2513/219
f 1329/2373/45 2539/2372/45 2545/2542/45 1533/2553/45
f 1558/3131/43 2548/2480/43 2549/2483/43 1559/3132/43
f 1540/3133/43 2546/2476/43 2547/2479/43 1555/3134/43
f 1541/3135/43 2550/2432/43 2545/2435/43 1534/3136/43
f 1477/2384/43 2544/2428/43 2530/2223/43 1476/2156/43
f 1499/2392/43 2543/2427/43 2529/2221/43 1498/2178/43
f 1362/2400/43 2542/2426/43 2528/2219/43 1502/2180/43
f 1495/1307/43 2541/2425/43 2527/2217/43 1494/2176/43
f 1334/2396/43 2540/2380/43 2465/2381/43 1471/2151/43
f 1319/2383/43 2539/2372/43 2464/2374/43 1466/2120/43
f 1276/190/219 2534/2222/219 2538/2340/219 1432/191/219
f 1271/1877/44 2533/2220/44 2537/2337/44 1424/1878/44
f 1363/1847/219 2532/2218/219 2536/2336/219 1428/1848/219
f 1269/1905/44 2531/2216/44 2535/2334/44 1420/1906/44
f 1424/3137/43 2537/2292/43 2538/2295/43 1425/3138/43
f 1420/3139/43 2535/2288/43 2536/2291/43 1421/3140/43
f 1272/1876/43 2534/2222/43 2530/2223/43 1474/2154/43
f 1275/189/43 2533/2220/43 2529/2221/43 1504/2181/43
f 1357/1904/43 2532/2218/43 2528/2219/43 1496/2177/43
f 1273/1846/43 2531/2216/43 2527/2217/43 1500/2179/43
f 1311/1817/5 2525/1812/5 2526/1391/5 1312/1389/5
f 1310/1815/5 2524/1810/5 2525/1812/5 1311/1817/5
f 1309/1813/5 2523/1808/5 2524/1810/5 1310/1815/5
f 540/1372/5 2460/1376/5 2523/1808/5 1309/1813/5
f 999/1796/291 2521/1793/291 2522/1769/291 1012/1768/291
f 996/1780/289 2520/1776/289 2519/1790/289 991/1795/289
f 991/1795/290 2519/1790/290 2521/1793/290 999/1796/290
f 477/1495/216 2449/1494/216 2520/1776/216 996/1780/216
f 971/1561/230 2518/827/230 2522/1769/230 1001/1562/230
f 920/1400/275 2514/1408/275 2517/1727/275 944/1706/275
f 1784/2854/246 2555/1728/246 2515/1726/246 941/1733/246
f 941/1733/249 2515/1726/249 2517/1727/249 943/1734/249
f 925/1403/255 2513/1398/255 2516/1687/255 945/1731/255
f 521/1406/249 2512/1405/249 2457/1450/249 906/1449/249
f 510/1396/246 2511/1395/246 2455/1678/246 2283/1459/246
f 492/1525/45 2452/1651/45 2509/1650/45 870/1649/45
f 532/1335/245 2458/1338/245 2510/1647/245 872/1522/245
f 872/1522/43 2510/1647/43 2509/1650/43 869/1523/43
f 489/1346/228 2451/1602/228 2507/1634/228 857/1637/228
f 857/1637/231 2507/1634/231 2508/1518/231 859/1517/231
f 549/1332/219 2461/1334/219 2506/1601/219 815/1347/219
f 490/1599/44 2451/1602/44 2505/1600/44 814/1604/44
f 814/1604/43 2505/1600/43 2506/1601/43 816/1603/43
f 534/1390/5 2459/1394/5 2444/1593/5 447/1591/5
f 480/1540/6 2450/1539/6 2454/1584/6 504/1582/6
f 437/1374/5 2443/1373/5 2447/834/5 461/831/5
f 454/1217/10 455/1537/10 2446/1542/10 2445/1219/10
f 1773/1573/5 2556/1574/5 2448/983/5 471/981/5
f 479/1536/23 2450/1539/23 2446/1542/23 455/1537/23
f 502/1492/227 2453/1497/227 2508/1518/227 860/1636/227
f 478/1491/28 2449/1494/28 2453/1497/28 502/1492/28
f 2001/1445/32 2560/1447/32 2457/1450/32 907/1446/32
f 504/1427/33 2454/1429/33 2456/1432/33 516/1428/33
f 522/1399/29 2512/1405/29 2514/1408/29 920/1400/29
f 509/1402/35 2511/1395/35 2513/1398/35 925/1403/35
f 1312/1389/5 2526/1391/5 2459/1394/5 534/1390/5
f 438/1371/5 2443/1373/5 2460/1376/5 540/1372/5
f 556/1283/43 2462/1282/43 2458/1338/43 532/1335/43
f 561/1290/43 2463/1289/43 2461/1334/43 549/1332/43
f 562/1286/44 2463/1289/44 2465/1292/44 1472/1287/44
f 555/1280/45 2462/1282/45 2464/1285/45 1465/1281/45
f 582/1035/90 2467/1034/90 2487/1268/90 702/1266/90
f 588/1069/91 2468/1068/91 2469/1259/91 594/1257/91
f 594/1248/90 2469/1249/90 2485/1114/90 690/1113/90
f 612/1153/90 2472/1152/90 2479/1189/90 654/1188/90
f 636/1239/91 2476/1241/91 2475/1222/91 633/1221/91
f 624/1203/90 2474/1202/90 2476/1241/90 636/1239/90
f 454/1217/163 2445/1219/163 2475/1222/163 634/1218/163
f 642/1197/91 2477/1199/91 2478/1205/91 648/1204/91
f 623/1200/90 2474/1202/90 2478/1205/90 647/1201/90
f 618/1169/163 2473/1168/163 2477/1199/163 642/1197/163
f 654/1188/91 2479/1189/91 2480/1171/91 660/1170/91
f 617/1166/163 2473/1168/163 2480/1171/163 659/1167/163
f 666/1147/91 2481/1149/91 2482/1155/91 672/1154/91
f 611/1150/163 2472/1152/163 2482/1155/163 671/1151/163
f 606/1119/90 2471/1118/90 2481/1149/90 666/1147/90
f 678/1138/91 2483/1140/91 2484/1121/91 684/1120/91
f 600/1094/165 2470/1093/165 2483/1140/165 678/1138/165
f 605/1116/218 2471/1118/218 2484/1121/218 683/1117/218
f 690/1113/91 2485/1114/91 2486/1096/91 696/1095/91
f 599/1091/163 2470/1093/163 2486/1096/163 695/1092/163
f 702/1088/91 2487/1089/91 2488/1071/91 708/1070/91
f 587/1066/163 2468/1068/163 2488/1071/163 707/1067/163
f 714/1060/91 2489/1062/91 2490/1065/91 720/1061/91
f 581/1031/163 2467/1034/163 2490/1037/163 719/1032/163
f 576/991/90 2466/990/90 2489/1030/90 714/1028/90
f 729/1016/91 2491/1018/91 2492/1021/91 732/1017/91
f 575/987/163 2466/990/163 2492/993/163 731/988/163
f 471/981/90 2448/983/90 2491/986/90 729/982/90
f 738/958/213 747/825/213 2494/824/213 2493/959/213
f 808/860/67 2504/865/67 2493/959/67 737/957/67
f 749/949/67 2495/950/67 2496/941/67 760/940/67
f 760/940/67 2496/941/67 2497/932/67 766/931/67
f 766/931/67 2497/932/67 2498/916/67 772/913/67
f 772/913/67 2498/916/67 2499/919/67 778/914/67
f 778/904/67 2499/905/67 2500/896/67 784/895/67
f 784/895/67 2500/896/67 2501/887/67 790/886/67
f 790/886/67 2501/887/67 2502/878/67 796/877/67
f 796/877/67 2502/878/67 2503/862/67 802/859/67
f 802/859/67 2503/862/67 2504/865/67 808/860/67
f 461/831/215 2447/834/215 2495/837/215 749/832/215
f 748/968/214 2494/824/214 2518/827/214 971/1561/214
f 2570/3130/478 2569/3129/478 2571/3141/478 2572/3142/478
f 2566/3058/222 2302/3057/222 2572/3142/222 2571/3141/222
f 2565/3100/474 2566/3058/474 2571/3141/474 2569/3129/474
f 2302/3057/479 2298/3107/479 2570/3130/479 2572/3142/479
f 2574/3094/478 2575/3143/478 2576/3144/478 2573/3095/478
f 2300/3083/222 2293/3082/222 2573/3095/222 2576/3144/222
f 2297/3103/474 2300/3083/474 2576/3144/474 2575/3143/474
f 2294/3093/476 2297/3103/476 2575/3143/476 2574/3094/476
f 2579/3145/478 2577/3099/478 2578/3098/478 2580/3146/478
f 2304/3105/474 2301/3104/474 2579/3145/474 2580/3146/474
f 2296/3097/476 2304/3105/476 2580/3146/476 2578/3098/476
f 2301/3104/222 2295/3096/222 2577/3099/222 2579/3145/222
f 2583/3147/478 2582/3102/478 2581/3101/478 2584/3148/478
f 2439/3077/222 2299/3074/222 2582/3102/222 2583/3147/222
f 2440/3106/474 2439/3077/474 2583/3147/474 2584/3148/474
f 2303/3073/476 2440/3106/476 2584/3148/476 2581/3101/476
f 1609/3149/223 2551/3150/223 2914/3151/223 2725/3152/223
f 2725/3152/223 2914/3151/223 2915/3153/223 2726/3154/223
f 2726/3154/223 2915/3153/223 2916/3155/223 2727/3156/223
f 2727/3156/223 2916/3155/223 2917/3157/223 2728/3158/223
f 2728/3158/223 2917/3157/223 2918/3159/223 2729/3160/223
f 2729/3160/223 2918/3159/223 2919/3161/223 2730/3162/223
f 2730/3162/223 2919/3161/223 2920/2997/223 2731/3000/223
f 1607/3163/32 2552/3164/32 2907/3165/32 2711/3166/32
f 2711/3166/32 2907/3165/32 2908/3167/32 2712/3168/32
f 2712/3168/32 2908/3167/32 2909/3169/32 2713/3170/32
f 2713/3170/32 2909/3169/32 2910/3171/32 2714/3172/32
f 2714/3172/32 2910/3171/32 2911/3173/32 2715/3174/32
f 2715/3174/32 2911/3173/32 2912/3175/32 2716/3176/32
f 2716/3176/32 2912/3175/32 2913/3003/32 2717/3006/32
f 1613/3177/31 2425/3178/31 2900/3179/31 2753/3180/31
f 2753/3180/31 2900/3179/31 2901/3181/31 2754/3182/31
f 2754/3182/31 2901/3181/31 2902/3183/31 2755/3184/31
f 2755/3184/31 2902/3183/31 2903/3185/31 2756/3186/31
f 2756/3186/31 2903/3185/31 2904/3187/31 2757/3188/31
f 2757/3188/31 2904/3187/31 2905/3189/31 2758/3190/31
f 2758/3190/31 2905/3189/31 2906/2990/31 2759/2994/31
f 1603/3191/32 2426/3192/32 2893/3193/32 2683/3194/32
f 2683/3194/32 2893/3193/32 2894/3195/32 2684/3196/32
f 2684/3196/32 2894/3195/32 2895/3197/32 2685/3198/32
f 2685/3198/32 2895/3197/32 2896/3199/32 2686/3200/32
f 2686/3200/32 2896/3199/32 2897/3201/32 2687/3202/32
f 2687/3202/32 2897/3201/32 2898/3203/32 2688/3204/32
f 2688/3204/32 2898/3203/32 2899/3009/32 2689/3011/32
f 1602/2598/32 2259/3205/32 2886/3206/32 2612/2599/32
f 2612/2599/32 2886/3206/32 2887/3207/32 2611/3208/32
f 2611/3208/32 2887/3207/32 2888/3209/32 2610/3210/32
f 2610/3210/32 2888/3209/32 2889/3211/32 2609/3212/32
f 2609/3212/32 2889/3211/32 2890/3213/32 2608/3214/32
f 2608/3214/32 2890/3213/32 2891/3215/32 2607/3216/32
f 2607/3216/32 2891/3215/32 2892/3010/32 2606/3030/32
f 1614/3217/31 2260/3218/31 2879/3219/31 2760/3220/31
f 2760/3220/31 2879/3219/31 2880/3221/31 2761/3222/31
f 2761/3222/31 2880/3221/31 2881/3223/31 2762/3224/31
f 2762/3224/31 2881/3223/31 2882/3225/31 2763/3226/31
f 2763/3226/31 2882/3225/31 2883/3227/31 2764/3228/31
f 2764/3228/31 2883/3227/31 2884/3229/31 2765/3230/31
f 2765/3230/31 2884/3229/31 2885/3014/31 2766/2991/31
f 1597/3231/223 2143/3232/223 2872/3233/223 2669/3234/223
f 2669/3234/223 2872/3233/223 2873/3235/223 2670/3236/223
f 2670/3236/223 2873/3235/223 2874/3237/223 2671/3238/223
f 2671/3238/223 2874/3237/223 2875/3239/223 2672/3240/223
f 2672/3240/223 2875/3239/223 2876/3241/223 2673/3242/223
f 2673/3242/223 2876/3241/223 2877/3243/223 2674/3244/223
f 2674/3244/223 2877/3243/223 2878/2999/223 2675/3016/223
f 1608/3245/32 2144/3246/32 2865/3247/32 2718/3248/32
f 2718/3248/32 2865/3247/32 2866/3249/32 2719/3250/32
f 2719/3250/32 2866/3249/32 2867/3251/32 2720/3252/32
f 2720/3252/32 2867/3251/32 2868/3253/32 2721/3254/32
f 2721/3254/32 2868/3253/32 2869/3255/32 2722/3256/32
f 2722/3256/32 2869/3255/32 2870/3257/32 2723/3258/32
f 2723/3258/32 2870/3257/32 2871/3013/32 2724/3004/32
f 1712/2739/481 1597/3231/481 2669/3234/481 2774/2740/481
f 2774/2740/482 2669/3234/482 2670/3236/482 2775/3259/482
f 2775/3259/483 2670/3236/483 2671/3238/483 2776/3260/483
f 2776/3260/484 2671/3238/484 2672/3240/484 2777/3261/484
f 2777/3261/485 2672/3240/485 2673/3242/485 2778/3262/485
f 2778/3262/486 2673/3242/486 2674/3244/486 2779/3263/486
f 2779/3263/487 2674/3244/487 2675/3016/487 2780/3015/487
f 2260/3218/31 1600/3264/31 2676/3265/31 2879/3219/31
f 2879/3219/31 2676/3265/31 2677/3266/31 2880/3221/31
f 2880/3221/31 2677/3266/31 2678/3267/31 2881/3223/31
f 2881/3223/31 2678/3267/31 2679/3268/31 2882/3225/31
f 2882/3225/31 2679/3268/31 2680/3269/31 2883/3227/31
f 2883/3227/31 2680/3269/31 2681/3270/31 2884/3229/31
f 2884/3229/31 2681/3270/31 2682/2988/31 2885/3014/31
f 2144/3246/32 1601/3271/32 2605/3272/32 2865/3247/32
f 2865/3247/32 2605/3272/32 2604/3273/32 2866/3249/32
f 2866/3249/32 2604/3273/32 2603/3274/32 2867/3251/32
f 2867/3251/32 2603/3274/32 2602/3275/32 2868/3253/32
f 2868/3253/32 2602/3275/32 2601/3276/32 2869/3255/32
f 2869/3255/32 2601/3276/32 2600/3277/32 2870/3257/32
f 2870/3257/32 2600/3277/32 2599/3012/32 2871/3013/32
f 1710/2726/34 2591/3278/34 2605/3272/34 1601/3271/34
f 2591/3278/34 2590/3279/34 2604/3273/34 2605/3272/34
f 2590/3279/34 2589/3280/34 2603/3274/34 2604/3273/34
f 2589/3280/34 2588/3281/34 2602/3275/34 2603/3274/34
f 2588/3281/34 2587/3282/34 2601/3276/34 2602/3275/34
f 2587/3282/34 2586/3283/34 2600/3277/34 2601/3276/34
f 2586/3283/34 2585/2986/34 2599/3012/34 2600/3277/34
f 2259/3205/32 1603/3191/32 2683/3194/32 2886/3206/32
f 2886/3206/32 2683/3194/32 2684/3196/32 2887/3207/32
f 2887/3207/32 2684/3196/32 2685/3198/32 2888/3209/32
f 2888/3209/32 2685/3198/32 2686/3200/32 2889/3211/32
f 2889/3211/32 2686/3200/32 2687/3202/32 2890/3213/32
f 2890/3213/32 2687/3202/32 2688/3204/32 2891/3215/32
f 2891/3215/32 2688/3204/32 2689/3011/32 2892/3010/32
f 2426/3192/32 1604/3284/32 2690/3285/32 2893/3193/32
f 2893/3193/32 2690/3285/32 2691/3286/32 2894/3195/32
f 2894/3195/32 2691/3286/32 2692/3287/32 2895/3197/32
f 2895/3197/32 2692/3287/32 2693/3288/32 2896/3199/32
f 2896/3199/32 2693/3288/32 2694/3289/32 2897/3201/32
f 2897/3201/32 2694/3289/32 2695/3290/32 2898/3203/32
f 2898/3203/32 2695/3290/32 2696/3008/32 2899/3009/32
f 1604/3284/32 1605/3291/32 2697/3292/32 2690/3285/32
f 2690/3285/32 2697/3292/32 2698/3293/32 2691/3286/32
f 2691/3286/32 2698/3293/32 2699/3294/32 2692/3287/32
f 2692/3287/32 2699/3294/32 2700/3295/32 2693/3288/32
f 2693/3288/32 2700/3295/32 2701/3296/32 2694/3289/32
f 2694/3289/32 2701/3296/32 2702/3297/32 2695/3290/32
f 2695/3290/32 2702/3297/32 2703/3007/32 2696/3008/32
f 1605/3291/32 1606/3298/32 2704/3299/32 2697/3292/32
f 2697/3292/32 2704/3299/32 2705/3300/32 2698/3293/32
f 2698/3293/32 2705/3300/32 2706/3301/32 2699/3294/32
f 2699/3294/32 2706/3301/32 2707/3302/32 2700/3295/32
f 2700/3295/32 2707/3302/32 2708/3303/32 2701/3296/32
f 2701/3296/32 2708/3303/32 2709/3304/32 2702/3297/32
f 2702/3297/32 2709/3304/32 2710/3005/32 2703/3007/32
f 1606/3298/32 1607/3163/32 2711/3166/32 2704/3299/32
f 2704/3299/32 2711/3166/32 2712/3168/32 2705/3300/32
f 2705/3300/32 2712/3168/32 2713/3170/32 2706/3301/32
f 2706/3301/32 2713/3170/32 2714/3172/32 2707/3302/32
f 2707/3302/32 2714/3172/32 2715/3174/32 2708/3303/32
f 2708/3303/32 2715/3174/32 2716/3176/32 2709/3304/32
f 2709/3304/32 2716/3176/32 2717/3006/32 2710/3005/32
f 2552/3164/32 1608/3245/32 2718/3248/32 2907/3165/32
f 2907/3165/32 2718/3248/32 2719/3250/32 2908/3167/32
f 2908/3167/32 2719/3250/32 2720/3252/32 2909/3169/32
f 2909/3169/32 2720/3252/32 2721/3254/32 2910/3171/32
f 2910/3171/32 2721/3254/32 2722/3256/32 2911/3173/32
f 2911/3173/32 2722/3256/32 2723/3258/32 2912/3175/32
f 2912/3175/32 2723/3258/32 2724/3004/32 2913/3003/32
f 2143/3232/223 1609/3149/223 2725/3152/223 2872/3233/223
f 2872/3233/223 2725/3152/223 2726/3154/223 2873/3235/223
f 2873/3235/223 2726/3154/223 2727/3156/223 2874/3237/223
f 2874/3237/223 2727/3156/223 2728/3158/223 2875/3239/223
f 2875/3239/223 2728/3158/223 2729/3160/223 2876/3241/223
f 2876/3241/223 2729/3160/223 2730/3162/223 2877/3243/223
f 2877/3243/223 2730/3162/223 2731/3000/223 2878/2999/223
f 2551/3150/223 1610/3305/223 2732/3306/223 2914/3151/223
f 2914/3151/223 2732/3306/223 2733/3307/223 2915/3153/223
f 2915/3153/223 2733/3307/223 2734/3308/223 2916/3155/223
f 2916/3155/223 2734/3308/223 2735/3309/223 2917/3157/223
f 2917/3157/223 2735/3309/223 2736/3310/223 2918/3159/223
f 2918/3159/223 2736/3310/223 2737/3311/223 2919/3161/223
f 2919/3161/223 2737/3311/223 2738/2996/223 2920/2997/223
f 1610/3305/223 1611/3312/223 2739/3313/223 2732/3306/223
f 2732/3306/223 2739/3313/223 2740/3314/223 2733/3307/223
f 2733/3307/223 2740/3314/223 2741/3315/223 2734/3308/223
f 2734/3308/223 2741/3315/223 2742/3316/223 2735/3309/223
f 2735/3309/223 2742/3316/223 2743/3317/223 2736/3310/223
f 2736/3310/223 2743/3317/223 2744/3318/223 2737/3311/223
f 2737/3311/223 2744/3318/223 2745/2995/223 2738/2996/223
f 1611/3312/223 1612/3319/223 2746/3320/223 2739/3313/223
f 2739/3313/31 2746/3320/31 2747/3321/31 2740/3314/31
f 2740/3314/31 2747/3321/31 2748/3322/31 2741/3315/31
f 2741/3315/31 2748/3322/31 2749/3323/31 2742/3316/31
f 2742/3316/31 2749/3323/31 2750/3324/31 2743/3317/31
f 2743/3317/31 2750/3324/31 2751/3325/31 2744/3318/31
f 2744/3318/31 2751/3325/31 2752/2993/31 2745/2995/31
f 1612/3319/31 1613/3177/31 2753/3180/31 2746/3320/31
f 2746/3320/31 2753/3180/31 2754/3182/31 2747/3321/31
f 2747/3321/31 2754/3182/31 2755/3184/31 2748/3322/31
f 2748/3322/31 2755/3184/31 2756/3186/31 2749/3323/31
f 2749/3323/31 2756/3186/31 2757/3188/31 2750/3324/31
f 2750/3324/31 2757/3188/31 2758/3190/31 2751/3325/31
f 2751/3325/31 2758/3190/31 2759/2994/31 2752/2993/31
f 2425/3178/31 1614/3217/31 2760/3220/31 2900/3179/31
f 2900/3179/31 2760/3220/31 2761/3222/31 2901/3181/31
f 2901/3181/31 2761/3222/31 2762/3224/31 2902/3183/31
f 2902/3183/31 2762/3224/31 2763/3226/31 2903/3185/31
f 2903/3185/31 2763/3226/31 2764/3228/31 2904/3187/31
f 2904/3187/31 2764/3228/31 2765/3230/31 2905/3189/31
f 2905/3189/31 2765/3230/31 2766/2991/31 2906/2990/31
f 1600/3264/488 1714/2733/488 2767/3326/488 2676/3265/488
f 2676/3265/489 2767/3326/489 2768/3327/489 2677/3266/489
f 2677/3266/490 2768/3327/490 2769/3328/490 2678/3267/490
f 2678/3267/491 2769/3328/491 2770/3329/491 2679/3268/491
f 2679/3268/492 2770/3329/492 2771/3330/492 2680/3269/492
f 2680/3269/493 2771/3330/493 2772/3331/493 2681/3270/493
f 2681/3270/494 2772/3331/494 2773/2982/494 2682/2988/494
f 1706/2768/10 2802/2767/10 2816/3332/10 1728/2778/10
f 2802/2767/10 2803/3333/10 2817/3334/10 2816/3332/10
f 2803/3333/10 2804/3335/10 2818/3336/10 2817/3334/10
f 2804/3335/10 2805/3337/10 2819/3338/10 2818/3336/10
f 2805/3337/10 2806/3339/10 2820/3340/10 2819/3338/10
f 2806/3339/10 2807/3341/10 2821/3342/10 2820/3340/10
f 2807/3341/10 2808/2987/10 2822/2971/10 2821/3342/10
f 1718/2725/495 2619/3343/495 2591/3278/495 1710/2726/495
f 2619/3343/496 2618/3344/496 2590/3279/496 2591/3278/496
f 2618/3344/497 2617/3345/497 2589/3280/497 2590/3279/497
f 2617/3345/498 2616/3346/498 2588/3281/498 2589/3280/498
f 2616/3346/499 2615/3347/499 2587/3282/499 2588/3281/499
f 2615/3347/500 2614/3348/500 2586/3283/500 2587/3282/500
f 2614/3348/501 2613/2985/501 2585/2986/501 2586/3283/501
f 1722/2732/502 2781/3349/502 2767/3326/502 1714/2733/502
f 2781/3349/503 2782/3350/503 2768/3327/503 2767/3326/503
f 2782/3350/504 2783/3351/504 2769/3328/504 2768/3327/504
f 2783/3351/505 2784/3352/505 2770/3329/505 2769/3328/505
f 2784/3352/506 2785/3353/506 2771/3330/506 2770/3329/506
f 2785/3353/507 2786/3354/507 2772/3331/507 2771/3330/507
f 2786/3354/508 2787/2981/508 2773/2982/508 2772/3331/508
f 1598/2753/509 2633/2780/509 2619/3355/509 1718/2754/509
f 2633/2780/510 2632/3356/510 2618/3357/510 2619/3355/510
f 2632/3356/511 2631/3358/511 2617/3359/511 2618/3357/511
f 2631/3358/512 2630/3360/512 2616/3361/512 2617/3359/512
f 2630/3360/513 2629/3362/513 2615/3363/513 2616/3361/513
f 2629/3362/514 2628/3364/514 2614/3365/514 2615/3363/514
f 2628/3364/515 2627/2978/515 2613/2979/515 2614/3365/515
f 1705/2760/516 2795/2783/516 2781/3366/516 1722/2761/516
f 2795/2783/517 2796/3367/517 2782/3368/517 2781/3366/517
f 2796/3367/518 2797/3369/518 2783/3370/518 2782/3368/518
f 2797/3369/519 2798/3371/519 2784/3372/519 2783/3370/519
f 2798/3371/520 2799/3373/520 2785/3374/520 2784/3372/520
f 2799/3373/521 2800/3375/521 2786/3376/521 2785/3374/521
f 2800/3375/522 2801/2975/522 2787/2976/522 2786/3376/522
f 1727/123/348 2654/3377/348 2668/3378/348 1737/2801/348
f 2654/3377/348 2653/3379/348 2667/3380/348 2668/3378/348
f 2653/3379/348 2652/3381/348 2666/3382/348 2667/3380/348
f 2652/3381/348 2651/3383/348 2665/3384/348 2666/3382/348
f 2651/3383/348 2650/3385/348 2664/3386/348 2665/3384/348
f 2650/3385/348 2649/3387/348 2663/3388/348 2664/3386/348
f 2649/3387/348 2648/2970/348 2662/2973/348 2663/3388/348
f 1728/2778/349 2816/3332/349 2823/3389/349 1733/2793/349
f 2816/3332/349 2817/3334/349 2824/3390/349 2823/3389/349
f 2817/3334/349 2818/3336/349 2825/3391/349 2824/3390/349
f 2818/3336/349 2819/3338/349 2826/3392/349 2825/3391/349
f 2819/3338/349 2820/3340/349 2827/3393/349 2826/3392/349
f 2820/3340/349 2821/3342/349 2828/3394/349 2827/3393/349
f 2821/3342/349 2822/2971/349 2829/2972/349 2828/3394/349
f 1599/122/10 2640/2749/10 2654/3377/10 1727/123/10
f 2640/2749/10 2639/3395/10 2653/3379/10 2654/3377/10
f 2639/3395/10 2638/3396/10 2652/3381/10 2653/3379/10
f 2638/3396/10 2637/3397/10 2651/3383/10 2652/3381/10
f 2637/3397/10 2636/3398/10 2650/3385/10 2651/3383/10
f 2636/3398/10 2635/3399/10 2649/3387/10 2650/3385/10
f 2635/3399/10 2634/2969/10 2648/2970/10 2649/3387/10
f 1890/3400/523 1846/3401/523 2837/3402/523 2851/3403/523
f 2851/3403/524 2837/3402/524 2838/3404/524 2852/3405/524
f 2852/3405/525 2838/3404/525 2839/3406/525 2853/3407/525
f 2853/3407/526 2839/3406/526 2840/3408/526 2854/3409/526
f 2854/3409/527 2840/3408/527 2841/3410/527 2855/3411/527
f 2855/3411/528 2841/3410/528 2842/3412/528 2856/3413/528
f 2856/3413/529 2842/3412/529 2843/2964/529 2857/2963/529
f 1843/3414/530 1953/3415/530 2858/3416/530 2844/3417/530
f 2844/3417/531 2858/3416/531 2859/3418/531 2845/3419/531
f 2845/3419/532 2859/3418/532 2860/3420/532 2846/3421/532
f 2846/3421/533 2860/3420/533 2861/3422/533 2847/3423/533
f 2847/3423/534 2861/3422/534 2862/3424/534 2848/3425/534
f 2848/3425/535 2862/3424/535 2863/3426/535 2849/3427/535
f 2849/3427/536 2863/3426/536 2864/2962/536 2850/2961/536
f 2025/2965/355 2815/3428/355 2836/3429/355 2030/2966/355
f 2815/3428/355 2814/3430/355 2835/3431/355 2836/3429/355
f 2814/3430/355 2813/3432/355 2834/3433/355 2835/3431/355
f 2813/3432/355 2812/3434/355 2833/3435/355 2834/3433/355
f 2812/3434/355 2811/3436/355 2832/3437/355 2833/3435/355
f 2811/3436/355 2810/3438/355 2831/3439/355 2832/3437/355
f 2810/3438/355 2809/2785/355 2830/2804/355 2831/3439/355
f 2023/2967/351 2641/3440/351 2655/3441/351 2027/2968/351
f 2641/3440/351 2642/3442/351 2656/3443/351 2655/3441/351
f 2642/3442/351 2643/3444/351 2657/3445/351 2656/3443/351
f 2643/3444/537 2644/3446/537 2658/3447/537 2657/3445/537
f 2644/3446/351 2645/3448/351 2659/3449/351 2658/3447/351
f 2645/3448/351 2646/3450/351 2660/3451/351 2659/3449/351
f 2646/3450/351 2647/2782/351 2661/2796/351 2660/3451/351
f 2021/2763/10 2801/2975/10 2815/3428/10 2025/2965/10
f 2801/2975/10 2800/3375/10 2814/3430/10 2815/3428/10
f 2800/3375/10 2799/3373/10 2813/3432/10 2814/3430/10
f 2799/3373/10 2798/3371/10 2812/3434/10 2813/3432/10
f 2798/3371/10 2797/3369/10 2811/3436/10 2812/3434/10
f 2797/3369/10 2796/3367/10 2810/3438/10 2811/3436/10
f 2796/3367/10 2795/2783/10 2809/2785/10 2810/3438/10
f 2019/2745/10 2627/2978/10 2641/3440/10 2023/2967/10
f 2627/2978/10 2628/3364/10 2642/3442/10 2641/3440/10
f 2628/3364/10 2629/3362/10 2643/3444/10 2642/3442/10
f 2629/3362/10 2630/3360/10 2644/3446/10 2643/3444/10
f 2630/3360/10 2631/3358/10 2645/3448/10 2644/3446/10
f 2631/3358/10 2632/3356/10 2646/3450/10 2645/3448/10
f 2632/3356/10 2633/2780/10 2647/2782/10 2646/3450/10
f 2022/2707/538 2808/2987/538 2794/3452/538 2018/2974/538
f 2808/2987/539 2807/3341/539 2793/3453/539 2794/3452/539
f 2807/3341/540 2806/3339/540 2792/3454/540 2793/3453/540
f 2806/3339/541 2805/3337/541 2791/3455/541 2792/3454/541
f 2805/3337/542 2804/3335/542 2790/3456/542 2791/3455/542
f 2804/3335/543 2803/3333/543 2789/3457/543 2790/3456/543
f 2803/3333/544 2802/2767/544 2788/2770/544 2789/3457/544
f 2020/2789/545 2634/2969/545 2620/3458/545 2016/2977/545
f 2634/2969/546 2635/3399/546 2621/3459/546 2620/3458/546
f 2635/3399/547 2636/3398/547 2622/3460/547 2621/3459/547
f 2636/3398/548 2637/3397/548 2623/3461/548 2622/3460/548
f 2637/3397/549 2638/3396/549 2624/3462/549 2623/3461/549
f 2638/3396/550 2639/3395/550 2625/3463/550 2624/3462/550
f 2639/3395/551 2640/2749/551 2626/2751/551 2625/3463/551
f 2018/2980/552 2794/3464/552 2780/3015/552 2014/89/552
f 2794/3464/553 2793/3465/553 2779/3263/553 2780/3015/553
f 2793/3465/554 2792/3466/554 2778/3262/554 2779/3263/554
f 2792/3466/555 2791/3467/555 2777/3261/555 2778/3262/555
f 2791/3467/556 2790/3468/556 2776/3260/556 2777/3261/556
f 2790/3468/557 2789/3469/557 2775/3259/557 2776/3260/557
f 2789/3469/558 2788/2737/558 2774/2740/558 2775/3259/558
f 2016/2983/559 2620/3470/559 2592/3471/559 2010/2984/559
f 2620/3470/560 2621/3472/560 2593/3473/560 2592/3471/560
f 2621/3472/561 2622/3474/561 2594/3475/561 2593/3473/561
f 2622/3474/562 2623/3476/562 2595/3477/562 2594/3475/562
f 2623/3476/563 2624/3478/563 2596/3479/563 2595/3477/563
f 2624/3478/564 2625/3480/564 2597/3481/564 2596/3479/564
f 2625/3480/565 2626/2722/565 2598/2596/565 2597/3481/565
f 2010/2984/30 2592/3471/30 2606/3030/30 2012/2989/30
f 2592/3471/30 2593/3473/30 2607/3216/30 2606/3030/30
f 2593/3473/30 2594/3475/30 2608/3214/30 2607/3216/30
f 2594/3475/30 2595/3477/30 2609/3212/30 2608/3214/30
f 2595/3477/30 2596/3479/30 2610/3210/30 2609/3212/30
f 2596/3479/30 2597/3481/30 2611/3208/30 2610/3210/30
f 2597/3481/30 2598/2596/30 2612/2599/30 2611/3208/30
usemtl Material.002
f 2034/2906/566 2028/3482/566 1734/3483/566 1889/2907/566
f 2031/2810/567 2029/3484/567 1736/3485/567 1845/2811/567
f 2027/3486/568 2032/2905/568 1844/2908/568 1731/3487/568
f 2030/3488/569 2033/2809/569 1954/2812/569 1735/3489/569
f 2836/3490/570 2857/2963/570 2033/2809/570 2030/3488/570
f 2655/3491/571 2850/2961/571 2032/2905/571 2027/3486/571
f 2843/2964/572 2662/3492/572 2029/3484/572 2031/2810/572
f 2864/2962/573 2829/3493/573 2028/3482/573 2034/2906/573
f 1953/3415/574 1733/3494/574 2823/3495/574 2858/3416/574
f 2858/3416/575 2823/3495/575 2824/3496/575 2859/3418/575
f 2859/3418/576 2824/3496/576 2825/3497/576 2860/3420/576
f 2860/3420/577 2825/3497/577 2826/3498/577 2861/3422/577
f 2861/3422/578 2826/3498/578 2827/3499/578 2862/3424/578
f 2862/3424/579 2827/3499/579 2828/3500/579 2863/3426/579
f 2863/3426/580 2828/3500/580 2829/3493/580 2864/2962/580
f 1846/3401/581 1737/3501/581 2668/3502/581 2837/3402/581
f 2837/3402/582 2668/3502/582 2667/3503/582 2838/3404/582
f 2838/3404/583 2667/3503/583 2666/3504/583 2839/3406/583
f 2839/3406/584 2666/3504/584 2665/3505/584 2840/3408/584
f 2840/3408/585 2665/3505/585 2664/3506/585 2841/3410/585
f 2841/3410/586 2664/3506/586 2663/3507/586 2842/3412/586
f 2842/3412/587 2663/3507/587 2662/3492/587 2843/2964/587
f 1732/3508/588 1843/3414/588 2844/3417/588 2661/3509/588
f 2661/3509/589 2844/3417/589 2845/3419/589 2660/3510/589
f 2660/3510/590 2845/3419/590 2846/3421/590 2659/3511/590
f 2659/3511/591 2846/3421/591 2847/3423/591 2658/3512/591
f 2658/3512/592 2847/3423/592 2848/3425/592 2657/3513/592
f 2657/3513/593 2848/3425/593 2849/3427/593 2656/3514/593
f 2656/3514/594 2849/3427/594 2850/2961/594 2655/3491/594
f 1738/3515/595 1890/3400/595 2851/3403/595 2830/3516/595
f 2830/3516/596 2851/3403/596 2852/3405/596 2831/3517/596
f 2831/3517/597 2852/3405/597 2853/3407/597 2832/3518/597
f 2832/3518/598 2853/3407/598 2854/3409/598 2833/3519/598
f 2833/3519/599 2854/3409/599 2855/3411/599 2834/3520/599
f 2834/3520/600 2855/3411/600 2856/3413/600 2835/3521/600
f 2835/3521/601 2856/3413/601 2857/2963/601 2836/3490/601
o Sail_2_Cube.003
v -0.670058 4.360150 -9.829719
v -0.399260 46.528145 -9.695211
v 0.332821 4.360150 -10.166956
v 0.198314 46.528145 -9.896157
v -0.332821 4.360150 -8.826839
v -0.198314 46.528145 -9.097638
v 0.670058 4.360150 -9.164077
v 0.399259 46.528145 -9.298584
v -0.599870 12.272072 -9.794856
v 0.297958 12.272070 -10.096768
v 0.599870 12.272070 -9.198939
v -0.297958 12.272070 -8.897027
v -0.594708 13.153585 -9.792292
v 0.295394 13.153585 -10.091606
v 0.594708 13.153585 -9.201504
v -0.295394 13.153585 -8.902189
v 4.369659 12.981827 2.785206
v 4.372156 12.555519 2.786447
v 3.939198 12.981827 2.929956
v 3.937958 12.555519 2.932454
v -3.939434 12.956516 -21.936279
v -3.938174 12.523130 -21.938818
v -4.379580 12.523131 -21.790386
v -4.377042 12.956516 -21.789127
v -0.492522 30.602823 -9.741535
v 0.244638 30.602825 -9.989419
v 0.492521 30.602825 -9.252260
v -0.244638 30.602825 -9.004376
v -0.486363 31.654493 -9.738476
v 0.241578 31.654495 -9.983260
v 0.486363 31.654495 -9.255319
v -0.241579 31.654495 -9.010535
v -3.550898 31.312180 -20.358383
v -3.550132 31.048737 -20.359926
v -3.734789 31.048737 -20.297832
v -3.733246 31.312180 -20.297066
v 3.746154 31.354517 1.242375
v 3.748204 31.004410 1.243394
v 3.503819 31.354517 1.323865
v 3.502800 31.004410 1.325915
v 3.973852 31.234819 1.209623
v -3.358634 31.512424 -20.591595
v 3.947540 13.060043 3.170783
v -3.924673 13.060043 -22.013538
v 6.672298 22.153078 2.266099
v 3.526090 30.664867 -10.682612
v -1.906414 22.153078 -22.938667
v 3.568324 13.060043 -10.696815
v 4.709878 21.990723 -11.080684
v 5.749292 26.698299 1.967099
v 0.594126 30.920338 -16.398422
v -2.934208 17.606560 -22.843206
v 4.581378 13.060043 -3.870346
v 5.817562 17.606560 2.879522
v 4.617496 30.911745 -4.493092
v -2.457714 26.699305 -22.290230
v 0.150082 13.060043 -16.714493
v 4.334007 17.605103 -10.954290
v 4.285096 26.265373 -10.937843
v 5.965850 22.095079 -4.410320
v 1.493499 22.095261 -17.106548
v 1.210375 26.465803 -16.762978
v 5.428804 26.461277 -4.555097
v 5.388333 17.606560 -4.141700
v 0.875775 17.606560 -16.958521
v 4.746074 28.964355 2.052503
v -1.819629 31.117737 -18.812944
v -3.719265 15.333302 -22.580479
v 4.302889 13.060043 -0.193134
v 6.488663 19.879820 2.551420
v 4.292668 30.743826 -7.540534
v -1.855075 24.426336 -22.734627
v 2.063111 13.060043 -13.774221
v 3.958774 15.333302 -10.828111
v 4.582145 24.127954 -11.037731
v 6.101285 22.150534 -1.041088
v 3.336177 22.022213 -14.202314
v 6.549144 24.426336 2.017153
v 2.213131 30.745712 -13.684584
v -2.216901 19.879820 -23.005470
v 4.305112 13.060043 -7.361010
v 5.010692 15.333302 3.152417
v 4.112650 31.104910 -1.209791
v -3.299634 28.968168 -21.816442
v -2.274000 13.060043 -19.482914
v 4.610654 19.825453 -11.047318
v 3.904051 28.433683 -10.809710
v 5.624605 22.022921 -7.804714
v -0.418851 22.150951 -19.918007
v 1.467432 24.283386 -16.983400
v 0.880111 28.670731 -16.542269
v 2.906504 26.325373 -13.994040
v -0.794812 26.618656 -19.392424
v 5.825585 24.281744 -4.511738
v 4.975183 28.663307 -4.548732
v 5.377632 26.611179 -1.322695
v 5.104273 26.325201 -7.711668
v 4.935970 15.333302 -3.989584
v 5.797977 19.874088 -4.281047
v 5.376831 17.606560 -0.554268
v 5.132056 17.606556 -7.639086
v 0.457944 15.333302 -16.818018
v 1.272400 19.874084 -17.090214
v 2.842571 17.606554 -14.036330
v -1.274299 17.606560 -19.819082
v -0.679896 19.879820 -19.970415
v 3.187334 19.842016 -14.152264
v 2.428118 15.333302 -13.896962
v 5.483421 19.842340 -7.757238
v 5.948356 19.879820 -0.808012
v 4.654130 15.333302 -0.311246
v 4.673892 28.505205 -7.634366
v 4.518576 28.844252 -1.260442
v 6.015363 24.389847 -1.260138
v -1.491223 28.855824 -18.987747
v 2.544906 28.506519 -13.821571
v 3.203894 24.174120 -14.142756
v -0.343055 24.392874 -19.753971
v 5.462977 24.174786 -7.768868
v 4.698239 15.333302 -7.493206
v -1.964334 15.333302 -19.587044
v -2.374180 44.359051 -17.239670
v 2.786563 44.554531 -1.855768
v -2.554088 31.531706 -18.556446
v 3.754965 31.553699 -1.044009
v -0.975026 38.048401 -19.095596
v 2.460767 44.088528 -10.369810
v 4.946277 38.044601 -1.270749
v 3.139663 31.689674 -10.598102
v 3.614454 38.027164 -10.757759
v -1.533225 41.219658 -18.478001
v 3.240551 44.231232 -5.904227
v 4.496506 34.803017 -0.943032
v 0.800588 31.642384 -14.867657
v -1.548296 34.806774 -19.132805
v 0.427848 44.225918 -14.311562
v 4.193090 41.218521 -1.344139
v 3.784561 31.638245 -5.758848
v 3.511408 34.922573 -10.723108
v 3.157623 41.020733 -10.604141
v 1.474335 38.064274 -15.041716
v 4.372261 38.056919 -5.998585
v 3.905892 41.120766 -6.016971
v 1.073634 41.121761 -14.677441
v 1.201350 34.878002 -15.002420
v 4.128083 34.870533 -5.874364
v -2.216123 42.777786 -18.070623
v 2.907173 44.311211 -3.516177
v 4.027884 33.169552 -0.784557
v -0.921904 31.586517 -16.816492
v -1.115777 36.436836 -19.205986
v 1.549740 44.133438 -12.461918
v 4.804358 39.645206 -1.379147
v 3.605742 31.672329 -8.226773
v 3.330868 33.306946 -10.662398
v 3.445675 39.527363 -10.701004
v 0.113252 38.066559 -16.993008
v 4.172007 38.037399 -8.417191
v -1.021924 39.648193 -18.874989
v 2.999620 44.134274 -8.121778
v 4.884319 36.432724 -1.129135
v 2.132318 31.675474 -12.787419
v -2.033489 33.172386 -18.970755
v -1.261013 44.302650 -15.940121
v 3.435180 42.779762 -1.223793
v 3.603401 31.583187 -3.169873
v 3.624403 36.497917 -10.761105
v 2.809268 42.532421 -10.487000
v 2.731258 38.042961 -12.988825
v 4.494543 38.060493 -3.602682
v 4.224497 39.595722 -6.029590
v 3.545252 42.658962 -5.973053
v 3.683510 41.050060 -8.297925
v 3.894970 41.187107 -3.682655
v 1.358191 39.600620 -14.897840
v 0.735173 42.656036 -14.460506
v -0.337369 41.185379 -16.471149
v 2.240999 41.053078 -12.766171
v 0.966534 33.258183 -14.923459
v 1.406966 36.492046 -15.070436
v -0.333081 34.833096 -17.014496
v 2.547161 34.911915 -12.926918
v 3.917593 33.252136 -5.803583
v 4.323133 36.484005 -5.941139
v 3.987137 34.906822 -8.355024
v 4.139931 34.826721 -3.350292
v 4.454121 36.451763 -3.490191
v 4.147554 36.495598 -8.408968
v 3.779025 33.288559 -8.285044
v 2.712216 36.501194 -12.982422
v 0.011890 36.458565 -17.087070
v -0.758318 33.202183 -16.871500
v 1.886178 42.571812 -12.599292
v -0.928292 42.725872 -16.112568
v 0.075763 39.643448 -16.805489
v 3.249320 42.732231 -3.585819
v 3.326711 42.570961 -8.213835
v 3.993059 39.547558 -8.367652
v 4.384542 39.640430 -3.699393
v 2.545946 39.552292 -12.913455
v 2.325408 33.292858 -12.852350
v 3.737704 33.197155 -3.215035
v -0.417659 43.386219 -9.704351
v 0.207453 43.386219 -9.914557
v 0.417659 43.386219 -9.289444
v -0.207453 43.386219 -9.079238
v -0.413305 44.129852 -9.702188
v 0.205290 44.129852 -9.910202
v 0.413304 44.129852 -9.291608
v -0.205290 44.129852 -9.083593
v 2.814900 44.003136 -1.699452
v 2.817340 43.586555 -1.698240
v 2.468364 44.003136 -1.582922
v 2.467153 43.586555 -1.580483
v -2.377342 44.019150 -17.187361
v -2.376031 43.568306 -17.190001
v -2.755019 43.568306 -17.062559
v -2.752379 44.019150 -17.061249
vt 0.960938 0.480469
vt 0.960938 0.480469
vt 0.960938 0.480469
vt 0.960938 0.480469
vt 0.960938 0.480469
vt 0.960937 0.480469
vt 0.960938 0.480469
vt 0.960938 0.480469
vt 0.960938 0.480469
vt 0.960938 0.480469
vt 0.960938 0.480469
vt 0.960938 0.480469
vt 0.960937 0.480469
vt 0.960938 0.480469
vt 0.960938 0.480469
vt 0.960937 0.480469
vt 0.960937 0.480469
vt 0.960938 0.480469
vt 0.960938 0.480469
vt 0.960938 0.480469
vt 0.960938 0.480469
vt 0.960937 0.480469
vt 0.960937 0.480469
vt 0.960937 0.480469
vt 0.960937 0.480469
vt 0.960937 0.480469
vt 0.960938 0.480469
vt 0.960938 0.480469
vt 0.960938 0.480469
vt 0.960937 0.480469
vt 0.960937 0.480469
vt 0.960938 0.480469
vt 0.960938 0.480469
vt 0.960937 0.480469
vt 0.960937 0.480469
vt 0.960937 0.480469
vt 0.960937 0.480469
vt 0.960938 0.480469
vt 0.960938 0.480469
vt 0.960937 0.480469
vt 0.960937 0.480469
vt 0.960938 0.480469
vt 0.960938 0.480469
vt 0.960938 0.480469
vt 0.472656 0.738281
vt 0.472656 0.738281
vt 0.472656 0.738281
vt 0.472656 0.738281
vt 0.472656 0.738281
vt 0.472656 0.738281
vt 0.472656 0.738281
vt 0.472656 0.738281
vt 0.472656 0.738281
vt 0.472656 0.738281
vt 0.472656 0.738281
vt 0.472656 0.738281
vt 0.472656 0.738281
vt 0.472656 0.738281
vt 0.472656 0.738281
vt 0.472656 0.738281
vt 0.472656 0.738281
vt 0.472656 0.738281
vt 0.472656 0.738281
vt 0.472656 0.738281
vt 0.472656 0.738281
vt 0.472656 0.738281
vt 0.472656 0.738281
vt 0.472656 0.738281
vt 0.472656 0.738281
vt 0.472656 0.738281
vt 0.472656 0.738281
vt 0.472656 0.738281
vt 0.472656 0.738281
vt 0.472656 0.738281
vt 0.472656 0.738281
vt 0.472656 0.738281
vt 0.472656 0.738281
vt 0.472656 0.738281
vt 0.472656 0.738281
vt 0.472656 0.738281
vt 0.472656 0.738281
vt 0.472656 0.738281
vt 0.472656 0.738281
vt 0.472656 0.738281
vt 0.472656 0.738281
vt 0.472656 0.738281
vt 0.472656 0.738281
vt 0.472656 0.738281
vt 0.472656 0.738281
vt 0.472656 0.738281
vt 0.472656 0.738281
vt 0.472656 0.738281
vt 0.472656 0.738281
vt 0.472656 0.738281
vt 0.472656 0.738281
vt 0.472656 0.738281
vt 0.472656 0.738281
vt 0.472656 0.738281
vt 0.472656 0.738281
vt 0.472656 0.738281
vt 0.472656 0.738281
vt 0.472656 0.738281
vt 0.472656 0.738281
vt 0.472656 0.738281
vt 0.472656 0.738281
vt 0.472656 0.738281
vt 0.472656 0.738281
vt 0.472656 0.738281
vt 0.472656 0.738281
vt 0.472656 0.738281
vt 0.472656 0.738281
vt 0.472656 0.738281
vt 0.472656 0.738281
vt 0.472656 0.738281
vt 0.472656 0.738281
vt 0.472656 0.738281
vt 0.472656 0.738281
vt 0.472656 0.738281
vt 0.472656 0.738281
vt 0.472656 0.738281
vt 0.472656 0.738281
vt 0.472656 0.738281
vt 0.472656 0.738281
vt 0.472656 0.738281
vt 0.472656 0.738281
vt 0.472656 0.738281
vt 0.472656 0.738281
vt 0.472656 0.738281
vt 0.472656 0.738281
vt 0.472656 0.738281
vt 0.472656 0.738281
vt 0.472656 0.738281
vt 0.472656 0.738281
vt 0.472656 0.738281
vt 0.472656 0.738281
vt 0.472656 0.738281
vt 0.472656 0.738281
vt 0.472656 0.738281
vt 0.472656 0.738281
vt 0.472656 0.738281
vt 0.472656 0.738281
vt 0.472656 0.738281
vt 0.472656 0.738281
vt 0.472656 0.738281
vt 0.472656 0.738281
vt 0.472656 0.738281
vt 0.472656 0.738281
vt 0.472656 0.738281
vt 0.472656 0.738281
vt 0.472656 0.738281
vt 0.472656 0.738281
vt 0.472656 0.738281
vt 0.472656 0.738281
vt 0.472656 0.738281
vt 0.472656 0.738281
vt 0.472656 0.738281
vt 0.472656 0.738281
vt 0.472656 0.738281
vt 0.472656 0.738281
vt 0.472656 0.738281
vt 0.472656 0.738281
vt 0.472656 0.738281
vt 0.472656 0.738281
vt 0.472656 0.738281
vt 0.472656 0.738281
vt 0.472656 0.738281
vt 0.472656 0.738281
vt 0.472656 0.738281
vt 0.472656 0.738281
vt 0.472656 0.738281
vt 0.472656 0.738281
vt 0.472656 0.738281
vt 0.472656 0.738281
vt 0.472656 0.738281
vt 0.472656 0.738281
vt 0.472656 0.738281
vt 0.472656 0.738281
vt 0.472656 0.738281
vt 0.472656 0.738281
vt 0.472656 0.738281
vt 0.472656 0.738281
vt 0.472656 0.738281
vt 0.472656 0.738281
vt 0.472656 0.738281
vt 0.472656 0.738281
vt 0.472656 0.738281
vt 0.472656 0.738281
vt 0.472656 0.738281
vt 0.472656 0.738281
vt 0.472656 0.738281
vt 0.472656 0.738281
vt 0.472656 0.738281
vt 0.472656 0.738281
vt 0.472656 0.738281
vt 0.472656 0.738281
vt 0.472656 0.738281
vt 0.472656 0.738281
vt 0.472656 0.738281
vt 0.472656 0.738281
vt 0.472656 0.738281
vt 0.472656 0.738281
vt 0.472656 0.738281
vt 0.472656 0.738281
vt 0.472656 0.738281
vt 0.472656 0.738281
vt 0.472656 0.738281
vt 0.960937 0.480469
vt 0.960937 0.480469
vt 0.960937 0.480469
vt 0.960937 0.480469
vt 0.960937 0.480469
vt 0.960937 0.480469
vt 0.960937 0.480469
vt 0.960938 0.480469
vt 0.960938 0.480469
vt 0.960937 0.480469
vt 0.960937 0.480469
vt 0.960938 0.480469
vn -0.3187 0.0046 -0.9478
vn 0.9478 0.0046 -0.3187
vn 0.3187 0.0046 0.9478
vn -0.9478 0.0046 0.3187
vn 0.0000 -1.0000 0.0000
vn 0.0000 1.0000 0.0000
vn -0.9478 0.0070 0.3187
vn 0.3187 0.0070 0.9478
vn 0.9478 0.0070 -0.3187
vn -0.3187 0.0070 -0.9478
vn 0.9538 0.0047 -0.3003
vn 0.9416 0.0047 -0.3367
vn 0.0044 0.9999 0.0130
vn 0.0072 -0.9997 0.0214
vn -0.9415 0.0047 0.3370
vn -0.9537 0.0047 0.3006
vn -0.0050 0.9999 -0.0149
vn -0.0064 -0.9998 -0.0189
vn 0.9550 0.0047 -0.2964
vn -0.0099 0.9995 -0.0294
vn -0.0129 -0.9992 -0.0383
vn 0.9392 0.0047 -0.3435
vn -0.9559 0.0047 0.2938
vn 0.0087 0.9996 0.0259
vn 0.0116 -0.9993 0.0346
vn -0.9401 0.0047 0.3409
vn -0.8386 0.1713 0.5170
vn -0.9608 0.1779 0.2126
vn -0.9618 -0.0698 0.2647
vn -0.8945 -0.0113 0.4470
vn -0.8483 -0.0531 0.5268
vn -0.8435 -0.1785 0.5065
vn -0.8013 -0.3658 0.4734
vn -0.9976 -0.0473 0.0502
vn -0.9574 -0.2824 -0.0602
vn -0.9521 -0.1890 0.2402
vn -0.9860 0.1491 -0.0751
vn -0.9769 0.2127 0.0190
vn -0.9591 0.1466 0.2422
vn -0.8243 0.1492 0.5461
vn -0.8218 0.1653 0.5453
vn -0.8500 0.2762 0.4485
vn -0.7955 0.2091 0.5687
vn -0.8240 0.0839 0.5604
vn -0.8901 0.1003 0.4446
vn -0.8950 0.1446 0.4220
vn -0.9104 0.0598 0.4094
vn -0.8378 0.0786 0.5403
vn -0.8834 0.1712 0.4363
vn -0.8830 0.1788 0.4339
vn -0.8153 0.1831 0.5493
vn -0.9821 0.1705 0.0796
vn -0.9929 0.0735 0.0937
vn -0.9634 0.0582 0.2618
vn -0.9509 0.2775 0.1373
vn -0.9823 0.0914 0.1637
vn -0.9964 0.0745 0.0410
vn -0.9549 0.2971 0.0002
vn -0.9384 0.3280 0.1085
vn -0.9683 0.2469 -0.0391
vn -0.9742 -0.1986 0.1070
vn -0.9803 -0.1651 0.1088
vn -0.9559 -0.1741 0.2366
vn -0.9187 -0.3834 0.0954
vn -0.9686 -0.2473 0.0258
vn -0.9776 -0.1624 -0.1338
vn -0.9858 -0.0285 0.1656
vn -0.9446 -0.2988 0.1359
vn -0.9732 -0.2280 0.0299
vn -0.7400 -0.2585 0.6210
vn -0.7107 -0.1454 0.6883
vn -0.7997 -0.2264 0.5561
vn -0.8979 -0.1810 0.4012
vn -0.9026 -0.1667 0.3968
vn -0.8505 -0.1486 0.5046
vn -0.9130 -0.0650 0.4027
vn -0.9036 -0.1485 0.4018
vn -0.8461 -0.1518 0.5110
vn -0.8320 -0.0266 0.5541
vn -0.8043 -0.2031 0.5585
vn -0.8471 -0.2795 0.4521
vn -0.9920 -0.0674 0.1068
vn -0.9789 -0.1712 0.1114
vn -0.9550 -0.1553 0.2525
vn -0.9835 0.1657 0.0723
vn -0.9783 0.1952 0.0690
vn -0.9577 0.1837 0.2214
vn -0.7460 0.1311 0.6529
vn -0.7547 0.2341 0.6129
vn -0.8245 0.3184 0.4679
vn 0.9882 -0.1181 -0.0973
vn 0.9019 -0.1237 -0.4138
vn 0.9212 0.1246 -0.3685
vn 0.9808 0.0658 -0.1836
vn 0.9901 0.1066 -0.0914
vn 0.9675 0.2312 -0.1025
vn 0.9041 0.4155 -0.1001
vn 0.8214 0.1003 -0.5615
vn 0.7104 0.3310 -0.6211
vn 0.8925 0.2427 -0.3801
vn 0.7467 -0.0987 -0.6578
vn 0.7997 -0.1610 -0.5784
vn 0.9168 -0.0920 -0.3886
vn 0.9932 -0.0963 -0.0651
vn 0.9916 -0.1125 -0.0645
vn 0.9614 -0.2234 -0.1606
vn 0.9871 -0.1572 -0.0307
vn 0.9982 -0.0309 -0.0523
vn 0.9817 -0.0458 -0.1848
vn 0.9743 -0.0902 -0.2065
vn 0.9745 -0.0050 -0.2244
vn 0.9967 -0.0252 -0.0766
vn 0.9751 -0.1171 -0.1886
vn 0.9737 -0.1247 -0.1905
vn 0.9898 -0.1305 -0.0577
vn 0.8382 -0.1175 -0.5325
vn 0.8502 -0.0198 -0.5261
vn 0.9274 -0.0031 -0.3740
vn 0.8538 -0.2249 -0.4695
vn 0.8850 -0.0371 -0.4642
vn 0.8212 -0.0216 -0.5702
vn 0.7752 -0.2467 -0.5816
vn 0.8291 -0.2766 -0.4859
vn 0.7595 -0.1966 -0.6201
vn 0.8292 0.2511 -0.4994
vn 0.8368 0.2180 -0.5022
vn 0.8941 0.2279 -0.3855
vn 0.7683 0.4325 -0.4719
vn 0.7731 0.2980 -0.5599
vn 0.6884 0.2109 -0.6940
vn 0.8826 0.0829 -0.4627
vn 0.8178 0.3501 -0.4568
vn 0.7802 0.2791 -0.5598
vn 0.9500 0.3077 0.0526
vn 0.9733 0.1944 0.1220
vn 0.9600 0.2776 -0.0356
vn 0.9470 0.2348 -0.2192
vn 0.9489 0.2206 -0.2258
vn 0.9734 0.2017 -0.1087
vn 0.9660 0.1197 -0.2291
vn 0.9536 0.2026 -0.2228
vn 0.9736 0.2047 -0.1009
vn 0.9950 0.0798 -0.0603
vn 0.9663 0.2546 -0.0370
vn 0.9321 0.3313 -0.1462
vn 0.8500 0.1210 -0.5126
vn 0.8370 0.2240 -0.4993
vn 0.9040 0.2094 -0.3726
vn 0.8346 -0.1128 -0.5391
vn 0.8301 -0.1426 -0.5391
vn 0.9051 -0.1295 -0.4050
vn 0.9945 -0.0805 0.0676
vn 0.9826 -0.1835 0.0287
vn 0.9549 -0.2666 -0.1305
vn 0.9534 0.0047 -0.3015
vn 0.9424 0.0047 -0.3345
vn 0.0051 0.9999 0.0151
vn 0.0080 -0.9997 0.0239
vn -0.9419 0.0047 0.3358
vn -0.9530 0.0047 0.3028
vn -0.0046 0.9999 -0.0136
vn -0.0075 -0.9997 -0.0224
usemtl Material.001
s off
f 3127/3522/602 2922/3523/602 2924/3524/602 3128/3525/602
f 3128/3525/603 2924/3524/603 2928/3526/603 3129/3527/603
f 3129/3527/604 2928/3526/604 2926/3528/604 3130/3529/604
f 3130/3529/605 2926/3528/605 2922/3523/605 3127/3522/605
f 2923/3530/606 2927/3531/606 2925/3532/606 2921/3533/606
f 2928/3526/607 2924/3524/607 2922/3523/607 2926/3528/607
f 2925/3532/608 2932/3534/608 2929/3535/608 2921/3533/608
f 2927/3531/609 2931/3536/609 2932/3534/609 2925/3532/609
f 2923/3530/610 2930/3537/610 2931/3536/610 2927/3531/610
f 2921/3533/611 2929/3535/611 2930/3537/611 2923/3530/611
f 2932/3534/605 2936/3538/605 2933/3539/605 2929/3535/605
f 2931/3536/612 2935/3540/612 2937/3541/612 2938/3542/612
f 2930/3537/603 2934/3543/603 2935/3540/603 2931/3536/603
f 2934/3543/613 2930/3537/613 2942/3544/613 2941/3545/613
f 2938/3542/604 2937/3541/604 2939/3546/604 2940/3547/604
f 2935/3540/614 2936/3538/614 2939/3546/614 2937/3541/614
f 2932/3534/615 2931/3536/615 2938/3542/615 2940/3547/615
f 2936/3538/616 2932/3534/616 2940/3547/616 2939/3546/616
f 2943/3548/602 2944/3549/602 2941/3545/602 2942/3544/602
f 2929/3535/617 2933/3539/617 2944/3549/617 2943/3548/617
f 2933/3539/618 2934/3543/618 2941/3545/618 2944/3549/618
f 2930/3537/619 2929/3535/619 2943/3548/619 2942/3544/619
f 2936/3538/605 2948/3550/605 2945/3551/605 2933/3539/605
f 2935/3540/604 2947/3552/604 2948/3550/604 2936/3538/604
f 2934/3543/603 2946/3553/603 2947/3552/603 2935/3540/603
f 2933/3539/602 2945/3551/602 2946/3553/602 2934/3543/602
f 2948/3550/605 2952/3554/605 2949/3555/605 2945/3551/605
f 2947/3552/620 2951/3556/620 2957/3557/620 2958/3558/620
f 2946/3553/603 2950/3559/603 2951/3556/603 2947/3552/603
f 2949/3555/621 2950/3559/621 2953/3560/621 2956/3561/621
f 2955/3562/602 2956/3561/602 2953/3560/602 2954/3563/602
f 2946/3553/622 2945/3551/622 2955/3562/622 2954/3563/622
f 2950/3559/623 2946/3553/623 2954/3563/623 2953/3560/623
f 2945/3551/624 2949/3555/624 2956/3561/624 2955/3562/624
f 2958/3558/604 2957/3557/604 2959/3564/604 2960/3565/604
f 2951/3556/625 2952/3554/625 2959/3564/625 2957/3557/625
f 2948/3550/626 2947/3552/626 2958/3558/626 2960/3565/626
f 2952/3554/627 2948/3550/627 2960/3565/627 2959/3564/627
f 3041/3566/628 2988/3567/628 2964/3568/628 3005/3569/628
f 3040/3570/629 2994/3571/629 2968/3572/629 3001/3573/629
f 3039/3574/630 2995/3575/630 2969/3576/630 3008/3577/630
f 3038/3578/631 2992/3579/631 2967/3580/631 3009/3581/631
f 3037/3582/632 3010/3583/632 2981/3584/632 2997/3585/632
f 3036/3586/633 3011/3587/633 2982/3588/633 3012/3589/633
f 3035/3590/634 3004/3591/634 2976/3592/634 3013/3593/634
f 3034/3594/635 3014/3595/635 2980/3596/635 2996/3597/635
f 3033/3598/636 3015/3599/636 2983/3600/636 3016/3601/636
f 3032/3602/637 3007/3603/637 2979/3604/637 3017/3605/637
f 3031/3606/638 3018/3607/638 2973/3608/638 2989/3609/638
f 3030/3610/639 3019/3611/639 2984/3612/639 3020/3613/639
f 3029/3614/640 3006/3615/640 2978/3616/640 3021/3617/640
f 3028/3618/641 3022/3619/641 2977/3620/641 2993/3621/641
f 3027/3622/642 3023/3623/642 2985/3624/642 3024/3625/642
f 3026/3626/643 3000/3627/643 2972/3628/643 3025/3629/643
f 3023/3623/644 3026/3626/644 3025/3629/644 2985/3624/644
f 2981/3584/645 3009/3581/645 3026/3626/645 3023/3623/645
f 3009/3581/646 2967/3580/646 3000/3627/646 3026/3626/646
f 3006/3615/647 3027/3622/647 3024/3625/647 2978/3616/647
f 2969/3576/648 2997/3585/648 3027/3622/648 3006/3615/648
f 2997/3585/649 2981/3584/649 3023/3623/649 3027/3622/649
f 2994/3571/650 3028/3618/650 2993/3621/650 2968/3572/650
f 2978/3616/651 3024/3625/651 3028/3618/651 2994/3571/651
f 3024/3625/652 2985/3624/652 3022/3619/652 3028/3618/652
f 3019/3611/653 3029/3614/653 3021/3617/653 2984/3612/653
f 2980/3596/654 3008/3577/654 3029/3614/654 3019/3611/654
f 3008/3577/655 2969/3576/655 3006/3615/655 3029/3614/655
f 2990/3630/656 3030/3610/656 3020/3613/656 2974/3631/656
f 2965/3632/657 2996/3597/657 3030/3610/657 2990/3630/657
f 2996/3597/658 2980/3596/658 3019/3611/658 3030/3610/658
f 3002/3633/659 3031/3606/659 2989/3609/659 2963/3634/659
f 2974/3631/660 3020/3613/660 3031/3606/660 3002/3633/660
f 3020/3613/661 2984/3612/661 3018/3607/661 3031/3606/661
f 3015/3599/662 3032/3602/662 3017/3605/662 2983/3600/662
f 2975/3635/663 2991/3636/663 3032/3602/663 3015/3599/663
f 2991/3636/664 2966/3637/664 3007/3603/664 3032/3602/664
f 2986/3638/665 3033/3598/665 3016/3601/665 2970/3639/665
f 2961/3640/666 3003/3641/666 3033/3598/666 2986/3638/666
f 3003/3641/667 2975/3635/667 3015/3599/667 3033/3598/667
f 2998/3642/668 3034/3594/668 2996/3597/668 2965/3632/668
f 2970/3639/669 3016/3601/669 3034/3594/669 2998/3642/669
f 3016/3601/670 2983/3600/670 3014/3595/670 3034/3594/670
f 3011/3587/671 3035/3590/671 3013/3593/671 2982/3588/671
f 2971/3643/672 2987/3644/672 3035/3590/672 3011/3587/672
f 2987/3644/673 2962/3645/673 3004/3591/673 3035/3590/673
f 3007/3603/674 3036/3586/674 3012/3589/674 2979/3604/674
f 2966/3637/675 2999/3646/675 3036/3586/675 3007/3603/675
f 2999/3646/676 2971/3643/676 3011/3587/676 3036/3586/676
f 2995/3575/677 3037/3582/677 2997/3585/677 2969/3576/677
f 2979/3604/678 3012/3589/678 3037/3582/678 2995/3575/678
f 3012/3589/679 2982/3588/679 3010/3583/679 3037/3582/679
f 3010/3583/680 3038/3578/680 3009/3581/680 2981/3584/680
f 2982/3588/681 3013/3593/681 3038/3578/681 3010/3583/681
f 3013/3593/682 2976/3592/682 2992/3579/682 3038/3578/682
f 3014/3595/683 3039/3574/683 3008/3577/683 2980/3596/683
f 2983/3600/684 3017/3605/684 3039/3574/684 3014/3595/684
f 3017/3605/685 2979/3604/685 2995/3575/685 3039/3574/685
f 3018/3607/686 3040/3570/686 3001/3573/686 2973/3608/686
f 2984/3612/687 3021/3617/687 3040/3570/687 3018/3607/687
f 3021/3617/688 2978/3616/688 2994/3571/688 3040/3570/688
f 3022/3619/689 3041/3566/689 3005/3569/689 2977/3620/689
f 2985/3624/690 3025/3629/690 3041/3566/690 3022/3619/690
f 3025/3629/691 2972/3628/691 2988/3567/691 3041/3566/691
f 3122/3647/692 3069/3648/692 3045/3649/692 3086/3650/692
f 3121/3651/693 3075/3652/693 3049/3653/693 3082/3654/693
f 3120/3655/694 3076/3656/694 3050/3657/694 3089/3658/694
f 3119/3659/695 3073/3660/695 3048/3661/695 3090/3662/695
f 3118/3663/696 3091/3664/696 3062/3665/696 3078/3666/696
f 3117/3667/697 3092/3668/697 3063/3669/697 3093/3670/697
f 3116/3671/698 3085/3672/698 3057/3673/698 3094/3674/698
f 3115/3675/699 3095/3676/699 3061/3677/699 3077/3678/699
f 3114/3679/700 3096/3680/700 3064/3681/700 3097/3682/700
f 3113/3683/701 3088/3684/701 3060/3685/701 3098/3686/701
f 3112/3687/702 3099/3688/702 3054/3689/702 3070/3690/702
f 3111/3691/703 3100/3692/703 3065/3693/703 3101/3694/703
f 3110/3695/704 3087/3696/704 3059/3697/704 3102/3698/704
f 3109/3699/705 3103/3700/705 3058/3701/705 3074/3702/705
f 3108/3703/706 3104/3704/706 3066/3705/706 3105/3706/706
f 3107/3707/707 3081/3708/707 3053/3709/707 3106/3710/707
f 3104/3704/708 3107/3707/708 3106/3710/708 3066/3705/708
f 3062/3665/709 3090/3662/709 3107/3707/709 3104/3704/709
f 3090/3662/710 3048/3661/710 3081/3708/710 3107/3707/710
f 3087/3696/711 3108/3703/711 3105/3706/711 3059/3697/711
f 3050/3657/712 3078/3666/712 3108/3703/712 3087/3696/712
f 3078/3666/713 3062/3665/713 3104/3704/713 3108/3703/713
f 3075/3652/714 3109/3699/714 3074/3702/714 3049/3653/714
f 3059/3697/715 3105/3706/715 3109/3699/715 3075/3652/715
f 3105/3706/716 3066/3705/716 3103/3700/716 3109/3699/716
f 3100/3692/717 3110/3695/717 3102/3698/717 3065/3693/717
f 3061/3677/718 3089/3658/718 3110/3695/718 3100/3692/718
f 3089/3658/719 3050/3657/719 3087/3696/719 3110/3695/719
f 3071/3711/720 3111/3691/720 3101/3694/720 3055/3712/720
f 3046/3713/721 3077/3678/721 3111/3691/721 3071/3711/721
f 3077/3678/722 3061/3677/722 3100/3692/722 3111/3691/722
f 3083/3714/723 3112/3687/723 3070/3690/723 3044/3715/723
f 3055/3712/724 3101/3694/724 3112/3687/724 3083/3714/724
f 3101/3694/725 3065/3693/725 3099/3688/725 3112/3687/725
f 3096/3680/726 3113/3683/726 3098/3686/726 3064/3681/726
f 3056/3716/727 3072/3717/727 3113/3683/727 3096/3680/727
f 3072/3717/728 3047/3718/728 3088/3684/728 3113/3683/728
f 3067/3719/729 3114/3679/729 3097/3682/729 3051/3720/729
f 3042/3721/730 3084/3722/730 3114/3679/730 3067/3719/730
f 3084/3722/731 3056/3716/731 3096/3680/731 3114/3679/731
f 3079/3723/732 3115/3675/732 3077/3678/732 3046/3713/732
f 3051/3720/733 3097/3682/733 3115/3675/733 3079/3723/733
f 3097/3682/734 3064/3681/734 3095/3676/734 3115/3675/734
f 3092/3668/735 3116/3671/735 3094/3674/735 3063/3669/735
f 3052/3724/736 3068/3725/736 3116/3671/736 3092/3668/736
f 3068/3725/737 3043/3726/737 3085/3672/737 3116/3671/737
f 3088/3684/738 3117/3667/738 3093/3670/738 3060/3685/738
f 3047/3718/739 3080/3727/739 3117/3667/739 3088/3684/739
f 3080/3727/740 3052/3724/740 3092/3668/740 3117/3667/740
f 3076/3656/741 3118/3663/741 3078/3666/741 3050/3657/741
f 3060/3685/742 3093/3670/742 3118/3663/742 3076/3656/742
f 3093/3670/743 3063/3669/743 3091/3664/743 3118/3663/743
f 3091/3664/744 3119/3659/744 3090/3662/744 3062/3665/744
f 3063/3669/745 3094/3674/745 3119/3659/745 3091/3664/745
f 3094/3674/746 3057/3673/746 3073/3660/746 3119/3659/746
f 3095/3676/747 3120/3655/747 3089/3658/747 3061/3677/747
f 3064/3681/748 3098/3686/748 3120/3655/748 3095/3676/748
f 3098/3686/749 3060/3685/749 3076/3656/749 3120/3655/749
f 3099/3688/750 3121/3651/750 3082/3654/750 3054/3689/750
f 3065/3693/751 3102/3698/751 3121/3651/751 3099/3688/751
f 3102/3698/752 3059/3697/752 3075/3652/752 3121/3651/752
f 3103/3700/753 3122/3647/753 3086/3650/753 3058/3701/753
f 3066/3705/754 3106/3710/754 3122/3647/754 3103/3700/754
f 3106/3710/755 3053/3709/755 3069/3648/755 3122/3647/755
f 2952/3554/605 3126/3728/605 3123/3729/605 2949/3555/605
f 2951/3556/604 3125/3730/604 3126/3728/604 2952/3554/604
f 2950/3559/603 3124/3731/603 3125/3730/603 2951/3556/603
f 2949/3555/602 3123/3729/602 3124/3731/602 2950/3559/602
f 3126/3728/605 3130/3529/605 3127/3522/605 3123/3729/605
f 3125/3730/756 3129/3527/756 3131/3732/756 3132/3733/756
f 3124/3731/603 3128/3525/603 3129/3527/603 3125/3730/603
f 3128/3525/757 3124/3731/757 3136/3734/757 3135/3735/757
f 3132/3733/604 3131/3732/604 3133/3736/604 3134/3737/604
f 3129/3527/758 3130/3529/758 3133/3736/758 3131/3732/758
f 3126/3728/759 3125/3730/759 3132/3733/759 3134/3737/759
f 3130/3529/760 3126/3728/760 3134/3737/760 3133/3736/760
f 3137/3738/602 3138/3739/602 3135/3735/602 3136/3734/602
f 3123/3729/761 3127/3522/761 3138/3739/761 3137/3738/761
f 3127/3522/762 3128/3525/762 3135/3735/762 3138/3739/762
f 3124/3731/763 3123/3729/763 3137/3738/763 3136/3734/763
o Sail_1_Cube.004
v -0.374794 4.447328 6.881221
v -0.171407 52.429211 6.550986
v -0.608544 4.447328 5.897882
v -0.278310 52.429211 6.101269
v 0.608544 4.447328 6.647471
v 0.278310 52.429211 6.444084
v 0.374794 4.447328 5.664133
v 0.171407 52.429211 5.994367
v -0.324701 16.264956 6.799887
v -0.527210 16.264956 5.947975
v 0.324702 16.264956 5.745467
v 0.527210 16.264956 6.597378
v -0.319571 17.200054 6.791556
v -0.518879 17.200056 5.953106
v 0.319571 17.200056 5.753798
v 0.518879 17.200056 6.592247
v 6.821846 17.096102 34.092422
v 6.825774 16.655273 34.094845
v 6.424163 16.655273 34.190311
v 6.426581 17.096100 34.186382
v 4.343626 32.745308 19.131927
v 0.120064 50.802174 6.801103
v 6.610970 17.032881 34.159424
v 0.118765 17.394777 6.801411
v 5.122003 24.943846 26.730135
v 1.944418 41.773743 13.034840
v 0.521727 33.917526 6.705623
v 3.904098 19.046110 20.352238
v 4.473543 29.490562 16.325256
v 4.984557 28.832451 22.871189
v 1.043243 46.287960 9.915356
v 0.593076 25.483141 6.688663
v 4.986183 17.394777 27.320333
v 5.735369 20.960989 30.475946
v 3.024804 37.259525 16.111723
v 0.377947 42.359852 6.739801
v 2.411622 19.046108 13.481695
v 4.664324 24.565615 18.225716
v 3.054907 35.588524 14.716673
v 5.011174 27.388226 21.476969
v 2.716874 31.660419 11.463325
v 1.536646 38.974190 10.770973
v 4.399899 32.202866 18.703562
v 4.819453 22.732899 24.441257
v 3.185992 25.143988 12.324715
v 4.761980 30.781258 20.978291
v 0.565886 48.545067 8.361977
v 0.338528 21.474539 6.749171
v 5.798133 17.032881 30.739985
v 5.352118 22.942617 28.621241
v 2.391107 39.516636 14.595509
v 0.425198 38.138687 6.728569
v 3.385257 19.423567 16.862911
v 4.354626 22.036701 19.272240
v 3.855942 32.495918 15.499163
v 5.026187 26.192905 24.113157
v 3.737854 30.533087 13.860382
v 5.054230 26.906471 24.800438
v 1.514625 44.030849 11.470154
v 0.650657 29.696367 6.674975
v 4.308470 18.217810 23.868774
v 6.173170 18.996935 32.317688
v 3.723153 35.002419 17.612570
v 0.237934 46.581013 6.773083
v 1.174829 18.217810 10.163034
v 4.728697 26.934189 17.237509
v 2.339437 38.681133 13.913843
v 4.871514 28.477373 18.870411
v 1.581193 32.788975 9.093533
v 2.058972 35.317303 11.133263
v 1.301581 42.631073 10.340398
v 2.252749 37.281357 12.754051
v 0.956771 40.667019 8.755511
v 4.843945 29.701468 20.057364
v 3.747251 34.731194 17.399345
v 4.786106 30.510035 20.765060
v 3.807110 33.895695 16.691170
v 4.779761 20.147154 25.910049
v 4.956691 25.120098 22.949276
v 5.117409 21.702471 27.496635
v 4.783794 23.768518 21.323524
v 2.927263 22.283081 12.872669
v 3.142443 28.129940 11.848615
v 4.163711 25.001226 15.218509
v 1.904866 25.211300 9.503044
v 1.910198 28.849951 9.258551
v 4.133110 27.557457 14.496103
v 3.898783 22.433548 16.011162
v 4.947333 26.129513 20.068520
v 5.006050 23.998669 25.820526
v 5.415058 19.343786 29.128464
v 3.038903 36.706165 15.657651
v 4.344838 32.756226 19.167372
v 5.001448 28.326271 22.416452
v 0.778054 44.606045 8.554769
v 1.780327 40.656105 12.136673
v 3.008883 33.906609 13.303988
v 1.156693 36.727997 8.951214
v 4.481447 31.085226 17.747004
v 4.504331 21.167292 22.606085
v 1.620127 21.843462 9.813955
vt 0.960938 0.472656
vt 0.960938 0.472656
vt 0.960938 0.472656
vt 0.960938 0.472656
vt 0.960938 0.472656
vt 0.960938 0.472656
vt 0.960938 0.472656
vt 0.960938 0.472656
vt 0.960938 0.472656
vt 0.960938 0.472656
vt 0.960938 0.472656
vt 0.960938 0.472656
vt 0.960938 0.472656
vt 0.960938 0.472656
vt 0.960938 0.472656
vt 0.960938 0.472656
vt 0.960938 0.472656
vt 0.960938 0.472656
vt 0.960938 0.472656
vt 0.960938 0.472656
vt 0.480469 0.726562
vt 0.480469 0.726562
vt 0.480469 0.726562
vt 0.480469 0.726562
vt 0.480469 0.726562
vt 0.480469 0.726562
vt 0.480469 0.726562
vt 0.480469 0.726562
vt 0.480469 0.726562
vt 0.480469 0.726562
vt 0.480469 0.726562
vt 0.480469 0.726562
vt 0.480469 0.726562
vt 0.480469 0.726562
vt 0.480469 0.726562
vt 0.480469 0.726562
vt 0.480469 0.726562
vt 0.480469 0.726562
vt 0.480469 0.726562
vt 0.480469 0.726562
vt 0.480469 0.726562
vt 0.480469 0.726562
vt 0.480469 0.726562
vt 0.480469 0.726562
vt 0.480469 0.726562
vt 0.480469 0.726562
vt 0.480469 0.726562
vt 0.480469 0.726562
vt 0.480469 0.726562
vt 0.480469 0.726562
vt 0.480469 0.726562
vt 0.480469 0.726562
vt 0.480469 0.726562
vt 0.480469 0.726562
vt 0.480469 0.726562
vt 0.480469 0.726562
vt 0.480469 0.726562
vt 0.480469 0.726562
vt 0.480469 0.726562
vt 0.480469 0.726562
vt 0.480469 0.726562
vt 0.480469 0.726562
vt 0.480469 0.726562
vt 0.480469 0.726562
vt 0.480469 0.726562
vt 0.480469 0.726562
vt 0.480469 0.726562
vt 0.480469 0.726562
vt 0.480469 0.726562
vt 0.480469 0.726562
vt 0.480469 0.726562
vt 0.480469 0.726562
vt 0.480469 0.726562
vt 0.480469 0.726562
vt 0.480469 0.726562
vt 0.480469 0.726562
vt 0.480469 0.726562
vt 0.480469 0.726562
vt 0.480469 0.726562
vt 0.480469 0.726562
vt 0.480469 0.726562
vt 0.480469 0.726562
vt 0.480469 0.726562
vt 0.480469 0.726562
vt 0.480469 0.726562
vt 0.480469 0.726562
vt 0.480469 0.726562
vt 0.480469 0.726562
vt 0.480469 0.726562
vt 0.480469 0.726562
vt 0.480469 0.726562
vt 0.480469 0.726562
vt 0.480469 0.726562
vt 0.480469 0.726562
vt 0.480469 0.726562
vt 0.480469 0.726562
vt 0.480469 0.726562
vt 0.480469 0.726562
vt 0.480469 0.726562
vt 0.480469 0.726562
vt 0.480469 0.726562
vn -0.9729 0.0057 0.2313
vn -0.2313 0.0057 -0.9729
vn 0.9729 0.0057 -0.2313
vn 0.2313 0.0057 0.9729
vn 0.0000 -1.0000 0.0000
vn 0.0000 1.0000 0.0000
vn 0.9747 0.0075 -0.2234
vn 0.9729 0.0074 -0.2313
vn -0.2313 0.0074 -0.9729
vn -0.9729 0.0074 0.2313
vn 0.2313 0.0074 0.9729
vn 0.0008 1.0000 0.0036
vn -0.9710 0.0075 0.2391
vn 0.0032 -0.9999 0.0135
vn -0.9409 0.0981 0.3241
vn -0.9812 0.1530 0.1173
vn -0.9813 -0.1254 0.1461
vn -0.9406 -0.0552 0.3350
vn -0.9352 -0.1437 0.3237
vn -0.9671 -0.0605 0.2471
vn -0.9668 -0.0326 0.2534
vn -0.9994 -0.0296 0.0193
vn -0.9813 -0.1714 0.0880
vn -0.9634 -0.1805 0.1980
vn -0.9764 0.0149 0.2155
vn -0.9950 0.0596 0.0799
vn -0.9931 0.0857 0.0798
vn -0.9402 0.2164 0.2630
vn -0.9380 0.0612 0.3411
vn -0.9009 0.0215 0.4336
vn -0.9039 0.0411 0.4258
vn -0.9094 -0.0616 0.4112
vn -0.9120 -0.0445 0.4078
vn -0.9768 0.0763 0.2003
vn -0.9713 -0.0491 0.2327
vn -0.9341 -0.0627 0.3514
vn -0.9646 0.2075 0.1631
vn -0.9704 0.1710 0.1708
vn -0.9385 0.1654 0.3031
vn -0.9958 0.0840 0.0361
vn -0.9994 0.0142 0.0326
vn -0.9940 -0.0211 0.1069
vn -0.9844 0.0292 0.1733
vn -0.9950 0.0312 0.0944
vn -0.9990 0.0357 0.0267
vn -0.9729 0.0000 0.2313
vn -0.9756 0.0104 0.2195
vn -0.9857 0.0496 0.1611
vn -0.9700 -0.1939 0.1468
vn -0.9692 -0.1705 0.1777
vn -0.9735 -0.1053 0.2028
vn -0.9917 -0.1216 0.0425
vn 0.9812 0.1724 -0.0866
vn -0.9718 -0.1929 0.1355
vn -0.9994 0.0070 0.0335
vn -0.9985 -0.0516 0.0203
vn -0.9928 -0.1107 0.0453
vn -0.9677 -0.0319 0.2501
vn -0.9701 -0.0406 0.2393
vn -0.9695 -0.0343 0.2425
vn -0.9657 -0.1277 0.2263
vn -0.9717 -0.0438 0.2321
vn -0.9727 -0.0369 0.2292
vn -0.9576 -0.1486 0.2470
vn -0.9530 -0.1791 0.2443
vn -0.9505 -0.1366 0.2792
vn -0.9286 -0.1103 0.3542
vn -0.9557 -0.0699 0.2858
vn -0.9597 -0.0227 0.2801
vn -0.9948 -0.0813 0.0607
vn -0.9817 -0.1599 0.1031
vn -0.9662 -0.1858 0.1787
vn -0.9847 0.0726 0.1587
vn -0.9912 0.1041 0.0814
vn -0.9855 0.1495 0.0800
vn -0.9258 0.1763 0.3343
vn -0.9102 0.1335 0.3922
vn -0.9120 0.0869 0.4009
usemtl Material.001
s off
f 3151/3740/764 3140/3741/764 3142/3742/764 3152/3743/764
f 3152/3743/765 3142/3742/765 3146/3744/765 3153/3745/765
f 3153/3745/766 3146/3744/766 3144/3746/766 3154/3747/766
f 3154/3747/767 3144/3746/767 3140/3741/767 3151/3740/767
f 3141/3748/768 3145/3749/768 3143/3750/768 3139/3751/768
f 3146/3744/769 3142/3742/769 3140/3741/769 3144/3746/769
f 3143/3750/767 3150/3752/767 3147/3753/767 3139/3751/767
f 3145/3749/766 3149/3754/766 3150/3752/766 3143/3750/766
f 3141/3748/765 3148/3755/765 3149/3754/765 3145/3749/765
f 3139/3751/764 3147/3753/764 3148/3755/764 3141/3748/764
f 3150/3752/770 3154/3747/770 3155/3756/770 3156/3757/770
f 3149/3754/771 3153/3745/771 3154/3747/771 3150/3752/771
f 3148/3755/772 3152/3743/772 3153/3745/772 3149/3754/772
f 3147/3753/773 3151/3740/773 3152/3743/773 3148/3755/773
f 3156/3757/774 3155/3756/774 3158/3758/774 3157/3759/774
f 3154/3747/775 3151/3740/775 3158/3758/775 3155/3756/775
f 3151/3740/776 3147/3753/776 3157/3759/776 3158/3758/776
f 3147/3753/777 3150/3752/777 3156/3757/777 3157/3759/777
f 3239/3760/778 3186/3761/778 3162/3762/778 3203/3763/778
f 3238/3764/779 3192/3765/779 3166/3766/779 3199/3767/779
f 3237/3768/780 3193/3769/780 3167/3770/780 3206/3771/780
f 3236/3772/781 3190/3773/781 3165/3774/781 3207/3775/781
f 3235/3776/782 3208/3777/782 3179/3778/782 3195/3779/782
f 3234/3780/783 3209/3781/783 3180/3782/783 3210/3783/783
f 3233/3784/784 3202/3785/784 3174/3786/784 3211/3787/784
f 3232/3788/785 3212/3789/785 3178/3790/785 3194/3791/785
f 3231/3792/786 3213/3793/786 3181/3794/786 3214/3795/786
f 3230/3796/787 3205/3797/787 3177/3798/787 3215/3799/787
f 3229/3800/788 3216/3801/788 3171/3802/788 3187/3803/788
f 3228/3804/789 3217/3805/789 3182/3806/789 3218/3807/789
f 3227/3808/790 3204/3809/790 3176/3810/790 3219/3811/790
f 3226/3812/791 3220/3813/791 3175/3814/791 3191/3815/791
f 3225/3816/792 3221/3817/792 3183/3818/792 3222/3819/792
f 3224/3820/793 3198/3821/793 3170/3822/793 3223/3823/793
f 3221/3817/794 3224/3820/794 3223/3823/794 3183/3818/794
f 3179/3778/795 3207/3775/795 3224/3820/795 3221/3817/795
f 3207/3775/796 3165/3774/796 3198/3821/796 3224/3820/796
f 3204/3809/797 3225/3816/797 3222/3819/797 3176/3810/797
f 3167/3770/798 3195/3779/798 3225/3816/798 3204/3809/798
f 3195/3779/799 3179/3778/799 3221/3817/799 3225/3816/799
f 3192/3765/800 3226/3812/800 3191/3815/800 3166/3766/800
f 3176/3810/801 3222/3819/801 3226/3812/801 3192/3765/801
f 3222/3819/802 3183/3818/802 3220/3813/802 3226/3812/802
f 3217/3805/803 3227/3808/803 3219/3811/803 3182/3806/803
f 3178/3790/804 3206/3771/804 3227/3808/804 3217/3805/804
f 3206/3771/805 3167/3770/805 3204/3809/805 3227/3808/805
f 3188/3824/806 3228/3804/806 3218/3807/806 3172/3825/806
f 3163/3826/807 3194/3791/807 3228/3804/807 3188/3824/807
f 3194/3791/808 3178/3790/808 3217/3805/808 3228/3804/808
f 3200/3827/809 3229/3800/809 3187/3803/809 3161/3828/809
f 3172/3825/810 3218/3807/810 3229/3800/810 3200/3827/810
f 3218/3807/811 3182/3806/811 3216/3801/811 3229/3800/811
f 3213/3793/812 3230/3796/812 3215/3799/812 3181/3794/812
f 3173/3829/813 3189/3830/813 3230/3796/813 3213/3793/813
f 3189/3830/814 3164/3831/814 3205/3797/814 3230/3796/814
f 3184/3832/815 3231/3792/815 3214/3795/815 3168/3833/815
f 3159/3834/816 3201/3835/816 3231/3792/816 3184/3832/816
f 3201/3835/817 3173/3829/817 3213/3793/817 3231/3792/817
f 3196/3836/818 3232/3788/818 3194/3791/818 3163/3826/818
f 3168/3833/819 3214/3795/819 3232/3788/819 3196/3836/819
f 3214/3795/820 3181/3794/820 3212/3789/820 3232/3788/820
f 3209/3781/821 3233/3784/821 3211/3787/821 3180/3782/821
f 3169/3837/822 3185/3838/822 3233/3784/822 3209/3781/822
f 3185/3838/823 3160/3839/823 3202/3785/823 3233/3784/823
f 3205/3797/824 3234/3780/824 3210/3783/824 3177/3798/824
f 3164/3831/825 3197/3840/825 3234/3780/825 3205/3797/825
f 3197/3840/826 3169/3837/826 3209/3781/826 3234/3780/826
f 3193/3769/827 3235/3776/827 3195/3779/827 3167/3770/827
f 3177/3798/828 3210/3783/828 3235/3776/828 3193/3769/828
f 3210/3783/829 3180/3782/829 3208/3777/829 3235/3776/829
f 3208/3777/830 3236/3772/830 3207/3775/830 3179/3778/830
f 3180/3782/831 3211/3787/831 3236/3772/831 3208/3777/831
f 3211/3787/832 3174/3786/832 3190/3773/832 3236/3772/832
f 3212/3789/833 3237/3768/833 3206/3771/833 3178/3790/833
f 3181/3794/834 3215/3799/834 3237/3768/834 3212/3789/834
f 3215/3799/835 3177/3798/835 3193/3769/835 3237/3768/835
f 3216/3801/836 3238/3764/836 3199/3767/836 3171/3802/836
f 3182/3806/837 3219/3811/837 3238/3764/837 3216/3801/837
f 3219/3811/838 3176/3810/838 3192/3765/838 3238/3764/838
f 3220/3813/839 3239/3760/839 3203/3763/839 3175/3814/839
f 3183/3818/840 3223/3823/840 3239/3760/840 3220/3813/840
f 3223/3823/841 3170/3822/841 3186/3761/841 3239/3760/841
o Ropes_Cube.005
v -0.052960 11.487675 -58.998375
v -0.052960 11.593596 -58.998375
v -0.052960 11.487675 -59.104294
v -0.052960 11.593596 -59.104294
v 0.052960 11.487675 -58.998375
v 0.052960 11.593596 -58.998375
v 0.052960 11.487675 -59.104294
v 0.052960 11.593596 -59.104294
v -0.052960 11.487675 -59.104294
v -0.052960 11.487675 -58.998375
v -0.052960 11.593596 -58.998375
v -0.052960 11.593596 -59.104294
v 0.052960 11.487675 -59.104294
v 0.052960 11.593596 -59.104294
v 0.052960 11.487675 -58.998375
v 0.052960 11.593596 -58.998375
v -0.154105 46.177288 -9.351402
v -0.142940 46.276814 -9.341938
v -0.037408 46.276905 -9.342331
v -0.048538 46.177387 -9.351810
v -0.048227 50.850224 6.221390
v -0.048417 50.955364 6.220348
v 0.057450 50.955322 6.220371
v 0.057630 50.850185 6.221413
v 6.558510 16.966162 34.292629
v 6.558510 17.072081 34.294758
v 6.664430 17.072081 34.294315
v 6.664430 16.966162 34.292210
v 6.558510 16.966162 34.292629
v 6.558510 17.072081 34.294758
v 6.664430 17.072081 34.294315
v 6.664430 16.966162 34.292210
v 3.442863 14.631712 32.202007
v 3.442863 14.737631 32.202885
v 3.548783 14.737631 32.203136
v 3.548783 14.631712 32.202213
v 0.056651 12.251813 -58.027393
v 0.068023 12.883914 -57.056412
v 0.086051 13.493387 -56.085434
v 0.109545 14.084274 -55.114452
v 0.137316 14.660620 -54.143471
v 0.168174 15.226469 -53.172493
v 0.200930 15.785864 -52.201511
v 0.234395 16.342850 -51.230530
v 0.267380 16.901470 -50.259552
v 0.298694 17.465767 -49.288570
v 0.327150 18.039785 -48.317589
v 0.351556 18.627571 -47.346611
v 0.370725 19.233164 -46.375629
v 0.383466 19.860611 -45.404648
v 0.388591 20.513952 -44.433670
v 0.389511 21.181591 -43.462688
v 0.386226 21.863525 -42.491707
v 0.375325 22.571358 -41.520729
v 0.358069 23.320148 -40.568157
v 0.335533 24.127089 -39.656048
v 0.304769 24.958248 -38.779499
v 0.266163 25.799023 -37.933464
v 0.221648 26.645168 -37.112888
v 0.173052 27.492466 -36.312698
v 0.122133 28.290356 -35.525604
v 0.070625 29.021812 -34.753902
v 0.021204 29.668987 -33.993710
v -0.024103 30.224609 -33.237122
v -0.064597 30.715961 -32.480263
v -0.099515 31.169262 -31.721420
v -0.140725 31.610786 -30.959908
v -0.214746 32.061581 -30.189030
v -0.323913 32.549271 -29.399754
v -0.470771 33.062981 -28.571373
v -0.653183 33.613819 -27.710356
v -0.851156 34.145020 -26.890331
v -1.056247 34.658016 -26.113300
v -1.272655 35.196388 -25.343731
v -1.512983 35.828949 -24.541553
v -1.766428 36.578133 -23.663343
v -2.002986 37.423462 -22.646057
v -2.186718 38.299938 -21.519341
v -2.363564 39.451027 -20.135994
v -2.610239 40.601830 -18.702450
v -2.557131 41.866634 -17.252712
v -2.257386 43.138462 -15.769356
v -1.797151 44.127537 -14.393932
v -1.241085 44.757294 -13.163982
v -0.734393 45.271130 -11.890888
v -0.336526 45.806171 -10.555107
v -0.349509 45.708897 -10.566631
v -0.751968 45.173515 -11.903572
v -1.262030 44.661343 -13.169498
v -1.819565 44.020012 -14.400810
v -2.268763 43.011425 -15.787830
v -2.570842 41.733864 -17.270206
v -2.597373 40.475906 -18.723011
v -2.348730 39.321285 -20.159447
v -2.176703 38.182400 -21.531136
v -1.990339 37.310051 -22.652699
v -1.752316 36.467354 -23.661051
v -1.498855 35.725075 -24.533756
v -1.259759 35.096710 -25.333294
v -1.044447 34.560875 -26.101715
v -0.839846 34.049351 -26.881340
v -0.642575 33.515785 -27.703941
v -0.461840 32.968266 -28.565477
v -0.316917 32.455421 -29.391542
v -0.209861 31.971928 -30.179443
v -0.137444 31.522842 -30.949684
v -0.097423 31.081543 -31.710852
v -0.062155 30.626839 -32.469597
v -0.021358 30.132175 -33.226288
v 0.024216 29.571445 -33.982895
v 0.073856 28.917194 -34.743286
v 0.125343 28.182133 -35.515972
v 0.176128 27.379143 -36.303574
v 0.224477 26.531219 -37.104668
v 0.268634 25.684944 -37.926426
v 0.306768 24.844185 -38.773903
v 0.336946 24.013226 -39.652145
v 0.359118 23.208611 -40.566208
v 0.376071 22.462908 -41.520737
v 0.386612 21.756302 -42.491718
v 0.389476 21.075798 -43.462700
v 0.388556 20.408157 -44.433678
v 0.383016 19.756226 -45.404655
v 0.369920 19.129984 -46.375637
v 0.350457 18.525391 -47.346619
v 0.325818 17.938398 -48.317596
v 0.297189 17.364965 -49.288574
v 0.265763 16.801050 -50.259556
v 0.232727 16.242605 -51.230537
v 0.199271 15.685589 -52.201515
v 0.166584 15.125957 -53.172493
v 0.135856 14.559666 -54.143475
v 0.108276 13.982670 -55.114452
v 0.085033 13.390928 -56.085434
v 0.067317 12.780396 -57.056416
v 0.056317 12.147028 -58.027393
v -0.049605 12.147036 -58.027393
v -0.038608 12.780413 -57.056412
v -0.020895 13.390955 -56.085434
v 0.002345 13.982706 -55.114452
v 0.029922 14.559710 -54.143471
v 0.060648 15.126010 -53.172493
v 0.093332 15.685650 -52.201511
v 0.126786 16.242674 -51.230530
v 0.159820 16.801126 -50.259552
v 0.191244 17.365051 -49.288570
v 0.219870 17.938488 -48.317589
v 0.244508 18.525486 -47.346611
v 0.263968 19.130089 -46.375629
v 0.277062 19.756336 -45.404648
v 0.282600 20.408276 -44.433670
v 0.283520 21.075912 -43.462688
v 0.280659 21.756409 -42.491707
v 0.270121 22.463005 -41.520729
v 0.253171 23.208696 -40.566196
v 0.231002 24.013304 -39.652134
v 0.200827 24.844276 -38.773891
v 0.162693 25.685055 -37.926414
v 0.118536 26.531349 -37.104660
v 0.070186 27.379286 -36.303566
v 0.019401 28.182148 -35.515953
v -0.032085 28.917130 -34.743271
v -0.081721 29.571304 -33.982872
v -0.127290 30.131992 -33.226269
v -0.168079 30.626633 -32.469574
v -0.203338 31.081333 -31.710827
v -0.243332 31.522636 -30.949642
v -0.315712 31.971714 -30.179369
v -0.422730 32.455219 -29.391432
v -0.567607 32.968105 -28.565340
v -0.748279 33.515652 -27.703821
v -0.945470 34.049191 -26.881275
v -1.149980 34.560635 -26.101728
v -1.365196 35.096382 -25.333397
v -1.604204 35.724655 -24.533943
v -1.857584 36.466824 -23.661304
v -2.095660 37.309582 -22.652988
v -2.282260 38.181774 -21.531384
v -2.454482 39.320160 -20.160084
v -2.703150 40.475143 -18.723366
v -2.678712 41.733372 -17.269218
v -2.376817 43.010941 -15.786690
v -1.929834 44.020298 -14.397942
v -1.372853 44.660835 -13.167217
v -0.861454 45.170990 -11.903873
v -0.456183 45.707596 -10.566418
v -0.443113 45.805122 -10.554810
v -0.843793 45.268486 -11.891350
v -1.351889 44.756710 -13.161793
v -1.907475 44.127842 -14.391068
v -2.365556 43.138027 -15.768158
v -2.665143 41.866215 -17.251633
v -2.716037 40.601089 -18.702812
v -2.469301 39.449898 -20.136681
v -2.292287 38.299301 -21.519630
v -2.108314 37.423004 -22.646366
v -1.871693 36.577599 -23.663631
v -1.618324 35.828541 -24.541771
v -1.378084 35.196068 -25.343864
v -1.161772 34.657787 -26.113342
v -0.956772 34.144867 -26.890299
v -0.758882 33.613705 -27.710257
v -0.576532 33.062836 -28.571262
v -0.429722 32.549088 -29.399664
v -0.320595 32.061386 -30.188976
v -0.246610 31.610596 -30.959883
v -0.205430 31.169064 -31.721416
v -0.170521 30.715771 -32.480259
v -0.130035 30.224438 -33.237114
v -0.084733 29.668861 -33.993706
v -0.035316 29.021759 -34.753906
v 0.016191 28.290382 -35.525612
v 0.067110 27.492615 -36.312714
v 0.115707 26.645313 -37.112900
v 0.160222 25.799145 -37.933475
v 0.198827 24.958353 -38.779510
v 0.229589 24.127182 -39.656059
v 0.252122 23.320246 -40.568169
v 0.269375 22.571465 -41.520737
v 0.280273 21.863644 -42.491718
v 0.283556 21.181717 -43.462700
v 0.282636 20.514076 -44.433678
v 0.277513 19.860727 -45.404655
v 0.264773 19.233274 -46.375637
v 0.245606 18.627674 -47.346619
v 0.221202 18.039883 -48.317596
v 0.192749 17.465857 -49.288574
v 0.161436 16.901550 -50.259556
v 0.128454 16.342922 -51.230537
v 0.094991 15.785930 -52.201515
v 0.062238 15.226525 -53.172493
v 0.031382 14.660667 -54.143475
v 0.003614 14.084311 -55.114452
v -0.019877 13.493415 -56.085434
v -0.037902 12.883933 -57.056416
v -0.049272 12.251822 -58.027393
v 0.141109 46.723186 -7.938465
v 0.369308 47.214149 -6.541378
v 0.530214 47.737953 -5.185696
v 0.621963 48.284641 -3.840069
v 0.637835 48.798523 -2.474766
v 0.568775 49.256012 -1.061234
v 0.406059 49.634136 0.414341
v 0.233259 49.953796 1.889748
v 0.093138 50.248482 3.351883
v -0.004289 50.541531 4.797340
v -0.005825 50.644909 4.797871
v 0.090375 50.350555 3.353897
v 0.229411 50.054680 1.893139
v 0.401265 49.734631 0.419125
v 0.565833 49.357166 -1.056183
v 0.637603 48.899723 -2.470264
v 0.624223 48.386238 -3.835514
v 0.534801 47.838615 -5.180367
v 0.376076 47.312733 -6.534477
v 0.150170 46.821053 -7.929245
v 0.099576 50.644726 4.797970
v 0.195306 50.350243 3.354095
v 0.333860 50.054253 1.893463
v 0.505218 49.734104 0.419586
v 0.669357 49.356548 -1.055626
v 0.740898 48.899078 -2.469696
v 0.727498 48.385632 -3.834999
v 0.638282 47.838089 -5.179977
v 0.479998 47.312332 -6.534283
v 0.254774 46.820881 -7.929337
v 0.101101 50.541348 4.797440
v 0.198058 50.248177 3.352077
v 0.337696 49.953373 1.890072
v 0.509997 49.633621 0.414806
v 0.672290 49.255402 -1.060680
v 0.741126 48.797890 -2.474201
v 0.725241 48.284042 -3.839558
v 0.633706 47.737442 -5.185310
v 0.473249 47.213760 -6.541199
v 0.245740 46.723030 -7.938568
v 0.270113 49.763462 7.134708
v 0.483257 48.680191 8.067696
v 0.696401 47.596600 9.017231
v 0.909545 46.509499 9.976933
v 1.122689 45.415554 10.940235
v 1.335833 44.311348 11.900517
v 1.548977 43.200619 12.858303
v 1.762121 42.083927 13.810947
v 1.975265 40.959400 14.753361
v 2.188408 39.832081 15.687382
v 2.401552 38.706978 16.614796
v 2.614696 37.588997 17.537304
v 2.827840 36.482883 18.456448
v 3.040984 35.387550 19.367931
v 3.254128 34.294518 20.272625
v 3.467271 33.204315 21.173626
v 3.680415 32.118633 22.093601
v 3.893559 31.036674 23.026768
v 4.106703 29.957630 23.964588
v 4.319847 28.880695 24.916683
v 4.532990 27.805073 25.865185
v 4.746134 26.729959 26.787113
v 4.959278 25.654551 27.688915
v 5.172422 24.578043 28.557560
v 5.385566 23.499636 29.378246
v 5.598710 22.418526 30.178066
v 5.811854 21.333908 30.969532
v 6.024998 20.244984 31.763645
v 6.238142 19.152225 32.583744
v 6.451286 18.059193 33.432262
v 6.345366 18.059195 33.432865
v 6.132222 19.152227 32.584545
v 5.919078 20.244970 31.764851
v 5.705935 21.333847 30.970921
v 5.492791 22.418423 30.179333
v 5.279647 23.499500 29.379520
v 5.066503 24.577885 28.558346
v 4.853359 25.654377 27.689098
v 4.640215 26.729782 26.787197
v 4.427072 27.804899 25.864834
v 4.213928 28.880535 24.916142
v 4.000784 29.957489 23.964092
v 3.787640 31.036564 23.026363
v 3.574496 32.118565 22.093273
v 3.361352 33.204292 21.173512
v 3.148209 34.294552 20.272556
v 2.935065 35.387585 19.367855
v 2.721920 36.482986 18.456234
v 2.508777 37.589256 17.537067
v 2.295633 38.707348 16.614513
v 2.082489 39.832508 15.687046
v 1.869345 40.959827 14.752964
v 1.656201 42.084305 13.810459
v 1.443057 43.200890 12.857708
v 1.229913 44.311611 11.899944
v 1.016769 45.415691 10.939602
v 0.803625 46.509533 9.976315
v 0.590481 47.596573 9.016689
v 0.377337 48.680134 8.067299
v 0.164193 49.763412 7.134525
v 6.345366 18.165091 33.435833
v 6.132222 19.258102 32.588512
v 5.919078 20.350714 31.770634
v 5.705935 21.439304 30.977520
v 5.492791 22.523638 30.185215
v 5.279647 23.604521 29.385334
v 5.066503 24.682755 28.561520
v 4.853359 25.759140 27.689289
v 4.640215 26.834484 26.787014
v 4.427072 27.909588 25.862507
v 4.213928 28.985249 24.912960
v 4.000784 30.062279 23.961391
v 3.787640 31.141472 23.024189
v 3.574496 32.223640 22.091496
v 3.361352 33.309578 21.172840
v 3.148209 34.400093 20.272076
v 2.935065 35.493103 19.367344
v 2.721920 36.588837 18.454914
v 2.508777 37.695862 17.535549
v 2.295633 38.814449 16.612720
v 2.082489 39.939838 15.684887
v 1.869345 41.067116 14.750332
v 1.656201 42.191261 13.807270
v 1.443057 43.307240 12.853863
v 1.229913 44.417896 11.896175
v 1.016769 45.521297 10.935467
v 0.803625 46.614655 9.972164
v 0.590481 47.701389 9.012913
v 0.377337 48.784836 8.064255
v 0.164193 49.868156 7.132557
v 6.451286 18.165089 33.435207
v 6.238142 19.258099 32.587658
v 6.024999 20.350731 31.769390
v 5.811855 21.439369 30.976078
v 5.598711 22.523745 30.183895
v 5.385567 23.604658 29.384007
v 5.172423 24.682915 28.560711
v 4.959280 25.759315 27.689068
v 4.746136 26.834663 26.786877
v 4.532992 27.909763 25.862812
v 4.319848 28.985413 24.913456
v 4.106704 30.062416 23.961826
v 3.893560 31.141582 23.024540
v 3.680416 32.223709 22.091770
v 3.467272 33.309601 21.172909
v 3.254128 34.400059 20.272114
v 3.040985 35.493069 19.367382
v 2.827841 36.588730 18.455097
v 2.614697 37.695599 17.535755
v 2.401553 38.814079 16.612972
v 2.188409 39.939415 15.685192
v 1.975265 41.066685 14.750706
v 1.762121 42.190887 13.807743
v 1.548977 43.306973 12.854443
v 1.335833 44.417641 11.896732
v 1.122689 45.521172 10.936085
v 0.909545 46.614628 9.972782
v 0.696401 47.701416 9.013454
v 0.483257 48.784889 8.064640
v 0.270113 49.868206 7.132732
v -0.094104 50.734047 6.446751
v -0.094104 50.922256 6.446751
v -0.094104 50.734047 6.258541
v -0.094104 50.922256 6.258541
v 0.094104 50.734047 6.446751
v 0.094104 50.922256 6.446751
v 0.094104 50.734047 6.258541
v 0.094104 50.922256 6.258541
v -5.660585 5.564395 6.258549
v -5.660585 5.564395 6.446758
v -5.660585 5.752604 6.446758
v -5.660585 5.752604 6.258549
v 5.997729 5.563630 6.258549
v 5.997729 5.375421 6.258549
v 5.997729 5.375421 6.446758
v 5.997729 5.563630 6.446758
vt 0.726562 0.472656
vt 0.726562 0.472656
vt 0.726562 0.472656
vt 0.726562 0.472656
vt 0.726562 0.472656
vt 0.726562 0.472656
vt 0.726562 0.472656
vt 0.726562 0.472656
vt 0.726562 0.472656
vt 0.726562 0.472656
vt 0.726562 0.472656
vt 0.726562 0.472656
vt 0.726562 0.472656
vt 0.726562 0.472656
vt 0.726562 0.472656
vt 0.726562 0.472656
vt 0.726562 0.472656
vt 0.726562 0.472656
vt 0.726562 0.472656
vt 0.726562 0.472656
vt 0.726562 0.472656
vt 0.726562 0.472656
vt 0.726562 0.472656
vt 0.726562 0.472656
vt 0.726563 0.472656
vt 0.726562 0.472656
vt 0.726562 0.472656
vt 0.726562 0.472656
vt 0.726563 0.472656
vt 0.726562 0.472656
vt 0.726562 0.472656
vt 0.726562 0.472656
vt 0.726562 0.472656
vt 0.726562 0.472656
vt 0.726562 0.472656
vt 0.726562 0.472656
vt 0.726562 0.472656
vt 0.726562 0.472656
vt 0.726562 0.472656
vt 0.726562 0.472656
vt 0.726562 0.472656
vt 0.726562 0.472656
vt 0.726562 0.472656
vt 0.726562 0.472656
vt 0.726562 0.472656
vt 0.726562 0.472656
vt 0.726562 0.472656
vt 0.726562 0.472656
vt 0.726562 0.472656
vt 0.726562 0.472656
vt 0.726562 0.472656
vt 0.726562 0.472656
vt 0.726562 0.472656
vt 0.726562 0.472656
vt 0.726562 0.472656
vt 0.726562 0.472656
vt 0.726562 0.472656
vt 0.726562 0.472656
vt 0.726562 0.472656
vt 0.726562 0.472656
vt 0.726562 0.472656
vt 0.726562 0.472656
vt 0.726562 0.472656
vt 0.726563 0.472656
vt 0.726562 0.472656
vt 0.726562 0.472656
vt 0.726562 0.472656
vt 0.726563 0.472656
vt 0.726562 0.472656
vt 0.726563 0.472656
vt 0.726562 0.472656
vt 0.726563 0.472656
vt 0.726562 0.472656
vt 0.726563 0.472656
vt 0.726562 0.472656
vt 0.726562 0.472656
vt 0.726562 0.472656
vt 0.726563 0.472656
vt 0.726562 0.472656
vt 0.726562 0.472656
vt 0.726562 0.472656
vt 0.726563 0.472656
vt 0.726562 0.472656
vt 0.726563 0.472656
vt 0.726562 0.472656
vt 0.726563 0.472656
vt 0.726562 0.472656
vt 0.726562 0.472656
vt 0.726562 0.472656
vt 0.726563 0.472656
vt 0.726562 0.472656
vt 0.726562 0.472656
vt 0.726562 0.472656
vt 0.726562 0.472656
vt 0.726562 0.472656
vt 0.726562 0.472656
vt 0.726562 0.472656
vt 0.726562 0.472656
vt 0.726562 0.472656
vt 0.726562 0.472656
vt 0.726562 0.472656
vt 0.726562 0.472656
vt 0.726562 0.472656
vt 0.726562 0.472656
vt 0.726562 0.472656
vt 0.726562 0.472656
vt 0.726563 0.472656
vt 0.726562 0.472656
vt 0.726563 0.472656
vt 0.726562 0.472656
vt 0.726563 0.472656
vt 0.726562 0.472656
vt 0.726562 0.472656
vt 0.726562 0.472656
vt 0.726563 0.472656
vt 0.726562 0.472656
vt 0.726563 0.472656
vt 0.726562 0.472656
vt 0.726563 0.472656
vt 0.726562 0.472656
vt 0.726563 0.472656
vt 0.726562 0.472656
vt 0.726563 0.472656
vt 0.726562 0.472656
vt 0.726563 0.472656
vt 0.726562 0.472656
vt 0.726563 0.472656
vt 0.726562 0.472656
vt 0.726562 0.472656
vt 0.726562 0.472656
vt 0.726562 0.472656
vt 0.726562 0.472656
vt 0.726563 0.472656
vt 0.726562 0.472656
vt 0.726562 0.472656
vt 0.726562 0.472656
vt 0.726562 0.472656
vt 0.726562 0.472656
vt 0.726562 0.472656
vt 0.726562 0.472656
vt 0.726562 0.472656
vt 0.726562 0.472656
vt 0.726562 0.472656
vt 0.726562 0.472656
vt 0.726562 0.472656
vt 0.726562 0.472656
vt 0.726562 0.472656
vt 0.726562 0.472656
vt 0.726562 0.472656
vt 0.726562 0.472656
vt 0.726562 0.472656
vt 0.726562 0.472656
vt 0.726562 0.472656
vt 0.726562 0.472656
vt 0.726562 0.472656
vt 0.726562 0.472656
vt 0.726562 0.472656
vt 0.726562 0.472656
vt 0.726562 0.472656
vt 0.726562 0.472656
vt 0.726562 0.472656
vt 0.726563 0.472656
vt 0.726562 0.472656
vt 0.726563 0.472656
vt 0.726562 0.472656
vt 0.726563 0.472656
vt 0.726562 0.472656
vt 0.726563 0.472656
vt 0.726562 0.472656
vt 0.726563 0.472656
vt 0.726562 0.472656
vt 0.726563 0.472656
vt 0.726562 0.472656
vt 0.726563 0.472656
vt 0.726562 0.472656
vt 0.726563 0.472656
vt 0.726562 0.472656
vt 0.726563 0.472656
vt 0.726562 0.472656
vt 0.726563 0.472656
vt 0.726562 0.472656
vt 0.726562 0.472656
vt 0.726562 0.472656
vt 0.726563 0.472656
vt 0.726562 0.472656
vt 0.726563 0.472656
vt 0.726562 0.472656
vt 0.726562 0.472656
vt 0.726562 0.472656
vt 0.726562 0.472656
vt 0.726562 0.472656
vt 0.726562 0.472656
vt 0.726562 0.472656
vt 0.726562 0.472656
vt 0.726562 0.472656
vt 0.726562 0.472656
vt 0.726562 0.472656
vt 0.726562 0.472656
vt 0.726562 0.472656
vt 0.726562 0.472656
vt 0.726562 0.472656
vt 0.726562 0.472656
vt 0.726562 0.472656
vt 0.726562 0.472656
vt 0.726563 0.472656
vt 0.726562 0.472656
vt 0.726563 0.472656
vt 0.726562 0.472656
vt 0.726563 0.472656
vt 0.726562 0.472656
vt 0.726562 0.472656
vt 0.726562 0.472656
vt 0.726563 0.472656
vt 0.726562 0.472656
vt 0.726563 0.472656
vt 0.726562 0.472656
vt 0.726563 0.472656
vt 0.726562 0.472656
vt 0.726563 0.472656
vt 0.726562 0.472656
vt 0.726563 0.472656
vt 0.726562 0.472656
vt 0.726563 0.472656
vt 0.726562 0.472656
vt 0.726563 0.472656
vt 0.726562 0.472656
vt 0.726563 0.472656
vt 0.726562 0.472656
vt 0.726563 0.472656
vt 0.726562 0.472656
vt 0.726562 0.472656
vt 0.726562 0.472656
vt 0.726562 0.472656
vt 0.726562 0.472656
vt 0.726562 0.472656
vt 0.726562 0.472656
vt 0.726562 0.472656
vt 0.726562 0.472656
vt 0.726562 0.472656
vt 0.726562 0.472656
vt 0.726562 0.472656
vt 0.726562 0.472656
vt 0.726563 0.472656
vt 0.726562 0.472656
vt 0.726562 0.472656
vt 0.726562 0.472656
vt 0.726563 0.472656
vt 0.726562 0.472656
vt 0.726562 0.472656
vt 0.726562 0.472656
vt 0.726562 0.472656
vt 0.726562 0.472656
vt 0.726562 0.472656
vt 0.726563 0.472656
vt 0.726562 0.472656
vt 0.726563 0.472656
vt 0.726563 0.472656
vt 0.726563 0.472656
vt 0.726562 0.472656
vt 0.726562 0.472656
vt 0.726562 0.472656
vt 0.726562 0.472656
vt 0.726562 0.472656
vt 0.726562 0.472656
vt 0.726563 0.472656
vt 0.726562 0.472656
vt 0.726562 0.472656
vt 0.726562 0.472656
vt 0.726562 0.472656
vt 0.726562 0.472656
vt 0.726562 0.472656
vt 0.726562 0.472656
vt 0.726563 0.472656
vt 0.726562 0.472656
vt 0.726562 0.472656
vt 0.726562 0.472656
vt 0.726562 0.472656
vt 0.726562 0.472656
vt 0.726562 0.472656
vt 0.726562 0.472656
vt 0.726562 0.472656
vt 0.726562 0.472656
vt 0.726562 0.472656
vt 0.726562 0.472656
vt 0.726562 0.472656
vt 0.726562 0.472656
vt 0.726562 0.472656
vt 0.726562 0.472656
vt 0.726562 0.472656
vt 0.726562 0.472656
vt 0.726562 0.472656
vt 0.726562 0.472656
vt 0.726562 0.472656
vt 0.726562 0.472656
vt 0.726562 0.472656
vt 0.726562 0.472656
vt 0.726562 0.472656
vt 0.726562 0.472656
vt 0.726562 0.472656
vt 0.726562 0.472656
vt 0.726562 0.472656
vt 0.726562 0.472656
vt 0.726562 0.472656
vt 0.726562 0.472656
vt 0.726562 0.472656
vt 0.726562 0.472656
vt 0.726562 0.472656
vt 0.726562 0.472656
vt 0.726562 0.472656
vt 0.726562 0.472656
vt 0.726562 0.472656
vt 0.726562 0.472656
vt 0.726562 0.472656
vt 0.726562 0.472656
vt 0.726562 0.472656
vt 0.726562 0.472656
vt 0.726562 0.472656
vt 0.726562 0.472656
vt 0.726562 0.472656
vt 0.726562 0.472656
vt 0.726562 0.472656
vt 0.726562 0.472656
vt 0.726562 0.472656
vt 0.726562 0.472656
vt 0.726562 0.472656
vt 0.726562 0.472656
vt 0.726562 0.472656
vt 0.726562 0.472656
vt 0.726562 0.472656
vt 0.726562 0.472656
vt 0.726562 0.472656
vt 0.726562 0.472656
vt 0.726562 0.472656
vt 0.726562 0.472656
vt 0.726562 0.472656
vt 0.726562 0.472656
vt 0.726562 0.472656
vt 0.726562 0.472656
vt 0.726562 0.472656
vt 0.726562 0.472656
vt 0.726562 0.472656
vt 0.726562 0.472656
vt 0.726562 0.472656
vt 0.726562 0.472656
vt 0.726562 0.472656
vt 0.726562 0.472656
vt 0.726562 0.472656
vt 0.726562 0.472656
vt 0.726562 0.472656
vt 0.726562 0.472656
vt 0.726562 0.472656
vt 0.726562 0.472656
vt 0.726562 0.472656
vt 0.726562 0.472656
vt 0.726562 0.472656
vt 0.726562 0.472656
vt 0.726562 0.472656
vt 0.726562 0.472656
vt 0.726562 0.472656
vt 0.726562 0.472656
vt 0.726562 0.472656
vt 0.726562 0.472656
vt 0.726562 0.472656
vt 0.726562 0.472656
vt 0.726562 0.472656
vt 0.726562 0.472656
vt 0.726563 0.472656
vt 0.726562 0.472656
vt 0.726562 0.472656
vt 0.726562 0.472656
vt 0.726562 0.472656
vt 0.726562 0.472656
vt 0.726562 0.472656
vt 0.726562 0.472656
vt 0.726562 0.472656
vt 0.726562 0.472656
vt 0.726562 0.472656
vt 0.726562 0.472656
vt 0.726562 0.472656
vt 0.726562 0.472656
vt 0.726562 0.472656
vt 0.726562 0.472656
vt 0.726562 0.472656
vt 0.726562 0.472656
vt 0.726562 0.472656
vt 0.726562 0.472656
vt 0.726562 0.472656
vt 0.726562 0.472656
vt 0.726562 0.472656
vt 0.726562 0.472656
vt 0.726562 0.472656
vt 0.726562 0.472656
vt 0.726562 0.472656
vt 0.726562 0.472656
vt 0.726562 0.472656
vt 0.726562 0.472656
vt 0.718750 0.468750
vt 0.718750 0.468750
vt 0.718750 0.468750
vt 0.718750 0.468750
vt 0.718750 0.468750
vt 0.718750 0.468750
vt 0.718750 0.468750
vt 0.718750 0.468750
vt 0.718750 0.468750
vt 0.718750 0.468750
vt 0.718750 0.468750
vt 0.718750 0.468750
vt 0.718750 0.468750
vt 0.718750 0.468750
vt 0.718750 0.468750
vt 0.718750 0.468750
vn 1.0000 0.0000 0.0000
vn 0.0000 0.0000 1.0000
vn -1.0000 0.0000 0.0000
vn 0.0000 0.0000 -1.0000
vn 0.0000 1.0000 0.0000
vn 0.0000 -1.0000 0.0000
vn 0.9743 -0.0977 -0.2030
vn -0.9996 -0.0083 -0.0286
vn -0.9741 0.0980 0.2036
vn 0.0072 -0.9335 0.3586
vn -0.0062 0.9326 -0.3608
vn -0.0038 -0.6187 -0.7856
vn 0.0012 0.9770 -0.2133
vn 0.9996 0.0082 0.0283
vn -0.0011 -0.9773 0.2119
vn -0.9722 -0.0056 0.2340
vn 0.0040 0.6184 0.7859
vn 0.9722 0.0056 -0.2340
vn -0.5510 -0.0119 0.8344
vn -0.0022 -0.0085 1.0000
vn -0.0008 0.6676 -0.7445
vn 0.5511 0.0118 -0.8343
vn 0.0007 -0.6678 0.7444
vn 0.0000 0.8277 -0.5611
vn 0.0001 0.8381 -0.5456
vn 0.0002 0.8470 -0.5316
vn 0.0003 0.8543 -0.5199
vn 0.0004 0.8599 -0.5104
vn 0.0004 0.8640 -0.5035
vn 0.0005 0.8665 -0.4992
vn 0.0006 0.8674 -0.4976
vn 0.0007 0.8668 -0.4987
vn 0.0007 0.8646 -0.5025
vn 0.0008 0.8608 -0.5089
vn 0.0008 0.8555 -0.5179
vn 0.0009 0.8485 -0.5292
vn 0.0009 0.8399 -0.5428
vn 0.0010 0.8297 -0.5583
vn 0.0010 0.8240 -0.5666
vn 0.0010 0.8183 -0.5747
vn 0.0009 0.8081 -0.5891
vn 0.0008 0.7862 -0.6180
vn 0.0007 0.7490 -0.6626
vn 0.0008 0.7257 -0.6881
vn 0.0008 0.7093 -0.7049
vn 0.0009 0.6962 -0.7178
vn 0.0011 0.6866 -0.7270
vn 0.0007 0.7023 -0.7119
vn -0.0001 0.7258 -0.6879
vn -0.0007 0.7614 -0.6482
vn -0.0012 0.8060 -0.5919
vn -0.0015 0.8387 -0.5446
vn -0.0016 0.8585 -0.5129
vn -0.0017 0.8651 -0.5017
vn -0.0018 0.8632 -0.5049
vn -0.0019 0.8506 -0.5258
vn -0.0018 0.8497 -0.5273
vn -0.0016 0.8422 -0.5392
vn -0.0014 0.8391 -0.5439
vn -0.0015 0.8344 -0.5512
vn -0.0017 0.8192 -0.5735
vn -0.0017 0.7850 -0.6195
vn -0.0018 0.7605 -0.6493
vn -0.0018 0.7689 -0.6394
vn -0.0023 0.7891 -0.6142
vn -0.0035 0.7685 -0.6399
vn -0.0038 0.7795 -0.6264
vn -0.0063 0.7537 -0.6571
vn -0.0099 0.7601 -0.6497
vn -0.0113 0.8137 -0.5812
vn -0.0114 0.8922 -0.4515
vn -0.0165 0.9296 -0.3682
vn -0.0156 0.9296 -0.3681
vn -0.0000 -0.8273 0.5618
vn -0.0001 -0.8376 0.5463
vn -0.0002 -0.8466 0.5323
vn -0.0003 -0.8539 0.5204
vn -0.0003 -0.8597 0.5109
vn -0.0004 -0.8638 0.5038
vn -0.0005 -0.8664 0.4994
vn -0.0005 -0.8674 0.4976
vn -0.0006 -0.8668 0.4986
vn -0.0007 -0.8647 0.5022
vn -0.0007 -0.8610 0.5085
vn -0.0007 -0.8558 0.5174
vn -0.0008 -0.8489 0.5286
vn -0.0008 -0.8404 0.5420
vn -0.0008 -0.8302 0.5574
vn -0.0009 -0.8240 0.5666
vn -0.0008 -0.8189 0.5739
vn -0.0008 -0.8086 0.5884
vn -0.0006 -0.7880 0.6156
vn -0.0005 -0.7506 0.6607
vn -0.0005 -0.7264 0.6873
vn -0.0006 -0.7099 0.7043
vn -0.0007 -0.6967 0.7174
vn -0.0008 -0.6868 0.7269
vn -0.0004 -0.7003 0.7139
vn 0.0003 -0.7245 0.6892
vn 0.0008 -0.7580 0.6522
vn 0.0014 -0.8034 0.5955
vn 0.0016 -0.8370 0.5472
vn 0.0018 -0.8577 0.5141
vn 0.0019 -0.8651 0.5016
vn 0.0020 -0.8638 0.5038
vn 0.0021 -0.8522 0.5232
vn 0.0021 -0.8494 0.5277
vn 0.0018 -0.8438 0.5367
vn 0.0016 -0.8388 0.5445
vn 0.0017 -0.8359 0.5489
vn 0.0019 -0.8200 0.5723
vn 0.0019 -0.7860 0.6183
vn 0.0021 -0.7614 0.6482
vn 0.0020 -0.7671 0.6416
vn 0.0025 -0.7892 0.6142
vn 0.0037 -0.7692 0.6390
vn 0.0040 -0.7791 0.6269
vn 0.0064 -0.7561 0.6544
vn 0.0099 -0.7585 0.6516
vn 0.0115 -0.8106 0.5856
vn 0.0116 -0.8891 0.4577
vn 0.0161 -0.9292 0.3691
vn 0.0163 -0.9298 0.3677
vn -1.0000 0.0016 0.0026
vn -1.0000 0.0050 0.0083
vn -0.9999 0.0084 0.0131
vn -0.9998 0.0112 0.0172
vn -0.9997 0.0135 0.0205
vn -0.9996 0.0151 0.0229
vn -0.9996 0.0162 0.0244
vn -0.9996 0.0166 0.0249
vn -0.9996 0.0164 0.0246
vn -0.9996 0.0155 0.0233
vn -0.9997 0.0140 0.0211
vn -0.9998 0.0119 0.0180
vn -0.9999 0.0093 0.0141
vn -0.9999 0.0060 0.0094
vn -1.0000 0.0023 0.0039
vn -1.0000 0.0003 0.0007
vn -1.0000 -0.0016 -0.0020
vn -1.0000 -0.0052 -0.0072
vn -0.9999 -0.0083 -0.0115
vn -0.9998 -0.0113 -0.0145
vn -0.9997 -0.0158 -0.0198
vn -0.9995 -0.0209 -0.0245
vn -0.9993 -0.0251 -0.0281
vn -0.9991 -0.0283 -0.0305
vn -0.9990 -0.0311 -0.0329
vn -0.9988 -0.0335 -0.0348
vn -0.9988 -0.0346 -0.0355
vn -0.9988 -0.0342 -0.0347
vn -0.9989 -0.0324 -0.0325
vn -0.9992 -0.0291 -0.0288
vn -0.9989 -0.0345 -0.0333
vn -0.9966 -0.0529 -0.0638
vn -0.9932 -0.0731 -0.0911
vn -0.9888 -0.0922 -0.1171
vn -0.9844 -0.1086 -0.1382
vn -0.9801 -0.1233 -0.1558
vn -0.9765 -0.1349 -0.1681
vn -0.9744 -0.1417 -0.1744
vn -0.9734 -0.1451 -0.1771
vn -0.9766 -0.1363 -0.1666
vn -0.9842 -0.1149 -0.1349
vn -0.9916 -0.0899 -0.0935
vn -0.9945 -0.0930 -0.0488
vn -0.9910 -0.0905 -0.0983
vn -0.9996 -0.0014 0.0271
vn -0.9879 0.0756 0.1354
vn -0.9656 0.1130 0.2343
vn -0.9278 0.1778 0.3279
vn -0.9365 0.1580 0.3131
vn -0.9628 0.1219 0.2413
vn 1.0000 -0.0016 -0.0026
vn 1.0000 -0.0050 -0.0083
vn 0.9999 -0.0084 -0.0131
vn 0.9998 -0.0112 -0.0172
vn 0.9997 -0.0135 -0.0205
vn 0.9996 -0.0151 -0.0229
vn 0.9996 -0.0162 -0.0244
vn 0.9996 -0.0166 -0.0249
vn 0.9996 -0.0164 -0.0246
vn 0.9996 -0.0155 -0.0233
vn 0.9997 -0.0140 -0.0211
vn 0.9998 -0.0119 -0.0180
vn 0.9999 -0.0093 -0.0141
vn 0.9999 -0.0060 -0.0094
vn 1.0000 -0.0023 -0.0039
vn 1.0000 -0.0003 -0.0007
vn 1.0000 0.0016 0.0020
vn 1.0000 0.0052 0.0072
vn 0.9999 0.0083 0.0115
vn 0.9998 0.0113 0.0145
vn 0.9997 0.0158 0.0198
vn 0.9995 0.0209 0.0245
vn 0.9993 0.0251 0.0281
vn 0.9991 0.0283 0.0305
vn 0.9990 0.0311 0.0329
vn 0.9988 0.0335 0.0348
vn 0.9988 0.0346 0.0355
vn 0.9988 0.0342 0.0347
vn 0.9989 0.0324 0.0325
vn 0.9992 0.0291 0.0288
vn 0.9989 0.0345 0.0333
vn 0.9966 0.0529 0.0638
vn 0.9932 0.0731 0.0911
vn 0.9888 0.0923 0.1171
vn 0.9844 0.1086 0.1383
vn 0.9800 0.1233 0.1559
vn 0.9765 0.1350 0.1682
vn 0.9744 0.1418 0.1745
vn 0.9734 0.1451 0.1771
vn 0.9766 0.1363 0.1666
vn 0.9842 0.1149 0.1349
vn 0.9916 0.0898 0.0933
vn 0.9945 0.0930 0.0486
vn 0.9910 0.0904 0.0984
vn 0.9996 0.0009 -0.0282
vn 0.9879 -0.0768 -0.1345
vn 0.9652 -0.1136 -0.2356
vn 0.9278 -0.1777 -0.3280
vn 0.9371 -0.1572 -0.3118
vn 0.9632 -0.1212 -0.2399
vn 0.0006 -0.9329 0.3602
vn -0.0026 -0.9433 0.3318
vn -0.0050 -0.9326 0.3609
vn -0.0066 -0.9263 0.3767
vn -0.0074 -0.9359 0.3523
vn -0.0074 -0.9515 0.3076
vn -0.0065 -0.9688 0.2476
vn -0.0052 -0.9774 0.2112
vn -0.0039 -0.9803 0.1973
vn -0.0026 -0.9801 0.1986
vn 0.9816 -0.0841 -0.1713
vn 0.9883 -0.0682 -0.1362
vn 0.9940 -0.0505 -0.0973
vn 0.9980 -0.0311 -0.0544
vn 0.9999 -0.0097 -0.0071
vn 0.9989 0.0135 0.0452
vn 0.9943 0.0331 0.1015
vn 0.9935 0.0381 0.1075
vn 0.9956 0.0300 0.0887
vn 0.9978 0.0200 0.0625
vn -0.0005 0.9332 -0.3593
vn 0.0028 0.9430 -0.3328
vn 0.0052 0.9320 -0.3625
vn 0.0067 0.9260 -0.3775
vn 0.0075 0.9359 -0.3521
vn 0.0075 0.9515 -0.3074
vn 0.0066 0.9689 -0.2472
vn 0.0053 0.9773 -0.2116
vn 0.0040 0.9802 -0.1982
vn 0.0026 0.9799 -0.1996
vn -0.9815 0.0843 0.1718
vn -0.9883 0.0684 0.1367
vn -0.9939 0.0507 0.0976
vn -0.9980 0.0311 0.0545
vn -0.9999 0.0097 0.0071
vn -0.9989 -0.0135 -0.0454
vn -0.9943 -0.0332 -0.1018
vn -0.9934 -0.0383 -0.1078
vn -0.9956 -0.0301 -0.0890
vn -0.9978 -0.0201 -0.0628
vn 0.9733 -0.0025 -0.2296
vn 0.9734 -0.0055 -0.2289
vn 0.9738 -0.0074 -0.2271
vn 0.9741 -0.0085 -0.2260
vn 0.9742 -0.0089 -0.2257
vn 0.9741 -0.0085 -0.2259
vn 0.9740 -0.0081 -0.2262
vn 0.9740 -0.0075 -0.2266
vn 0.9737 -0.0062 -0.2276
vn 0.9736 -0.0052 -0.2283
vn 0.9734 -0.0043 -0.2289
vn 0.9734 -0.0036 -0.2292
vn 0.9733 -0.0031 -0.2295
vn 0.9732 -0.0021 -0.2300
vn 0.9730 -0.0012 -0.2307
vn 0.9728 -0.0014 -0.2318
vn 0.9734 -0.0028 -0.2289
vn 0.9738 -0.0044 -0.2276
vn 0.9737 -0.0054 -0.2276
vn 0.9742 -0.0065 -0.2255
vn 0.9742 -0.0061 -0.2257
vn 0.9736 -0.0029 -0.2282
vn 0.9732 -0.0001 -0.2301
vn 0.9723 0.0037 -0.2336
vn 0.9711 0.0101 -0.2385
vn 0.9705 0.0133 -0.2407
vn 0.9702 0.0142 -0.2417
vn 0.9703 0.0140 -0.2413
vn 0.9712 0.0109 -0.2382
vn 0.9721 0.0076 -0.2345
vn -0.0007 0.6427 0.7661
vn -0.0023 0.6518 0.7584
vn -0.0035 0.6584 0.7527
vn -0.0041 0.6613 0.7501
vn -0.0039 0.6606 0.7507
vn -0.0030 0.6563 0.7545
vn -0.0025 0.6528 0.7576
vn -0.0018 0.6493 0.7605
vn -0.0006 0.6426 0.7662
vn 0.0001 0.6382 0.7698
vn 0.0004 0.6362 0.7716
vn 0.0002 0.6364 0.7713
vn -0.0003 0.6389 0.7693
vn -0.0004 0.6398 0.7685
vn -0.0001 0.6376 0.7703
vn -0.0004 0.6368 0.7710
vn -0.0015 0.6457 0.7636
vn -0.0028 0.6526 0.7577
vn -0.0036 0.6553 0.7554
vn -0.0042 0.6616 0.7498
vn -0.0039 0.6613 0.7501
vn -0.0017 0.6517 0.7585
vn 0.0002 0.6428 0.7661
vn 0.0028 0.6298 0.7768
vn 0.0071 0.6079 0.7940
vn 0.0094 0.5960 0.8029
vn 0.0101 0.5912 0.8065
vn 0.0100 0.5901 0.8072
vn 0.0079 0.6003 0.7997
vn 0.0055 0.6134 0.7898
vn -0.9733 0.0024 0.2295
vn -0.9734 0.0055 0.2289
vn -0.9738 0.0074 0.2272
vn -0.9741 0.0085 0.2261
vn -0.9742 0.0089 0.2256
vn -0.9741 0.0084 0.2258
vn -0.9741 0.0081 0.2262
vn -0.9740 0.0075 0.2266
vn -0.9738 0.0062 0.2275
vn -0.9736 0.0051 0.2282
vn -0.9735 0.0042 0.2288
vn -0.9734 0.0036 0.2292
vn -0.9733 0.0031 0.2294
vn -0.9732 0.0020 0.2298
vn -0.9731 0.0011 0.2306
vn -0.9728 0.0013 0.2317
vn -0.9735 0.0027 0.2289
vn -0.9738 0.0043 0.2275
vn -0.9738 0.0053 0.2275
vn -0.9743 0.0063 0.2253
vn -0.9742 0.0059 0.2255
vn -0.9737 0.0027 0.2279
vn -0.9732 -0.0000 0.2299
vn -0.9724 -0.0037 0.2334
vn -0.9711 -0.0102 0.2383
vn -0.9705 -0.0134 0.2405
vn -0.9703 -0.0143 0.2415
vn -0.9704 -0.0141 0.2412
vn -0.9712 -0.0110 0.2382
vn -0.9721 -0.0077 0.2345
vn 0.0008 -0.6432 -0.7657
vn 0.0024 -0.6523 -0.7580
vn 0.0036 -0.6586 -0.7525
vn 0.0041 -0.6614 -0.7501
vn 0.0039 -0.6605 -0.7509
vn 0.0031 -0.6559 -0.7548
vn 0.0025 -0.6528 -0.7576
vn 0.0019 -0.6488 -0.7609
vn 0.0008 -0.6423 -0.7665
vn 0.0001 -0.6380 -0.7700
vn -0.0001 -0.6361 -0.7716
vn -0.0000 -0.6364 -0.7713
vn 0.0005 -0.6390 -0.7692
vn 0.0006 -0.6396 -0.7687
vn 0.0003 -0.6376 -0.7704
vn 0.0006 -0.6370 -0.7709
vn 0.0019 -0.6462 -0.7632
vn 0.0032 -0.6527 -0.7576
vn 0.0040 -0.6555 -0.7552
vn 0.0046 -0.6618 -0.7497
vn 0.0042 -0.6610 -0.7504
vn 0.0020 -0.6508 -0.7592
vn 0.0001 -0.6426 -0.7662
vn -0.0026 -0.6284 -0.7779
vn -0.0069 -0.6066 -0.7950
vn -0.0090 -0.5959 -0.8030
vn -0.0097 -0.5907 -0.8068
vn -0.0097 -0.5904 -0.8071
vn -0.0075 -0.6011 -0.7992
vn -0.0052 -0.6138 -0.7894
vn -0.9925 0.1223 0.0000
vn 0.9925 -0.1223 0.0000
vn -0.9916 -0.1291 0.0000
vn 0.9916 0.1291 0.0000
usemtl Material.001
s off
f 3240/3841/842 3242/3842/842 3243/3843/842 3241/3844/842
f 3242/3842/843 3246/3845/843 3247/3846/843 3243/3843/843
f 3246/3845/844 3244/3847/844 3245/3848/844 3247/3846/844
f 3244/3847/845 3240/3841/845 3241/3844/845 3245/3848/845
f 3242/3842/846 3240/3841/846 3244/3847/846 3246/3845/846
f 3247/3846/847 3245/3848/847 3241/3844/847 3243/3843/847
f 3249/3849/844 3250/3850/844 3251/3851/844 3248/3852/844
f 3248/3852/845 3251/3851/845 3253/3853/845 3252/3854/845
f 3252/3854/842 3253/3853/842 3255/3855/842 3254/3856/842
f 3326/3857/848 3325/3858/848 3258/3859/848 3259/3860/848
f 3248/3852/847 3252/3854/847 3254/3856/847 3249/3849/847
f 3253/3853/846 3251/3851/846 3250/3850/846 3255/3855/846
f 3486/3861/849 3485/3862/849 3260/3863/849 3261/3864/849
f 3426/3865/850 3425/3866/850 3256/3867/850 3257/3868/850
f 3425/3866/851 3326/3857/851 3259/3860/851 3256/3867/851
f 3325/3858/852 3426/3865/852 3257/3868/852 3258/3859/852
f 3546/3869/853 3545/3870/853 3267/3871/853 3264/3872/853
f 3496/3873/854 3486/3861/854 3261/3864/854 3262/3874/854
f 3506/3875/855 3496/3873/855 3262/3874/855 3263/3876/855
f 3485/3862/856 3506/3875/856 3263/3876/856 3260/3863/856
f 3266/3877/843 3265/3878/843 3269/3879/843 3270/3880/843
f 3576/3881/857 3546/3869/857 3264/3872/857 3265/3878/857
f 3606/3882/858 3576/3881/858 3265/3878/858 3266/3877/858
f 3545/3870/859 3606/3882/859 3266/3877/859 3267/3871/859
f 3271/3883/860 3270/3880/860 3274/3884/860 3275/3885/860
f 3267/3871/843 3266/3877/843 3270/3880/843 3271/3883/843
f 3264/3872/843 3267/3871/843 3271/3883/843 3268/3886/843
f 3265/3878/843 3264/3872/843 3268/3886/843 3269/3879/843
f 3275/3885/861 3274/3884/861 3273/3887/861 3272/3888/861
f 3268/3886/862 3271/3883/862 3275/3885/862 3272/3888/862
f 3269/3879/863 3268/3886/863 3272/3888/863 3273/3887/863
f 3270/3880/864 3269/3879/864 3273/3887/864 3274/3884/864
f 3255/3855/865 3250/3850/865 3475/3889/865 3276/3890/865
f 3276/3890/866 3475/3889/866 3474/3891/866 3277/3892/866
f 3277/3892/867 3474/3891/867 3473/3893/867 3278/3894/867
f 3278/3894/868 3473/3893/868 3472/3895/868 3279/3896/868
f 3279/3896/869 3472/3895/869 3471/3897/869 3280/3898/869
f 3280/3898/870 3471/3897/870 3470/3899/870 3281/3900/870
f 3281/3900/871 3470/3899/871 3469/3901/871 3282/3902/871
f 3282/3902/872 3469/3901/872 3468/3903/872 3283/3904/872
f 3283/3904/873 3468/3903/873 3467/3905/873 3284/3906/873
f 3284/3906/874 3467/3905/874 3466/3907/874 3285/3908/874
f 3285/3908/875 3466/3907/875 3465/3909/875 3286/3910/875
f 3286/3910/876 3465/3909/876 3464/3911/876 3287/3912/876
f 3287/3912/877 3464/3911/877 3463/3913/877 3288/3914/877
f 3288/3914/878 3463/3913/878 3462/3915/878 3289/3916/878
f 3289/3916/879 3462/3915/879 3461/3917/879 3290/3918/879
f 3290/3918/880 3461/3917/880 3460/3919/880 3291/3920/880
f 3291/3920/881 3460/3919/881 3459/3921/881 3292/3922/881
f 3292/3922/882 3459/3921/882 3458/3923/882 3293/3924/882
f 3293/3924/883 3458/3923/883 3457/3925/883 3294/3926/883
f 3294/3926/884 3457/3925/884 3456/3927/884 3295/3928/884
f 3295/3928/885 3456/3927/885 3455/3929/885 3296/3930/885
f 3296/3930/886 3455/3929/886 3454/3931/886 3297/3932/886
f 3297/3932/887 3454/3931/887 3453/3933/887 3298/3934/887
f 3298/3934/888 3453/3933/888 3452/3935/888 3299/3936/888
f 3299/3936/889 3452/3935/889 3451/3937/889 3300/3938/889
f 3300/3938/890 3451/3937/890 3450/3939/890 3301/3940/890
f 3301/3940/891 3450/3939/891 3449/3941/891 3302/3942/891
f 3302/3942/892 3449/3941/892 3448/3943/892 3303/3944/892
f 3303/3944/893 3448/3943/893 3447/3945/893 3304/3946/893
f 3304/3946/894 3447/3945/894 3446/3947/894 3305/3948/894
f 3305/3948/895 3446/3947/895 3445/3949/895 3306/3950/895
f 3306/3950/896 3445/3949/896 3444/3951/896 3307/3952/896
f 3307/3952/897 3444/3951/897 3443/3953/897 3308/3954/897
f 3308/3954/898 3443/3953/898 3442/3955/898 3309/3956/898
f 3309/3956/899 3442/3955/899 3441/3957/899 3310/3958/899
f 3310/3958/900 3441/3957/900 3440/3959/900 3311/3960/900
f 3311/3960/901 3440/3959/901 3439/3961/901 3312/3962/901
f 3312/3962/902 3439/3961/902 3438/3963/902 3313/3964/902
f 3313/3964/903 3438/3963/903 3437/3965/903 3314/3966/903
f 3314/3966/904 3437/3965/904 3436/3967/904 3315/3968/904
f 3315/3968/905 3436/3967/905 3435/3969/905 3316/3970/905
f 3316/3970/906 3435/3969/906 3434/3971/906 3317/3972/906
f 3317/3972/907 3434/3971/907 3433/3973/907 3318/3974/907
f 3318/3974/908 3433/3973/908 3432/3975/908 3319/3976/908
f 3319/3976/909 3432/3975/909 3431/3977/909 3320/3978/909
f 3320/3978/910 3431/3977/910 3430/3979/910 3321/3980/910
f 3321/3980/911 3430/3979/911 3429/3981/911 3322/3982/911
f 3322/3982/912 3429/3981/912 3428/3983/912 3323/3984/912
f 3323/3984/913 3428/3983/913 3427/3985/913 3324/3986/913
f 3324/3986/914 3427/3985/914 3426/3865/914 3325/3858/914
f 3249/3849/915 3254/3856/915 3375/3987/915 3376/3988/915
f 3376/3988/916 3375/3987/916 3374/3989/916 3377/3990/916
f 3377/3990/917 3374/3989/917 3373/3991/917 3378/3992/917
f 3378/3992/918 3373/3991/918 3372/3993/918 3379/3994/918
f 3379/3994/919 3372/3993/919 3371/3995/919 3380/3996/919
f 3380/3996/920 3371/3995/920 3370/3997/920 3381/3998/920
f 3381/3998/921 3370/3997/921 3369/3999/921 3382/4000/921
f 3382/4000/922 3369/3999/922 3368/4001/922 3383/4002/922
f 3383/4002/923 3368/4001/923 3367/4003/923 3384/4004/923
f 3384/4004/924 3367/4003/924 3366/4005/924 3385/4006/924
f 3385/4006/925 3366/4005/925 3365/4007/925 3386/4008/925
f 3386/4008/926 3365/4007/926 3364/4009/926 3387/4010/926
f 3387/4010/927 3364/4009/927 3363/4011/927 3388/4012/927
f 3388/4012/928 3363/4011/928 3362/4013/928 3389/4014/928
f 3389/4014/929 3362/4013/929 3361/4015/929 3390/4016/929
f 3390/4016/930 3361/4015/930 3360/4017/930 3391/4018/930
f 3391/4018/931 3360/4017/931 3359/4019/931 3392/4020/931
f 3392/4020/932 3359/4019/932 3358/4021/932 3393/4022/932
f 3393/4022/933 3358/4021/933 3357/4023/933 3394/4024/933
f 3394/4024/934 3357/4023/934 3356/4025/934 3395/4026/934
f 3395/4026/935 3356/4025/935 3355/4027/935 3396/4028/935
f 3396/4028/936 3355/4027/936 3354/4029/936 3397/4030/936
f 3397/4030/937 3354/4029/937 3353/4031/937 3398/4032/937
f 3398/4032/938 3353/4031/938 3352/4033/938 3399/4034/938
f 3399/4034/939 3352/4033/939 3351/4035/939 3400/4036/939
f 3400/4036/940 3351/4035/940 3350/4037/940 3401/4038/940
f 3401/4038/941 3350/4037/941 3349/4039/941 3402/4040/941
f 3402/4040/942 3349/4039/942 3348/4041/942 3403/4042/942
f 3403/4042/943 3348/4041/943 3347/4043/943 3404/4044/943
f 3404/4044/944 3347/4043/944 3346/4045/944 3405/4046/944
f 3405/4046/945 3346/4045/945 3345/4047/945 3406/4048/945
f 3406/4048/946 3345/4047/946 3344/4049/946 3407/4050/946
f 3407/4050/947 3344/4049/947 3343/4051/947 3408/4052/947
f 3408/4052/948 3343/4051/948 3342/4053/948 3409/4054/948
f 3409/4054/949 3342/4053/949 3341/4055/949 3410/4056/949
f 3410/4056/950 3341/4055/950 3340/4057/950 3411/4058/950
f 3411/4058/951 3340/4057/951 3339/4059/951 3412/4060/951
f 3412/4060/952 3339/4059/952 3338/4061/952 3413/4062/952
f 3413/4062/953 3338/4061/953 3337/4063/953 3414/4064/953
f 3414/4064/954 3337/4063/954 3336/4065/954 3415/4066/954
f 3415/4066/955 3336/4065/955 3335/4067/955 3416/4068/955
f 3416/4068/956 3335/4067/956 3334/4069/956 3417/4070/956
f 3417/4070/957 3334/4069/957 3333/4071/957 3418/4072/957
f 3418/4072/958 3333/4071/958 3332/4073/958 3419/4074/958
f 3419/4074/959 3332/4073/959 3331/4075/959 3420/4076/959
f 3420/4076/960 3331/4075/960 3330/4077/960 3421/4078/960
f 3421/4078/961 3330/4077/961 3329/4079/961 3422/4080/961
f 3422/4080/962 3329/4079/962 3328/4081/962 3423/4082/962
f 3423/4082/963 3328/4081/963 3327/4083/963 3424/4084/963
f 3424/4084/964 3327/4083/964 3326/3857/964 3425/3866/964
f 3250/3850/965 3249/3849/965 3376/3988/965 3475/3889/965
f 3475/3889/966 3376/3988/966 3377/3990/966 3474/3891/966
f 3474/3891/967 3377/3990/967 3378/3992/967 3473/3893/967
f 3473/3893/968 3378/3992/968 3379/3994/968 3472/3895/968
f 3472/3895/969 3379/3994/969 3380/3996/969 3471/3897/969
f 3471/3897/970 3380/3996/970 3381/3998/970 3470/3899/970
f 3470/3899/971 3381/3998/971 3382/4000/971 3469/3901/971
f 3469/3901/972 3382/4000/972 3383/4002/972 3468/3903/972
f 3468/3903/973 3383/4002/973 3384/4004/973 3467/3905/973
f 3467/3905/974 3384/4004/974 3385/4006/974 3466/3907/974
f 3466/3907/975 3385/4006/975 3386/4008/975 3465/3909/975
f 3465/3909/976 3386/4008/976 3387/4010/976 3464/3911/976
f 3464/3911/977 3387/4010/977 3388/4012/977 3463/3913/977
f 3463/3913/978 3388/4012/978 3389/4014/978 3462/3915/978
f 3462/3915/979 3389/4014/979 3390/4016/979 3461/3917/979
f 3461/3917/980 3390/4016/980 3391/4018/980 3460/3919/980
f 3460/3919/981 3391/4018/981 3392/4020/981 3459/3921/981
f 3459/3921/982 3392/4020/982 3393/4022/982 3458/3923/982
f 3458/3923/983 3393/4022/983 3394/4024/983 3457/3925/983
f 3457/3925/984 3394/4024/984 3395/4026/984 3456/3927/984
f 3456/3927/985 3395/4026/985 3396/4028/985 3455/3929/985
f 3455/3929/986 3396/4028/986 3397/4030/986 3454/3931/986
f 3454/3931/987 3397/4030/987 3398/4032/987 3453/3933/987
f 3453/3933/988 3398/4032/988 3399/4034/988 3452/3935/988
f 3452/3935/989 3399/4034/989 3400/4036/989 3451/3937/989
f 3451/3937/990 3400/4036/990 3401/4038/990 3450/3939/990
f 3450/3939/991 3401/4038/991 3402/4040/991 3449/3941/991
f 3449/3941/992 3402/4040/992 3403/4042/992 3448/3943/992
f 3448/3943/993 3403/4042/993 3404/4044/993 3447/3945/993
f 3447/3945/994 3404/4044/994 3405/4046/994 3446/3947/994
f 3446/3947/995 3405/4046/995 3406/4048/995 3445/3949/995
f 3445/3949/996 3406/4048/996 3407/4050/996 3444/3951/996
f 3444/3951/997 3407/4050/997 3408/4052/997 3443/3953/997
f 3443/3953/998 3408/4052/998 3409/4054/998 3442/3955/998
f 3442/3955/999 3409/4054/999 3410/4056/999 3441/3957/999
f 3441/3957/1000 3410/4056/1000 3411/4058/1000 3440/3959/1000
f 3440/3959/1001 3411/4058/1001 3412/4060/1001 3439/3961/1001
f 3439/3961/1002 3412/4060/1002 3413/4062/1002 3438/3963/1002
f 3438/3963/1003 3413/4062/1003 3414/4064/1003 3437/3965/1003
f 3437/3965/1004 3414/4064/1004 3415/4066/1004 3436/3967/1004
f 3436/3967/1005 3415/4066/1005 3416/4068/1005 3435/3969/1005
f 3435/3969/1006 3416/4068/1006 3417/4070/1006 3434/3971/1006
f 3434/3971/1007 3417/4070/1007 3418/4072/1007 3433/3973/1007
f 3433/3973/1008 3418/4072/1008 3419/4074/1008 3432/3975/1008
f 3432/3975/1009 3419/4074/1009 3420/4076/1009 3431/3977/1009
f 3431/3977/1010 3420/4076/1010 3421/4078/1010 3430/3979/1010
f 3430/3979/1011 3421/4078/1011 3422/4080/1011 3429/3981/1011
f 3429/3981/1012 3422/4080/1012 3423/4082/1012 3428/3983/1012
f 3428/3983/1013 3423/4082/1013 3424/4084/1013 3427/3985/1013
f 3427/3985/1014 3424/4084/1014 3425/3866/1014 3426/3865/1014
f 3254/3856/1015 3255/3855/1015 3276/3890/1015 3375/3987/1015
f 3375/3987/1016 3276/3890/1016 3277/3892/1016 3374/3989/1016
f 3374/3989/1017 3277/3892/1017 3278/3894/1017 3373/3991/1017
f 3373/3991/1018 3278/3894/1018 3279/3896/1018 3372/3993/1018
f 3372/3993/1019 3279/3896/1019 3280/3898/1019 3371/3995/1019
f 3371/3995/1020 3280/3898/1020 3281/3900/1020 3370/3997/1020
f 3370/3997/1021 3281/3900/1021 3282/3902/1021 3369/3999/1021
f 3369/3999/1022 3282/3902/1022 3283/3904/1022 3368/4001/1022
f 3368/4001/1023 3283/3904/1023 3284/3906/1023 3367/4003/1023
f 3367/4003/1024 3284/3906/1024 3285/3908/1024 3366/4005/1024
f 3366/4005/1025 3285/3908/1025 3286/3910/1025 3365/4007/1025
f 3365/4007/1026 3286/3910/1026 3287/3912/1026 3364/4009/1026
f 3364/4009/1027 3287/3912/1027 3288/3914/1027 3363/4011/1027
f 3363/4011/1028 3288/3914/1028 3289/3916/1028 3362/4013/1028
f 3362/4013/1029 3289/3916/1029 3290/3918/1029 3361/4015/1029
f 3361/4015/1030 3290/3918/1030 3291/3920/1030 3360/4017/1030
f 3360/4017/1031 3291/3920/1031 3292/3922/1031 3359/4019/1031
f 3359/4019/1032 3292/3922/1032 3293/3924/1032 3358/4021/1032
f 3358/4021/1033 3293/3924/1033 3294/3926/1033 3357/4023/1033
f 3357/4023/1034 3294/3926/1034 3295/3928/1034 3356/4025/1034
f 3356/4025/1035 3295/3928/1035 3296/3930/1035 3355/4027/1035
f 3355/4027/1036 3296/3930/1036 3297/3932/1036 3354/4029/1036
f 3354/4029/1037 3297/3932/1037 3298/3934/1037 3353/4031/1037
f 3353/4031/1038 3298/3934/1038 3299/3936/1038 3352/4033/1038
f 3352/4033/1039 3299/3936/1039 3300/3938/1039 3351/4035/1039
f 3351/4035/1040 3300/3938/1040 3301/3940/1040 3350/4037/1040
f 3350/4037/1041 3301/3940/1041 3302/3942/1041 3349/4039/1041
f 3349/4039/1042 3302/3942/1042 3303/3944/1042 3348/4041/1042
f 3348/4041/1043 3303/3944/1043 3304/3946/1043 3347/4043/1043
f 3347/4043/1044 3304/3946/1044 3305/3948/1044 3346/4045/1044
f 3346/4045/1045 3305/3948/1045 3306/3950/1045 3345/4047/1045
f 3345/4047/1046 3306/3950/1046 3307/3952/1046 3344/4049/1046
f 3344/4049/1047 3307/3952/1047 3308/3954/1047 3343/4051/1047
f 3343/4051/1048 3308/3954/1048 3309/3956/1048 3342/4053/1048
f 3342/4053/1049 3309/3956/1049 3310/3958/1049 3341/4055/1049
f 3341/4055/1050 3310/3958/1050 3311/3960/1050 3340/4057/1050
f 3340/4057/1051 3311/3960/1051 3312/3962/1051 3339/4059/1051
f 3339/4059/1052 3312/3962/1052 3313/3964/1052 3338/4061/1052
f 3338/4061/1053 3313/3964/1053 3314/3966/1053 3337/4063/1053
f 3337/4063/1054 3314/3966/1054 3315/3968/1054 3336/4065/1054
f 3336/4065/1055 3315/3968/1055 3316/3970/1055 3335/4067/1055
f 3335/4067/1056 3316/3970/1056 3317/3972/1056 3334/4069/1056
f 3334/4069/1057 3317/3972/1057 3318/3974/1057 3333/4071/1057
f 3333/4071/1058 3318/3974/1058 3319/3976/1058 3332/4073/1058
f 3332/4073/1059 3319/3976/1059 3320/3978/1059 3331/4075/1059
f 3331/4075/1060 3320/3978/1060 3321/3980/1060 3330/4077/1060
f 3330/4077/1061 3321/3980/1061 3322/3982/1061 3329/4079/1061
f 3329/4079/1062 3322/3982/1062 3323/3984/1062 3328/4081/1062
f 3328/4081/1063 3323/3984/1063 3324/3986/1063 3327/4083/1063
f 3327/4083/1064 3324/3986/1064 3325/3858/1064 3326/3857/1064
f 3256/3867/1065 3259/3860/1065 3515/4085/1065 3476/4086/1065
f 3476/4086/1066 3515/4085/1066 3514/4087/1066 3477/4088/1066
f 3477/4088/1067 3514/4087/1067 3513/4089/1067 3478/4090/1067
f 3478/4090/1068 3513/4089/1068 3512/4091/1068 3479/4092/1068
f 3479/4092/1069 3512/4091/1069 3511/4093/1069 3480/4094/1069
f 3480/4094/1070 3511/4093/1070 3510/4095/1070 3481/4096/1070
f 3481/4096/1071 3510/4095/1071 3509/4097/1071 3482/4098/1071
f 3482/4098/1072 3509/4097/1072 3508/4099/1072 3483/4100/1072
f 3483/4100/1073 3508/4099/1073 3507/4101/1073 3484/4102/1073
f 3484/4102/1074 3507/4101/1074 3506/3875/1074 3485/3862/1074
f 3259/3860/1075 3258/3859/1075 3505/4103/1075 3515/4085/1075
f 3515/4085/1076 3505/4103/1076 3504/4104/1076 3514/4087/1076
f 3514/4087/1077 3504/4104/1077 3503/4105/1077 3513/4089/1077
f 3513/4089/1078 3503/4105/1078 3502/4106/1078 3512/4091/1078
f 3512/4091/1079 3502/4106/1079 3501/4107/1079 3511/4093/1079
f 3511/4093/1080 3501/4107/1080 3500/4108/1080 3510/4095/1080
f 3510/4095/1081 3500/4108/1081 3499/4109/1081 3509/4097/1081
f 3509/4097/1082 3499/4109/1082 3498/4110/1082 3508/4099/1082
f 3508/4099/1083 3498/4110/1083 3497/4111/1083 3507/4101/1083
f 3507/4101/1084 3497/4111/1084 3496/3873/1084 3506/3875/1084
f 3258/3859/1085 3257/3868/1085 3495/4112/1085 3505/4103/1085
f 3505/4103/1086 3495/4112/1086 3494/4113/1086 3504/4104/1086
f 3504/4104/1087 3494/4113/1087 3493/4114/1087 3503/4105/1087
f 3503/4105/1088 3493/4114/1088 3492/4115/1088 3502/4106/1088
f 3502/4106/1089 3492/4115/1089 3491/4116/1089 3501/4107/1089
f 3501/4107/1090 3491/4116/1090 3490/4117/1090 3500/4108/1090
f 3500/4108/1091 3490/4117/1091 3489/4118/1091 3499/4109/1091
f 3499/4109/1092 3489/4118/1092 3488/4119/1092 3498/4110/1092
f 3498/4110/1093 3488/4119/1093 3487/4120/1093 3497/4111/1093
f 3497/4111/1094 3487/4120/1094 3486/3861/1094 3496/3873/1094
f 3257/3868/1095 3256/3867/1095 3476/4086/1095 3495/4112/1095
f 3495/4112/1096 3476/4086/1096 3477/4088/1096 3494/4113/1096
f 3494/4113/1097 3477/4088/1097 3478/4090/1097 3493/4114/1097
f 3493/4114/1098 3478/4090/1098 3479/4092/1098 3492/4115/1098
f 3492/4115/1099 3479/4092/1099 3480/4094/1099 3491/4116/1099
f 3491/4116/1100 3480/4094/1100 3481/4096/1100 3490/4117/1100
f 3490/4117/1101 3481/4096/1101 3482/4098/1101 3489/4118/1101
f 3489/4118/1102 3482/4098/1102 3483/4100/1102 3488/4119/1102
f 3488/4119/1103 3483/4100/1103 3484/4102/1103 3487/4120/1103
f 3487/4120/1104 3484/4102/1104 3485/3862/1104 3486/3861/1104
f 3263/3876/1105 3262/3874/1105 3635/4121/1105 3516/4122/1105
f 3516/4122/1106 3635/4121/1106 3634/4123/1106 3517/4124/1106
f 3517/4124/1107 3634/4123/1107 3633/4125/1107 3518/4126/1107
f 3518/4126/1108 3633/4125/1108 3632/4127/1108 3519/4128/1108
f 3519/4128/1109 3632/4127/1109 3631/4129/1109 3520/4130/1109
f 3520/4130/1110 3631/4129/1110 3630/4131/1110 3521/4132/1110
f 3521/4132/1111 3630/4131/1111 3629/4133/1111 3522/4134/1111
f 3522/4134/1112 3629/4133/1112 3628/4135/1112 3523/4136/1112
f 3523/4136/1113 3628/4135/1113 3627/4137/1113 3524/4138/1113
f 3524/4138/1114 3627/4137/1114 3626/4139/1114 3525/4140/1114
f 3525/4140/1115 3626/4139/1115 3625/4141/1115 3526/4142/1115
f 3526/4142/1116 3625/4141/1116 3624/4143/1116 3527/4144/1116
f 3527/4144/1117 3624/4143/1117 3623/4145/1117 3528/4146/1117
f 3528/4146/1118 3623/4145/1118 3622/4147/1118 3529/4148/1118
f 3529/4148/1119 3622/4147/1119 3621/4149/1119 3530/4150/1119
f 3530/4150/1120 3621/4149/1120 3620/4151/1120 3531/4152/1120
f 3531/4152/1121 3620/4151/1121 3619/4153/1121 3532/4154/1121
f 3532/4154/1122 3619/4153/1122 3618/4155/1122 3533/4156/1122
f 3533/4156/1123 3618/4155/1123 3617/4157/1123 3534/4158/1123
f 3534/4158/1124 3617/4157/1124 3616/4159/1124 3535/4160/1124
f 3535/4160/1125 3616/4159/1125 3615/4161/1125 3536/4162/1125
f 3536/4162/1126 3615/4161/1126 3614/4163/1126 3537/4164/1126
f 3537/4164/1127 3614/4163/1127 3613/4165/1127 3538/4166/1127
f 3538/4166/1128 3613/4165/1128 3612/4167/1128 3539/4168/1128
f 3539/4168/1129 3612/4167/1129 3611/4169/1129 3540/4170/1129
f 3540/4170/1130 3611/4169/1130 3610/4171/1130 3541/4172/1130
f 3541/4172/1131 3610/4171/1131 3609/4173/1131 3542/4174/1131
f 3542/4174/1132 3609/4173/1132 3608/4175/1132 3543/4176/1132
f 3543/4176/1133 3608/4175/1133 3607/4177/1133 3544/4178/1133
f 3544/4178/1134 3607/4177/1134 3606/3882/1134 3545/3870/1134
f 3262/3874/1135 3261/3864/1135 3605/4179/1135 3635/4121/1135
f 3635/4121/1136 3605/4179/1136 3604/4180/1136 3634/4123/1136
f 3634/4123/1137 3604/4180/1137 3603/4181/1137 3633/4125/1137
f 3633/4125/1138 3603/4181/1138 3602/4182/1138 3632/4127/1138
f 3632/4127/1139 3602/4182/1139 3601/4183/1139 3631/4129/1139
f 3631/4129/1140 3601/4183/1140 3600/4184/1140 3630/4131/1140
f 3630/4131/1141 3600/4184/1141 3599/4185/1141 3629/4133/1141
f 3629/4133/1142 3599/4185/1142 3598/4186/1142 3628/4135/1142
f 3628/4135/1143 3598/4186/1143 3597/4187/1143 3627/4137/1143
f 3627/4137/1144 3597/4187/1144 3596/4188/1144 3626/4139/1144
f 3626/4139/1145 3596/4188/1145 3595/4189/1145 3625/4141/1145
f 3625/4141/1146 3595/4189/1146 3594/4190/1146 3624/4143/1146
f 3624/4143/1147 3594/4190/1147 3593/4191/1147 3623/4145/1147
f 3623/4145/1148 3593/4191/1148 3592/4192/1148 3622/4147/1148
f 3622/4147/1149 3592/4192/1149 3591/4193/1149 3621/4149/1149
f 3621/4149/1150 3591/4193/1150 3590/4194/1150 3620/4151/1150
f 3620/4151/1151 3590/4194/1151 3589/4195/1151 3619/4153/1151
f 3619/4153/1152 3589/4195/1152 3588/4196/1152 3618/4155/1152
f 3618/4155/1153 3588/4196/1153 3587/4197/1153 3617/4157/1153
f 3617/4157/1154 3587/4197/1154 3586/4198/1154 3616/4159/1154
f 3616/4159/1155 3586/4198/1155 3585/4199/1155 3615/4161/1155
f 3615/4161/1156 3585/4199/1156 3584/4200/1156 3614/4163/1156
f 3614/4163/1157 3584/4200/1157 3583/4201/1157 3613/4165/1157
f 3613/4165/1158 3583/4201/1158 3582/4202/1158 3612/4167/1158
f 3612/4167/1159 3582/4202/1159 3581/4203/1159 3611/4169/1159
f 3611/4169/1160 3581/4203/1160 3580/4204/1160 3610/4171/1160
f 3610/4171/1161 3580/4204/1161 3579/4205/1161 3609/4173/1161
f 3609/4173/1162 3579/4205/1162 3578/4206/1162 3608/4175/1162
f 3608/4175/1163 3578/4206/1163 3577/4207/1163 3607/4177/1163
f 3607/4177/1164 3577/4207/1164 3576/3881/1164 3606/3882/1164
f 3261/3864/1165 3260/3863/1165 3575/4208/1165 3605/4179/1165
f 3605/4179/1166 3575/4208/1166 3574/4209/1166 3604/4180/1166
f 3604/4180/1167 3574/4209/1167 3573/4210/1167 3603/4181/1167
f 3603/4181/1168 3573/4210/1168 3572/4211/1168 3602/4182/1168
f 3602/4182/1169 3572/4211/1169 3571/4212/1169 3601/4183/1169
f 3601/4183/1170 3571/4212/1170 3570/4213/1170 3600/4184/1170
f 3600/4184/1171 3570/4213/1171 3569/4214/1171 3599/4185/1171
f 3599/4185/1172 3569/4214/1172 3568/4215/1172 3598/4186/1172
f 3598/4186/1173 3568/4215/1173 3567/4216/1173 3597/4187/1173
f 3597/4187/1174 3567/4216/1174 3566/4217/1174 3596/4188/1174
f 3596/4188/1175 3566/4217/1175 3565/4218/1175 3595/4189/1175
f 3595/4189/1176 3565/4218/1176 3564/4219/1176 3594/4190/1176
f 3594/4190/1177 3564/4219/1177 3563/4220/1177 3593/4191/1177
f 3593/4191/1178 3563/4220/1178 3562/4221/1178 3592/4192/1178
f 3592/4192/1179 3562/4221/1179 3561/4222/1179 3591/4193/1179
f 3591/4193/1180 3561/4222/1180 3560/4223/1180 3590/4194/1180
f 3590/4194/1181 3560/4223/1181 3559/4224/1181 3589/4195/1181
f 3589/4195/1182 3559/4224/1182 3558/4225/1182 3588/4196/1182
f 3588/4196/1183 3558/4225/1183 3557/4226/1183 3587/4197/1183
f 3587/4197/1184 3557/4226/1184 3556/4227/1184 3586/4198/1184
f 3586/4198/1185 3556/4227/1185 3555/4228/1185 3585/4199/1185
f 3585/4199/1186 3555/4228/1186 3554/4229/1186 3584/4200/1186
f 3584/4200/1187 3554/4229/1187 3553/4230/1187 3583/4201/1187
f 3583/4201/1188 3553/4230/1188 3552/4231/1188 3582/4202/1188
f 3582/4202/1189 3552/4231/1189 3551/4232/1189 3581/4203/1189
f 3581/4203/1190 3551/4232/1190 3550/4233/1190 3580/4204/1190
f 3580/4204/1191 3550/4233/1191 3549/4234/1191 3579/4205/1191
f 3579/4205/1192 3549/4234/1192 3548/4235/1192 3578/4206/1192
f 3578/4206/1193 3548/4235/1193 3547/4236/1193 3577/4207/1193
f 3577/4207/1194 3547/4236/1194 3546/3869/1194 3576/3881/1194
f 3260/3863/1195 3263/3876/1195 3516/4122/1195 3575/4208/1195
f 3575/4208/1196 3516/4122/1196 3517/4124/1196 3574/4209/1196
f 3574/4209/1197 3517/4124/1197 3518/4126/1197 3573/4210/1197
f 3573/4210/1198 3518/4126/1198 3519/4128/1198 3572/4211/1198
f 3572/4211/1199 3519/4128/1199 3520/4130/1199 3571/4212/1199
f 3571/4212/1200 3520/4130/1200 3521/4132/1200 3570/4213/1200
f 3570/4213/1201 3521/4132/1201 3522/4134/1201 3569/4214/1201
f 3569/4214/1202 3522/4134/1202 3523/4136/1202 3568/4215/1202
f 3568/4215/1203 3523/4136/1203 3524/4138/1203 3567/4216/1203
f 3567/4216/1204 3524/4138/1204 3525/4140/1204 3566/4217/1204
f 3566/4217/1205 3525/4140/1205 3526/4142/1205 3565/4218/1205
f 3565/4218/1206 3526/4142/1206 3527/4144/1206 3564/4219/1206
f 3564/4219/1207 3527/4144/1207 3528/4146/1207 3563/4220/1207
f 3563/4220/1208 3528/4146/1208 3529/4148/1208 3562/4221/1208
f 3562/4221/1209 3529/4148/1209 3530/4150/1209 3561/4222/1209
f 3561/4222/1210 3530/4150/1210 3531/4152/1210 3560/4223/1210
f 3560/4223/1211 3531/4152/1211 3532/4154/1211 3559/4224/1211
f 3559/4224/1212 3532/4154/1212 3533/4156/1212 3558/4225/1212
f 3558/4225/1213 3533/4156/1213 3534/4158/1213 3557/4226/1213
f 3557/4226/1214 3534/4158/1214 3535/4160/1214 3556/4227/1214
f 3556/4227/1215 3535/4160/1215 3536/4162/1215 3555/4228/1215
f 3555/4228/1216 3536/4162/1216 3537/4164/1216 3554/4229/1216
f 3554/4229/1217 3537/4164/1217 3538/4166/1217 3553/4230/1217
f 3553/4230/1218 3538/4166/1218 3539/4168/1218 3552/4231/1218
f 3552/4231/1219 3539/4168/1219 3540/4170/1219 3551/4232/1219
f 3551/4232/1220 3540/4170/1220 3541/4172/1220 3550/4233/1220
f 3550/4233/1221 3541/4172/1221 3542/4174/1221 3549/4234/1221
f 3549/4234/1222 3542/4174/1222 3543/4176/1222 3548/4235/1222
f 3548/4235/1223 3543/4176/1223 3544/4178/1223 3547/4236/1223
f 3547/4236/1224 3544/4178/1224 3545/3870/1224 3546/3869/1224
f 3637/4237/1225 3639/4238/1225 3647/4239/1225 3646/4240/1225
f 3638/4241/845 3639/4238/845 3643/4242/845 3642/4243/845
f 3642/4243/845 3643/4242/845 3648/4244/845 3649/4245/845
f 3640/4246/843 3641/4247/843 3637/4237/843 3636/4248/843
f 3638/4241/847 3642/4243/847 3640/4246/847 3636/4248/847
f 3643/4242/846 3639/4238/846 3637/4237/846 3641/4247/846
f 3645/4249/844 3646/4240/844 3647/4239/844 3644/4250/844
f 3638/4241/1226 3636/4248/1226 3645/4249/1226 3644/4250/1226
f 3639/4238/845 3638/4241/845 3644/4250/845 3647/4239/845
f 3636/4248/843 3637/4237/843 3646/4240/843 3645/4249/843
f 3649/4245/842 3648/4244/842 3651/4251/842 3650/4252/842
f 3641/4247/843 3640/4246/843 3650/4252/843 3651/4251/843
f 3640/4246/1227 3642/4243/1227 3649/4245/1227 3650/4252/1227
f 3643/4242/1228 3641/4247/1228 3651/4251/1228 3648/4244/1228
o Fence_Cube.006
v 5.920254 6.517330 20.824160
v 5.920254 6.714512 20.824160
v 5.920254 6.517330 -14.927199
v 5.920254 6.714512 -14.927199
v 6.208103 6.517330 20.824160
v 6.208103 6.714512 20.824160
v 6.208103 6.517330 -14.927199
v 6.208103 6.714512 -14.927199
v 0.332875 6.714512 -33.104805
v 0.332875 6.517330 -33.104805
v 0.620725 6.517330 -33.104805
v 0.620725 6.714512 -33.104805
v 4.959247 6.517330 30.319273
v 4.959247 6.714512 30.319273
v 5.247097 6.714512 30.319273
v 5.247097 6.517330 30.319273
v 4.959247 6.517330 30.687563
v 4.959247 6.714512 30.687563
v 5.247097 6.714512 30.687563
v 5.247097 6.517330 30.687563
v -4.737512 6.517330 30.319273
v -4.737512 6.714512 30.319273
v -4.737512 6.517330 30.687563
v -4.737512 6.714512 30.687563
v -5.044171 6.517330 30.319273
v -5.044171 6.714512 30.319273
v -5.044171 6.517330 30.687563
v -5.044171 6.714512 30.687563
v -5.729099 6.517330 20.630648
v -5.729099 6.714512 20.630648
v -6.035758 6.517330 20.630648
v -6.035758 6.714512 20.630648
v -5.729099 6.517330 -15.043882
v -5.729099 6.714512 -15.043882
v -6.035758 6.517330 -15.043882
v -6.035758 6.714512 -15.043882
v -0.167822 6.517330 -33.025345
v -0.167822 6.714512 -33.025345
v -0.474481 6.517330 -33.025345
v -0.474481 6.714512 -33.025345
v 5.791609 6.714512 -15.345725
v 5.791609 6.517330 -15.345725
v 6.079458 6.517330 -15.345725
v 6.079458 6.714512 -15.345725
v 6.169693 5.752829 -14.965796
v 5.934936 5.752829 -14.965796
v 5.830019 5.752829 -15.307128
v 6.064776 5.752829 -15.307128
v -6.035758 6.517330 -14.697602
v -5.729099 6.517330 -14.697602
v -5.729099 6.714512 -14.697602
v -6.035758 6.714512 -14.697602
v -5.985909 5.749942 -14.987593
v -5.778948 5.749942 -14.987593
v -5.985909 5.749942 -14.753892
v -5.778948 5.749942 -14.753892
v -6.001168 6.714512 20.968622
v -6.001168 6.517330 20.968622
v -5.694509 6.714512 20.968622
v -5.694509 6.517330 20.968622
v -5.957580 5.687043 20.708076
v -5.791429 5.687043 20.708076
v -5.938838 5.687043 20.891193
v -5.772688 5.687043 20.891193
v -4.851586 6.191228 30.550564
v -4.851586 6.191228 30.456272
v -4.930097 6.191228 30.550564
v -4.930097 6.191228 30.456272
v 5.078888 6.162751 30.472349
v 5.127455 6.162751 30.472349
v 5.078888 6.162751 30.534487
v 5.127455 6.162751 30.534487
v 5.897551 6.517330 21.048471
v 5.897551 6.714512 21.048471
v 6.185400 6.517330 21.048471
v 6.185400 6.714512 21.048471
v 6.000535 5.736608 20.892076
v 6.114074 5.736608 20.892076
v 5.991580 5.736608 20.980555
v 6.105119 5.736608 20.980555
v -0.600970 5.496150 -32.735241
v -0.600970 6.734924 -32.735241
v -0.151590 5.496150 -34.038784
v -0.151590 6.734924 -34.038784
v 0.754431 5.496150 -32.735241
v 0.754431 6.734924 -32.735241
v 0.308279 5.496150 -34.038784
v 0.308279 6.734924 -34.038784
v -0.151590 7.922465 -43.672482
v -0.151590 6.390057 -37.153797
v 0.308279 6.390057 -37.153797
v 0.308279 7.922465 -43.672482
vt 0.855469 0.464844
vt 0.855469 0.464844
vt 0.855469 0.464844
vt 0.855469 0.464844
vt 0.855469 0.464844
vt 0.855469 0.464844
vt 0.855469 0.464844
vt 0.855469 0.464844
vt 0.855469 0.464844
vt 0.855469 0.464844
vt 0.855469 0.464844
vt 0.855469 0.464844
vt 0.855469 0.464844
vt 0.855469 0.464844
vt 0.855469 0.464844
vt 0.855469 0.464844
vt 0.855469 0.464844
vt 0.855469 0.464844
vt 0.855469 0.464844
vt 0.855469 0.464844
vt 0.855469 0.464844
vt 0.855469 0.464844
vt 0.855469 0.464844
vt 0.855469 0.464844
vt 0.855469 0.464844
vt 0.855469 0.464844
vt 0.855469 0.464844
vt 0.855469 0.464844
vt 0.855469 0.464844
vt 0.855469 0.464844
vt 0.855469 0.464844
vt 0.855469 0.464844
vt 0.855469 0.464844
vt 0.855469 0.464844
vt 0.855469 0.464844
vt 0.855469 0.464844
vt 0.855469 0.464844
vt 0.855469 0.464844
vt 0.855469 0.464844
vt 0.855469 0.464844
vt 0.855469 0.464844
vt 0.855469 0.464844
vt 0.855469 0.464844
vt 0.855469 0.464844
vt 0.855469 0.464844
vt 0.855469 0.464844
vt 0.855469 0.464844
vt 0.855469 0.464844
vt 0.855469 0.464844
vt 0.855469 0.464844
vt 0.855469 0.464844
vt 0.855469 0.464844
vt 0.855469 0.464844
vt 0.855469 0.464844
vt 0.855469 0.464844
vt 0.855469 0.464844
vt 0.855469 0.464844
vt 0.855469 0.464844
vt 0.855469 0.464844
vt 0.855469 0.464844
vt 0.855469 0.464844
vt 0.855469 0.464844
vt 0.855469 0.464844
vt 0.855469 0.464844
vt 0.855469 0.464844
vt 0.855469 0.464844
vt 0.855469 0.464844
vt 0.855469 0.464844
vt 0.855469 0.464844
vt 0.855469 0.464844
vt 0.855469 0.464844
vt 0.855469 0.464844
vt 0.855469 0.464844
vt 0.855469 0.464844
vt 0.855469 0.464844
vt 0.855469 0.464844
vt 0.855469 0.464844
vt 0.855469 0.464844
vt 0.855469 0.464844
vt 0.855469 0.464844
vt 0.843750 0.468750
vt 0.843750 0.468750
vt 0.843750 0.468750
vt 0.843750 0.468750
vt 0.843750 0.468750
vt 0.843750 0.468750
vt 0.843750 0.468750
vt 0.843750 0.468750
vt 0.843750 0.468750
vt 0.843750 0.468750
vt 0.843750 0.468750
vt 0.843750 0.468750
vn -1.0000 0.0000 0.0000
vn -0.9559 0.0000 0.2938
vn 1.0000 0.0000 0.0000
vn -0.9949 0.0000 -0.1007
vn 0.0000 -1.0000 0.0000
vn 0.0000 1.0000 0.0000
vn 0.0000 0.0000 -1.0000
vn 0.9559 0.0000 -0.2938
vn 0.9949 0.0000 0.1007
vn 0.0000 0.0000 1.0000
vn -0.9475 -0.3197 0.0000
vn 0.9439 -0.3302 0.0000
vn -0.9948 0.0000 0.1018
vn 0.0000 -0.0732 0.9973
vn 0.0000 -0.0929 0.9957
vn 0.9948 0.0000 -0.1018
vn -0.9554 0.0000 -0.2955
vn 0.9554 0.0000 0.2955
vn 0.9553 -0.0332 -0.2936
vn -0.9553 -0.0332 0.2936
vn 0.0000 -0.0504 0.9987
vn 0.0000 -0.0504 -0.9987
vn -0.9979 -0.0648 0.0000
vn 0.0000 -0.0732 -0.9973
vn 0.9979 -0.0648 0.0000
vn 0.9913 -0.0839 -0.1015
vn 0.0000 -0.0929 -0.9957
vn -0.9913 -0.0839 0.1015
vn 0.0000 -0.3873 0.9219
vn 0.0000 -0.3873 -0.9219
vn -0.9439 -0.3302 0.0000
vn 0.0000 -0.3964 -0.9181
vn 0.9475 -0.3197 0.0000
vn 0.0000 -0.3964 0.9181
vn 0.0000 -0.0867 0.9962
vn 0.0000 -0.0867 -0.9962
vn 0.9888 -0.1104 0.1001
vn -0.9888 -0.1104 -0.1001
vn -0.9454 0.0000 -0.3259
vn 0.9461 0.0000 -0.3238
vn 0.0000 -0.9735 -0.2288
vn 0.0000 -0.9612 -0.2758
vn 0.0000 0.9925 0.1223
usemtl Material.001
s off
f 3652/4253/1229 3653/4254/1229 3655/4255/1229 3654/4256/1229
f 3693/4257/1230 3692/4258/1230 3660/4259/1230 3661/4260/1230
f 3658/4261/1231 3659/4262/1231 3657/4263/1231 3656/4264/1231
f 3725/4265/1232 3724/4266/1232 3664/4267/1232 3665/4268/1232
f 3654/4256/1233 3658/4261/1233 3656/4264/1233 3652/4253/1233
f 3659/4262/1234 3655/4255/1234 3653/4254/1234 3657/4263/1234
f 3661/4260/1235 3660/4259/1235 3663/4269/1235 3662/4270/1235
f 3695/4271/1236 3694/4272/1236 3662/4270/1236 3663/4269/1236
f 3694/4272/1233 3693/4257/1233 3661/4260/1233 3662/4270/1233
f 3692/4258/1234 3695/4271/1234 3663/4269/1234 3660/4259/1234
f 3666/4273/1234 3665/4268/1234 3669/4274/1234 3670/4275/1234
f 3724/4266/1233 3726/4276/1233 3667/4277/1233 3664/4267/1233
f 3727/4278/1234 3725/4265/1234 3665/4268/1234 3666/4273/1234
f 3726/4276/1237 3727/4278/1237 3666/4273/1237 3667/4277/1237
f 3671/4279/1238 3670/4275/1238 3669/4274/1238 3668/4280/1238
f 3667/4277/1231 3666/4273/1231 3670/4275/1231 3671/4279/1231
f 3668/4280/1239 3664/4267/1239 3720/4281/1239 3722/4282/1239
f 3669/4274/1234 3665/4268/1234 3673/4283/1234 3675/4284/1234
f 3672/4285/1240 3674/4286/1240 3716/4287/1240 3717/4288/1240
f 3668/4280/1238 3669/4274/1238 3675/4284/1238 3674/4286/1238
f 3664/4267/1233 3668/4280/1233 3674/4286/1233 3672/4285/1233
f 3665/4268/1235 3664/4267/1235 3672/4285/1235 3673/4283/1235
f 3677/4289/1229 3676/4290/1229 3678/4291/1229 3679/4292/1229
f 3674/4286/1238 3675/4284/1238 3679/4292/1238 3678/4291/1238
f 3675/4284/1234 3673/4283/1234 3677/4289/1234 3679/4292/1234
f 3709/4293/1241 3708/4294/1241 3683/4295/1241 3682/4296/1241
f 3701/4297/1242 3700/4298/1242 3706/4299/1242 3707/4300/1242
f 3708/4294/1234 3710/4301/1234 3681/4302/1234 3683/4295/1234
f 3711/4303/1243 3709/4293/1243 3714/4304/1243 3715/4305/1243
f 3710/4301/1244 3711/4303/1244 3680/4306/1244 3681/4302/1244
f 3687/4307/1234 3685/4308/1234 3689/4309/1234 3691/4310/1234
f 3702/4311/1231 3701/4297/1231 3684/4312/1231 3685/4308/1231
f 3703/4313/1234 3702/4311/1234 3685/4308/1234 3687/4307/1234
f 3700/4298/1229 3703/4313/1229 3687/4307/1229 3686/4314/1229
f 3689/4309/1235 3688/4315/1235 3690/4316/1235 3691/4310/1235
f 3686/4314/1245 3687/4307/1245 3691/4310/1245 3690/4316/1245
f 3684/4312/1233 3686/4314/1233 3690/4316/1233 3688/4315/1233
f 3685/4308/1246 3684/4312/1246 3688/4315/1246 3689/4309/1246
f 3655/4255/1234 3659/4262/1234 3695/4271/1234 3692/4258/1234
f 3694/4272/1247 3658/4261/1247 3696/4317/1247 3699/4318/1247
f 3659/4262/1236 3658/4261/1236 3694/4272/1236 3695/4271/1236
f 3654/4256/1230 3655/4255/1230 3692/4258/1230 3693/4257/1230
f 3696/4317/1233 3697/4319/1233 3698/4320/1233 3699/4318/1233
f 3654/4256/1248 3693/4257/1248 3698/4320/1248 3697/4319/1248
f 3658/4261/1249 3654/4256/1249 3697/4319/1249 3696/4317/1249
f 3693/4257/1250 3694/4272/1250 3699/4318/1250 3698/4320/1250
f 3682/4296/1229 3683/4295/1229 3703/4313/1229 3700/4298/1229
f 3683/4295/1234 3681/4302/1234 3702/4311/1234 3703/4313/1234
f 3681/4302/1231 3680/4306/1231 3701/4297/1231 3702/4311/1231
f 3680/4306/1233 3682/4296/1233 3700/4298/1233 3701/4297/1233
f 3707/4300/1233 3706/4299/1233 3704/4321/1233 3705/4322/1233
f 3700/4298/1251 3686/4314/1251 3704/4321/1251 3706/4299/1251
f 3686/4314/1252 3684/4312/1252 3705/4322/1252 3704/4321/1252
f 3684/4312/1253 3701/4297/1253 3707/4300/1253 3705/4322/1253
f 3673/4283/1244 3672/4285/1244 3711/4303/1244 3710/4301/1244
f 3672/4285/1233 3676/4290/1233 3709/4293/1233 3711/4303/1233
f 3677/4289/1234 3673/4283/1234 3710/4301/1234 3708/4294/1234
f 3676/4290/1241 3677/4289/1241 3708/4294/1241 3709/4293/1241
f 3715/4305/1233 3714/4304/1233 3712/4323/1233 3713/4324/1233
f 3680/4306/1254 3711/4303/1254 3715/4305/1254 3713/4324/1254
f 3682/4296/1255 3680/4306/1255 3713/4324/1255 3712/4323/1255
f 3709/4293/1256 3682/4296/1256 3712/4323/1256 3714/4304/1256
f 3717/4288/1233 3716/4287/1233 3718/4325/1233 3719/4326/1233
f 3674/4286/1257 3678/4291/1257 3718/4325/1257 3716/4287/1257
f 3676/4290/1258 3672/4285/1258 3717/4288/1258 3719/4326/1258
f 3678/4291/1259 3676/4290/1259 3719/4326/1259 3718/4325/1259
f 3720/4281/1233 3721/4327/1233 3723/4328/1233 3722/4282/1233
f 3664/4267/1260 3667/4277/1260 3721/4327/1260 3720/4281/1260
f 3667/4277/1261 3671/4279/1261 3723/4328/1261 3721/4327/1261
f 3671/4279/1262 3668/4280/1262 3722/4282/1262 3723/4328/1262
f 3656/4264/1237 3657/4263/1237 3727/4278/1237 3726/4276/1237
f 3657/4263/1234 3653/4254/1234 3725/4265/1234 3727/4278/1234
f 3726/4276/1263 3724/4266/1263 3730/4329/1263 3731/4330/1263
f 3653/4254/1232 3652/4253/1232 3724/4266/1232 3725/4265/1232
f 3728/4331/1233 3729/4332/1233 3731/4330/1233 3730/4329/1233
f 3652/4253/1264 3656/4264/1264 3729/4332/1264 3728/4331/1264
f 3656/4264/1265 3726/4276/1265 3731/4330/1265 3729/4332/1265
f 3724/4266/1266 3652/4253/1266 3728/4331/1266 3730/4329/1266
f 3732/4333/1267 3733/4334/1267 3735/4335/1267 3734/4336/1267
f 3734/4336/1229 3735/4335/1229 3740/4337/1229 3741/4338/1229
f 3738/4339/1268 3739/4340/1268 3737/4341/1268 3736/4342/1268
f 3736/4342/1238 3737/4341/1238 3733/4334/1238 3732/4333/1238
f 3734/4336/1233 3738/4339/1233 3736/4342/1233 3732/4333/1233
f 3739/4340/1234 3735/4335/1234 3733/4334/1234 3737/4341/1234
f 3741/4338/1269 3740/4337/1269 3743/4343/1269 3742/4344/1269
f 3739/4340/1231 3738/4339/1231 3742/4344/1231 3743/4343/1231
f 3738/4339/1270 3734/4336/1270 3741/4338/1270 3742/4344/1270
f 3735/4335/1271 3739/4340/1271 3743/4343/1271 3740/4337/1271
o Flag_Cube.007
v 0.050991 52.297272 6.186088
v 0.050991 56.653664 6.186088
v 0.050991 52.297272 6.300358
v 0.050991 56.653664 6.300358
v -0.063279 52.297272 6.186088
v -0.063279 56.653664 6.186088
v -0.063279 52.297272 6.300358
v -0.063279 56.653664 6.300358
v 0.066867 52.936527 6.268660
v 0.033638 56.482746 6.322283
v 0.036486 52.935158 12.651087
v -0.376574 56.464241 12.640248
v 0.033902 52.935040 9.383275
v -0.057224 54.704788 6.405332
v -0.125810 56.475552 9.383275
v 0.116847 54.712639 13.068608
v 0.057402 54.709957 9.383275
v 0.050621 52.935795 7.815424
v 0.012436 55.594860 6.395969
v -0.224765 56.471088 10.963749
v 0.150805 53.827244 12.921267
v 0.021932 52.934498 10.964518
v 0.000057 53.820442 6.339631
v -0.065986 56.478252 7.834354
v -0.111181 55.589283 12.915632
v 0.080159 54.710983 11.140950
v -0.014486 54.706715 7.868200
v 0.068005 53.823505 9.383275
v -0.011851 55.593765 9.383275
v -0.010018 55.593845 7.864923
v 0.042432 53.822353 7.839268
v 0.088407 53.824429 11.074201
v -0.046422 55.592205 11.073421
v 0.087930 52.937477 7.045248
v 0.046451 56.039860 6.362925
v -0.300847 56.467655 11.818518
v 0.103301 53.381634 12.785343
v 0.019849 52.934406 10.168364
v -0.047801 54.261749 6.378518
v -0.134812 56.475147 8.598889
v 0.017119 55.151604 13.025061
v 0.136795 54.713539 12.163888
v 0.034066 54.708904 8.601435
v 0.055235 53.379467 9.383275
v 0.029671 55.152172 9.383275
v 0.022070 52.934505 8.598186
v -0.034785 55.149265 6.411305
v -0.145761 56.474651 10.168364
v 0.161610 54.271194 13.026218
v 0.056438 52.936054 11.824179
v 0.049582 53.379211 6.299369
v 0.026737 56.482433 7.088593
v -0.249291 56.026516 12.775001
v 0.040835 54.709209 10.181209
v -0.014827 54.706699 7.154377
v 0.069599 54.267044 9.383275
v -0.064549 56.034851 9.383275
v -0.032127 55.592850 8.601512
v 0.037375 55.595985 7.147463
v -0.013289 55.150234 7.871553
v -0.024278 56.036667 7.850706
v 0.047502 53.822582 8.598464
v 0.046209 53.822525 7.101279
v 0.056838 53.379539 7.825079
v 0.013192 54.264500 7.855956
v 0.162879 53.827785 12.046569
v 0.048014 53.822605 10.169703
v 0.059342 53.379650 11.013087
v 0.097802 54.268314 11.122687
v -0.057056 55.591724 12.044204
v -0.032395 55.592838 10.169703
v 0.031167 55.152241 11.122435
v -0.138414 56.031517 11.011873
v -0.085522 56.033905 10.168364
v 0.011767 55.151363 10.177199
v 0.053325 55.153240 12.131490
v 0.051695 54.266235 10.177199
v 0.038233 53.378700 10.168364
v 0.118545 53.382324 11.933873
v -0.000383 54.263885 7.132867
v 0.081814 53.380665 7.068880
v 0.039654 53.378765 8.598186
v 0.052916 56.040150 7.121254
v 0.001234 55.150890 7.159699
v 0.007146 55.151157 8.602236
v -0.078265 56.034233 8.600489
v 0.047074 54.266029 8.599946
v 0.174933 54.271797 12.131560
v -0.182610 56.029526 11.928598
vt 0.972656 0.460938
vt 0.972656 0.460938
vt 0.972656 0.460938
vt 0.972656 0.460938
vt 0.972656 0.460938
vt 0.972656 0.460938
vt 0.972656 0.460938
vt 0.972656 0.460938
vt 0.968750 0.906250
vt 0.968750 0.906250
vt 0.968750 0.906250
vt 0.968750 0.906250
vt 0.968750 0.906250
vt 0.968750 0.906250
vt 0.968750 0.906250
vt 0.968750 0.906250
vt 0.968750 0.906250
vt 0.968750 0.906250
vt 0.968750 0.906250
vt 0.968750 0.906250
vt 0.968750 0.906250
vt 0.968750 0.906250
vt 0.968750 0.906250
vt 0.968750 0.906250
vt 0.968750 0.906250
vt 0.968750 0.906250
vt 0.968750 0.906250
vt 0.968750 0.906250
vt 0.968750 0.906250
vt 0.968750 0.906250
vt 0.968750 0.906250
vt 0.968750 0.906250
vt 0.968750 0.906250
vt 0.968750 0.906250
vt 0.968750 0.906250
vt 0.968750 0.906250
vt 0.968750 0.906250
vt 0.968750 0.906250
vt 0.968750 0.906250
vt 0.968750 0.906250
vt 0.968750 0.906250
vt 0.968750 0.906250
vt 0.968750 0.906250
vt 0.968750 0.906250
vt 0.968750 0.906250
vt 0.968750 0.906250
vt 0.968750 0.906250
vt 0.968750 0.906250
vt 0.968750 0.906250
vt 0.968750 0.906250
vt 0.968750 0.906250
vt 0.968750 0.906250
vt 0.968750 0.906250
vt 0.968750 0.906250
vt 0.968750 0.906250
vt 0.968750 0.906250
vt 0.968750 0.906250
vt 0.968750 0.906250
vt 0.968750 0.906250
vt 0.968750 0.906250
vt 0.968750 0.906250
vt 0.968750 0.906250
vt 0.968750 0.906250
vt 0.968750 0.906250
vt 0.968750 0.906250
vt 0.968750 0.906250
vt 0.968750 0.906250
vt 0.968750 0.906250
vt 0.968750 0.906250
vt 0.968750 0.906250
vt 0.968750 0.906250
vt 0.968750 0.906250
vt 0.968750 0.906250
vt 0.968750 0.906250
vt 0.968750 0.906250
vt 0.968750 0.906250
vt 0.968750 0.906250
vt 0.968750 0.906250
vt 0.968750 0.906250
vt 0.968750 0.906250
vt 0.968750 0.906250
vt 0.968750 0.906250
vt 0.968750 0.906250
vt 0.968750 0.906250
vt 0.968750 0.906250
vt 0.968750 0.906250
vt 0.968750 0.906250
vt 0.968750 0.906250
vt 0.968750 0.906250
vn 1.0000 0.0000 0.0000
vn 0.0000 0.0000 1.0000
vn -1.0000 0.0000 0.0000
vn 0.0000 0.0000 -1.0000
vn 0.0000 -1.0000 0.0000
vn 0.0000 1.0000 0.0000
vn 0.9534 0.2903 0.0825
vn 0.9956 0.0919 0.0185
vn 0.9992 0.0285 -0.0293
vn 0.9911 0.1324 -0.0145
vn 0.9955 0.0910 -0.0274
vn 0.9981 -0.0433 0.0432
vn 0.9900 0.0824 0.1145
vn 0.9995 -0.0232 -0.0229
vn 0.9983 0.0554 0.0193
vn 0.9988 0.0479 -0.0097
vn 0.9942 -0.1068 0.0157
vn 0.9985 -0.0412 -0.0350
vn 0.9984 0.0333 -0.0448
vn 0.9608 0.2729 0.0498
vn 0.9906 0.1366 -0.0029
vn 0.9826 0.1680 0.0797
vn 0.9855 0.1652 0.0380
vn 0.9925 0.1191 0.0264
vn 0.9903 0.1365 0.0260
vn 0.9957 0.0872 -0.0308
vn 0.9977 0.0642 0.0217
vn 0.9950 0.0968 0.0243
vn 0.9779 0.2066 0.0308
vn 0.9885 0.1464 -0.0386
vn 0.9780 0.2084 -0.0057
vn 0.9988 -0.0118 -0.0467
vn 0.9997 -0.0061 0.0240
vn 0.9994 0.0259 0.0217
vn 0.9980 -0.0618 -0.0141
vn 0.9988 -0.0446 0.0197
vn 0.9994 -0.0254 0.0235
vn 0.9887 -0.1484 0.0206
vn 0.9935 -0.1017 -0.0520
vn 0.9952 -0.0684 -0.0701
vn 0.9963 0.0859 -0.0067
vn 0.9919 0.1111 -0.0615
vn 0.9978 0.0301 -0.0597
vn 0.9992 -0.0016 0.0408
vn 0.9990 0.0285 -0.0345
vn 0.9937 0.1000 -0.0511
vn 0.9989 -0.0437 -0.0174
vn 0.9992 -0.0271 0.0293
vn 0.9999 0.0073 0.0079
vn 0.9963 0.0025 0.0858
vn 0.9982 -0.0570 -0.0207
vn 0.9990 0.0440 0.0003
vn 0.9998 -0.0195 0.0099
vn 0.9977 -0.0426 -0.0521
vn 0.9947 -0.0943 -0.0403
vn 0.9977 0.0617 -0.0294
vn 0.9985 0.0292 -0.0471
vn 0.9992 0.0406 0.0011
vn 0.9936 0.1113 -0.0217
vn 0.9963 0.0689 0.0512
vn 0.9904 0.1119 0.0807
vn 0.9996 -0.0013 -0.0274
vn 0.9991 0.0340 -0.0259
vn 0.9974 0.0467 -0.0558
vn 0.9995 -0.0288 0.0143
vn 0.9970 -0.0126 -0.0762
vn 0.9956 0.0666 -0.0657
vn 0.9496 0.3060 0.0678
vn 0.9688 0.2460 0.0285
vn 0.9690 0.2379 0.0665
usemtl Material.001
s off
f 3744/4345/1272 3745/4346/1272 3747/4347/1272 3746/4348/1272
f 3746/4348/1273 3747/4347/1273 3751/4349/1273 3750/4350/1273
f 3750/4350/1274 3751/4349/1274 3749/4351/1274 3748/4352/1274
f 3748/4352/1275 3749/4351/1275 3745/4346/1275 3744/4345/1275
f 3746/4348/1276 3750/4350/1276 3748/4352/1276 3744/4345/1276
f 3751/4349/1277 3747/4347/1277 3745/4346/1277 3749/4351/1277
f 3832/4353/1278 3779/4354/1278 3755/4355/1278 3796/4356/1278
f 3831/4357/1279 3785/4358/1279 3759/4359/1279 3792/4360/1279
f 3830/4361/1280 3786/4362/1280 3760/4363/1280 3799/4364/1280
f 3829/4365/1281 3783/4366/1281 3758/4367/1281 3800/4368/1281
f 3828/4369/1282 3801/4370/1282 3772/4371/1282 3788/4372/1282
f 3827/4373/1283 3802/4374/1283 3773/4375/1283 3803/4376/1283
f 3826/4377/1284 3795/4378/1284 3767/4379/1284 3804/4380/1284
f 3825/4381/1285 3805/4382/1285 3771/4383/1285 3787/4384/1285
f 3824/4385/1286 3806/4386/1286 3774/4387/1286 3807/4388/1286
f 3823/4389/1287 3798/4390/1287 3770/4391/1287 3808/4392/1287
f 3822/4393/1288 3809/4394/1288 3764/4395/1288 3780/4396/1288
f 3821/4397/1289 3810/4398/1289 3775/4399/1289 3811/4400/1289
f 3820/4401/1290 3797/4402/1290 3769/4403/1290 3812/4404/1290
f 3819/4405/1291 3813/4406/1291 3768/4407/1291 3784/4408/1291
f 3818/4409/1292 3814/4410/1292 3776/4411/1292 3815/4412/1292
f 3817/4413/1293 3791/4414/1293 3763/4415/1293 3816/4416/1293
f 3814/4410/1294 3817/4413/1294 3816/4416/1294 3776/4411/1294
f 3772/4371/1295 3800/4368/1295 3817/4413/1295 3814/4410/1295
f 3800/4368/1296 3758/4367/1296 3791/4414/1296 3817/4413/1296
f 3797/4402/1297 3818/4409/1297 3815/4412/1297 3769/4403/1297
f 3760/4363/1298 3788/4372/1298 3818/4409/1298 3797/4402/1298
f 3788/4372/1299 3772/4371/1299 3814/4410/1299 3818/4409/1299
f 3785/4358/1300 3819/4405/1300 3784/4408/1300 3759/4359/1300
f 3769/4403/1301 3815/4412/1301 3819/4405/1301 3785/4358/1301
f 3815/4412/1302 3776/4411/1302 3813/4406/1302 3819/4405/1302
f 3810/4398/1303 3820/4401/1303 3812/4404/1303 3775/4399/1303
f 3771/4383/1304 3799/4364/1304 3820/4401/1304 3810/4398/1304
f 3799/4364/1305 3760/4363/1305 3797/4402/1305 3820/4401/1305
f 3781/4417/1306 3821/4397/1306 3811/4400/1306 3765/4418/1306
f 3756/4419/1307 3787/4384/1307 3821/4397/1307 3781/4417/1307
f 3787/4384/1308 3771/4383/1308 3810/4398/1308 3821/4397/1308
f 3793/4420/1309 3822/4393/1309 3780/4396/1309 3754/4421/1309
f 3765/4418/1310 3811/4400/1310 3822/4393/1310 3793/4420/1310
f 3811/4400/1311 3775/4399/1311 3809/4394/1311 3822/4393/1311
f 3806/4386/1312 3823/4389/1312 3808/4392/1312 3774/4387/1312
f 3766/4422/1313 3782/4423/1313 3823/4389/1313 3806/4386/1313
f 3782/4423/1314 3757/4424/1314 3798/4390/1314 3823/4389/1314
f 3777/4425/1315 3824/4385/1315 3807/4388/1315 3761/4426/1315
f 3752/4427/1316 3794/4428/1316 3824/4385/1316 3777/4425/1316
f 3794/4428/1317 3766/4422/1317 3806/4386/1317 3824/4385/1317
f 3789/4429/1318 3825/4381/1318 3787/4384/1318 3756/4419/1318
f 3761/4426/1319 3807/4388/1319 3825/4381/1319 3789/4429/1319
f 3807/4388/1320 3774/4387/1320 3805/4382/1320 3825/4381/1320
f 3802/4374/1321 3826/4377/1321 3804/4380/1321 3773/4375/1321
f 3762/4430/1322 3778/4431/1322 3826/4377/1322 3802/4374/1322
f 3778/4431/1323 3753/4432/1323 3795/4378/1323 3826/4377/1323
f 3798/4390/1324 3827/4373/1324 3803/4376/1324 3770/4391/1324
f 3757/4424/1325 3790/4433/1325 3827/4373/1325 3798/4390/1325
f 3790/4433/1326 3762/4430/1326 3802/4374/1326 3827/4373/1326
f 3786/4362/1327 3828/4369/1327 3788/4372/1327 3760/4363/1327
f 3770/4391/1328 3803/4376/1328 3828/4369/1328 3786/4362/1328
f 3803/4376/1329 3773/4375/1329 3801/4370/1329 3828/4369/1329
f 3801/4370/1330 3829/4365/1330 3800/4368/1330 3772/4371/1330
f 3773/4375/1331 3804/4380/1331 3829/4365/1331 3801/4370/1331
f 3804/4380/1332 3767/4379/1332 3783/4366/1332 3829/4365/1332
f 3805/4382/1333 3830/4361/1333 3799/4364/1333 3771/4383/1333
f 3774/4387/1334 3808/4392/1334 3830/4361/1334 3805/4382/1334
f 3808/4392/1335 3770/4391/1335 3786/4362/1335 3830/4361/1335
f 3809/4394/1336 3831/4357/1336 3792/4360/1336 3764/4395/1336
f 3775/4399/1337 3812/4404/1337 3831/4357/1337 3809/4394/1337
f 3812/4404/1338 3769/4403/1338 3785/4358/1338 3831/4357/1338
f 3813/4406/1339 3832/4353/1339 3796/4356/1339 3768/4407/1339
f 3776/4411/1340 3816/4416/1340 3832/4353/1340 3813/4406/1340
f 3816/4416/1341 3763/4415/1341 3779/4354/1341 3832/4353/1341
o Water_Plane
v 65.645096 -1.372493 -65.645096
v -65.645096 -1.113843 -65.645096
v 65.645096 -2.861835 65.645096
v -65.645096 -1.425232 65.645096
v 65.645096 -1.412489 0.000000
v 0.000000 -1.307011 -65.645096
v -65.645096 -1.013849 0.000000
v 0.000000 -0.946186 65.645096
v 0.000000 -1.314816 0.000000
v 65.645096 -1.369788 -32.822548
v -32.822548 -1.348411 -65.645096
v -65.645096 -1.287117 32.822548
v 32.822548 -2.968883 65.645096
v 65.645096 -2.539125 32.822548
v 32.822548 -1.190700 -65.645096
v -65.645096 -1.425070 -32.822548
v -32.822548 -1.611227 65.645096
v 0.000000 -1.363250 32.822548
v 0.000000 -1.788878 -32.822548
v 32.822548 -1.073658 0.000000
v -32.822548 -1.364469 0.000000
v -32.822548 -1.070695 -32.822548
v 32.822548 -2.327161 -32.822548
v 32.822548 -2.748960 32.822548
v -32.822548 -1.475407 32.822548
v 65.645096 -1.238667 -49.233822
v -49.233822 -0.918644 -65.645096
v -65.645096 -1.094679 49.233822
v 49.233822 -1.323655 65.645096
v 65.645096 -2.078550 16.411274
v 16.411274 -1.229210 -65.645096
v -65.645096 -1.092361 -16.411274
v -16.411274 -1.050213 65.645096
v 0.000000 -2.156207 49.233822
v 0.000000 -0.960573 -16.411274
v 49.233822 -2.252776 0.000000
v -16.411274 -1.752880 0.000000
v 65.645096 -1.788619 -16.411274
v -16.411274 -1.137046 -65.645096
v -65.645096 -1.527700 16.411274
v 16.411274 -2.791323 65.645096
v 65.645096 -1.440225 49.233822
v 49.233822 -1.633661 -65.645096
v -65.645096 -0.889231 -49.233822
v -49.233822 -1.529762 65.645096
v 0.000000 -2.682781 16.411274
v 0.000000 -1.798347 -49.233822
v 16.411274 -1.016237 0.000000
v -49.233822 -0.965509 0.000000
v -32.822548 -1.777324 -16.411274
v -32.822548 -0.996022 -49.233822
v -16.411274 -0.932123 -32.822548
v -49.233822 -1.022570 -32.822548
v 32.822548 -1.238342 -16.411274
v 32.822548 -0.916860 -49.233822
v 49.233822 -0.910174 -32.822548
v 16.411274 -1.872113 -32.822548
v 32.822548 -2.497466 49.233822
v 32.822548 -2.665321 16.411274
v 49.233822 -1.019469 32.822548
v 16.411274 -2.239244 32.822548
v -32.822548 -1.340028 49.233822
v -32.822548 -1.090931 16.411274
v -16.411274 -2.041503 32.822548
v -49.233822 -1.046804 32.822548
v -49.233822 -1.683601 16.411274
v -16.411274 -1.787859 16.411274
v -16.411274 -1.220314 49.233822
v 16.411274 -2.926956 16.411274
v 49.233822 -2.435845 16.411274
v 49.233822 -1.029883 49.233822
v 16.411274 -1.642779 -49.233822
v 49.233822 -1.229444 -49.233822
v 49.233822 -2.502963 -16.411274
v -49.233822 -1.538266 -49.233822
v -16.411274 -1.159410 -49.233822
v -16.411274 -1.530318 -16.411274
v -49.233822 -1.343824 -16.411274
v 16.411274 -1.205612 -16.411274
v 16.411274 -1.854613 49.233822
v -49.233822 -1.588248 49.233822
v 65.645096 -1.316368 -57.439461
v -57.439461 -1.200264 -65.645096
v -65.645096 -1.318028 57.439461
v 57.439461 -1.585981 65.645096
v 65.645096 -1.410206 8.205637
v 8.205637 -1.488281 -65.645096
v -65.645096 -1.197587 -8.205637
v -8.205637 -1.160250 65.645096
v 0.000000 -2.263195 57.439461
v 0.000000 -2.210067 -8.205637
v 57.439461 -1.799547 0.000000
v -8.205637 -2.198561 0.000000
v 65.645096 -1.961783 -24.616911
v -24.616911 -1.050745 -65.645096
v -65.645096 -1.359488 24.616911
v 24.616911 -1.471383 65.645096
v 65.645096 -2.900407 41.028183
v 41.028183 -1.510830 -65.645096
v -65.645096 -1.074274 -41.028183
v -41.028183 -1.606822 65.645096
v 0.000000 -1.200758 24.616911
v 0.000000 -1.362838 -41.028183
v 24.616911 -2.101200 0.000000
v -41.028183 -1.938553 0.000000
v -32.822548 -1.197183 -8.205637
v -32.822548 -0.890408 -41.028183
v -8.205637 -1.641956 -32.822548
v -41.028183 -0.951214 -32.822548
v 32.822548 -1.060472 -8.205637
v 32.822548 -1.304268 -41.028183
v 57.439461 -1.239299 -32.822548
v 24.616911 -1.391121 -32.822548
v 32.822548 -3.024659 57.439461
v 32.822548 -3.019403 24.616911
v 57.439461 -2.201867 32.822548
v 24.616911 -2.759228 32.822548
v -32.822548 -1.970287 57.439461
v -32.822548 -2.001905 24.616911
v -8.205637 -1.412640 32.822548
v -41.028183 -1.866118 32.822548
v 65.645096 -1.900787 -41.028183
v -41.028183 -1.284225 -65.645096
v -65.645096 -1.584987 41.028183
v 41.028183 -0.919100 65.645096
v 65.645096 -0.892088 24.616911
v 24.616911 -1.884145 -65.645096
v -65.645096 -1.202945 -24.616911
v -24.616911 -1.498461 65.645096
v 0.000000 -1.373145 41.028183
v 0.000000 -1.019144 -24.616911
v 41.028183 -2.315720 0.000000
v -24.616911 -1.267518 0.000000
v 65.645096 -1.040969 -8.205637
v -8.205637 -1.210798 -65.645096
v -65.645096 -1.346993 8.205637
v 8.205637 -0.882474 65.645096
v 65.645096 -1.769243 57.439461
v 57.439461 -0.908061 -65.645096
v -65.645096 -0.989540 -57.439461
v -57.439461 -1.585043 65.645096
v 0.000000 -2.085843 8.205637
v 0.000000 -1.155437 -57.439461
v 8.205637 -1.281980 0.000000
v -57.439461 -1.190238 0.000000
v -32.822548 -1.720756 -24.616911
v -32.822548 -1.521500 -57.439461
v -24.616911 -1.910436 -32.822548
v -57.439461 -1.260377 -32.822548
v 32.822548 -2.447592 -24.616911
v 32.822548 -1.986367 -57.439461
v 41.028183 -1.331992 -32.822548
v 8.205637 -1.981068 -32.822548
v 32.822548 -1.111813 41.028183
v 32.822548 -1.685920 8.205637
v 41.028183 -2.122697 32.822548
v 8.205637 -0.977268 32.822548
v -32.822548 -1.549027 41.028183
v -32.822548 -1.014170 8.205637
v -24.616911 -1.037218 32.822548
v -57.439461 -1.335086 32.822548
v -49.233822 -1.552500 24.616911
v -49.233822 -1.889467 8.205637
v -41.028183 -1.250934 16.411274
v -57.439461 -0.899360 16.411274
v -16.411274 -2.521885 24.616911
v -16.411274 -1.642335 8.205637
v -8.205637 -1.924415 16.411274
v -24.616911 -1.589994 16.411274
v -16.411274 -2.019324 57.439461
v -16.411274 -1.238085 41.028183
v -8.205637 -2.046728 49.233822
v -24.616911 -1.956719 49.233822
v 16.411274 -2.464847 24.616911
v 16.411274 -1.460093 8.205637
v 24.616911 -2.029725 16.411274
v 8.205637 -2.392018 16.411274
v 49.233822 -2.096178 24.616911
v 49.233822 -2.699615 8.205637
v 57.439461 -1.756504 16.411274
v 41.028183 -1.960990 16.411274
v 49.233822 -1.265916 57.439461
v 49.233822 -2.857846 41.028183
v 57.439461 -1.843988 49.233822
v 41.028183 -2.103686 49.233822
v 16.411274 -1.561100 -41.028183
v 16.411274 -1.545413 -57.439461
v 24.616911 -1.714404 -49.233822
v 8.205637 -2.065813 -49.233822
v 49.233822 -0.906900 -41.028183
v 49.233822 -1.489501 -57.439461
v 57.439461 -0.976630 -49.233822
v 41.028183 -1.267354 -49.233822
v 49.233822 -0.866761 -8.205637
v 49.233822 -2.105277 -24.616911
v 57.439461 -1.108107 -16.411274
v 41.028183 -2.424897 -16.411274
v -49.233822 -1.449355 -41.028183
v -49.233822 -1.128318 -57.439461
v -41.028183 -1.223047 -49.233822
v -57.439461 -1.431154 -49.233822
v -16.411274 -1.753124 -41.028183
v -16.411274 -1.229164 -57.439461
v -8.205637 -1.133910 -49.233822
v -24.616911 -1.706108 -49.233822
v -16.411274 -0.992307 -8.205637
v -16.411274 -1.482288 -24.616911
v -8.205637 -1.967570 -16.411274
v -24.616911 -1.669250 -16.411274
v -49.233822 -0.874526 -8.205637
v -49.233822 -0.903544 -24.616911
v -41.028183 -1.600912 -16.411274
v -57.439461 -1.437278 -16.411274
v 16.411274 -2.645663 -8.205637
v 16.411274 -1.509757 -24.616911
v 24.616911 -1.746319 -16.411274
v 8.205637 -2.182147 -16.411274
v 16.411274 -1.056525 57.439461
v 16.411274 -2.914771 41.028183
v 24.616911 -1.016779 49.233822
v 8.205637 -1.003252 49.233822
v -49.233822 -2.013800 57.439461
v -49.233822 -1.404676 41.028183
v -41.028183 -0.917830 49.233822
v -57.439461 -1.119436 49.233822
v -57.439461 -1.237907 41.028183
v -41.028183 -1.500521 41.028183
v -41.028183 -1.037834 57.439461
v 8.205637 -1.587382 41.028183
v 24.616911 -1.276266 41.028183
v 24.616911 -2.845662 57.439461
v 8.205637 -1.248406 -24.616911
v 24.616911 -1.684684 -24.616911
v 24.616911 -0.899159 -8.205637
v -57.439461 -1.559410 -24.616911
v -41.028183 -1.555875 -24.616911
v -41.028183 -1.365604 -8.205637
v -24.616911 -1.669761 -24.616911
v -8.205637 -1.941382 -24.616911
v -8.205637 -1.063300 -8.205637
v -24.616911 -1.271541 -57.439461
v -8.205637 -1.344467 -57.439461
v -8.205637 -1.078336 -41.028183
v -57.439461 -1.353138 -57.439461
v -41.028183 -1.381962 -57.439461
v -41.028183 -1.674849 -41.028183
v 41.028183 -1.066309 -24.616911
v 57.439461 -1.839966 -24.616911
v 57.439461 -1.567712 -8.205637
v 41.028183 -1.992644 -57.439461
v 57.439461 -1.292804 -57.439461
v 57.439461 -1.490426 -41.028183
v 8.205637 -0.989816 -57.439461
v 24.616911 -1.058998 -57.439461
v 24.616911 -0.880705 -41.028183
v 41.028183 -1.736148 41.028183
v 57.439461 -1.955208 41.028183
v 57.439461 -3.107522 57.439461
v 41.028183 -1.379156 8.205637
v 57.439461 -1.068049 8.205637
v 57.439461 -1.640710 24.616911
v 8.205637 -2.023362 8.205637
v 24.616911 -1.399932 8.205637
v 24.616911 -2.683627 24.616911
v -24.616911 -1.472532 41.028183
v -8.205637 -1.680784 41.028183
v -8.205637 -1.330213 57.439461
v -24.616911 -1.775624 8.205637
v -8.205637 -0.996714 8.205637
v -8.205637 -1.481483 24.616911
v -57.439461 -1.545185 8.205637
v -41.028183 -1.073586 8.205637
v -41.028183 -1.417215 24.616911
v -57.439461 -1.318870 24.616911
v -24.616911 -2.150757 24.616911
v -24.616911 -1.793782 57.439461
v 8.205637 -1.659388 24.616911
v 41.028183 -1.058265 24.616911
v 41.028183 -2.977085 57.439461
v 8.205637 -2.104249 -41.028183
v 41.028183 -1.708838 -41.028183
v 41.028183 -2.247094 -8.205637
v -57.439461 -1.360628 -41.028183
v -24.616911 -1.788825 -41.028183
v -24.616911 -1.657443 -8.205637
v -57.439461 -1.469097 -8.205637
v 8.205637 -2.222054 -8.205637
v 8.205637 -1.280858 57.439461
v -57.439461 -1.187060 57.439461
v 65.645096 -1.183569 -61.542278
v -61.542278 -1.046541 -65.645096
v -65.645096 -1.702881 61.542278
v 61.542278 -1.603382 65.645096
v 65.645096 -2.645227 4.102818
v 4.102818 -1.584343 -65.645096
v -65.645096 -0.935341 -4.102818
v -4.102818 -2.403893 65.645096
v 0.000000 -1.667661 61.542278
v 0.000000 -1.751444 -4.102818
v 61.542278 -2.472618 0.000000
v -4.102818 -1.245899 0.000000
v 65.645096 -1.686460 -28.719730
v -28.719730 -1.458961 -65.645096
v -65.645096 -1.040759 28.719730
v 28.719730 -1.714038 65.645096
v 65.645096 -2.379626 36.925365
v 36.925365 -1.776442 -65.645096
v -65.645096 -1.256330 -36.925365
v -36.925365 -1.258122 65.645096
v 0.000000 -1.301887 28.719730
v 0.000000 -0.910473 -36.925365
v 28.719730 -1.514072 0.000000
v -36.925365 -1.720525 0.000000
v -32.822548 -1.600670 -4.102818
v -32.822548 -1.571332 -36.925365
v -4.102818 -1.694776 -32.822548
v -36.925365 -1.670684 -32.822548
v 32.822548 -1.412785 -4.102818
v 32.822548 -1.627670 -36.925365
v 61.542278 -1.236253 -32.822548
v 28.719730 -2.318563 -32.822548
v 32.822548 -1.415845 61.542278
v 32.822548 -1.304324 28.719730
v 61.542278 -1.141631 32.822548
v 28.719730 -1.270950 32.822548
v -32.822548 -1.088834 61.542278
v -32.822548 -1.872476 28.719730
v -4.102818 -1.293951 32.822548
v -36.925365 -1.106706 32.822548
v 65.645096 -1.678465 -45.131004
v -45.131004 -1.167322 -65.645096
v -65.645096 -1.211590 45.131004
v 45.131004 -2.397012 65.645096
v 65.645096 -1.150987 20.514091
v 20.514091 -1.588689 -65.645096
v -65.645096 -1.494534 -20.514091
v -20.514091 -1.105010 65.645096
v 0.000000 -1.410307 45.131004
v 0.000000 -2.190586 -20.514091
v 45.131004 -1.474078 0.000000
v -20.514091 -1.973664 0.000000
v 65.645096 -1.615252 -12.308455
v -12.308455 -1.554278 -65.645096
v -65.645096 -1.212826 12.308455
v 12.308455 -1.155951 65.645096
v 65.645096 -2.777936 53.336639
v 53.336639 -1.480749 -65.645096
v -65.645096 -1.186760 -53.336639
v -53.336639 -1.544375 65.645096
v 0.000000 -2.184337 12.308455
v 0.000000 -1.870638 -53.336639
v 12.308455 -2.203863 0.000000
v -53.336639 -1.500660 0.000000
v -32.822548 -1.038163 -20.514091
v -32.822548 -1.132699 -53.336639
v -20.514091 -1.347782 -32.822548
v -53.336639 -1.434185 -32.822548
v 32.822548 -2.061694 -20.514091
v 32.822548 -1.745771 -53.336639
v 45.131004 -2.131790 -32.822548
v 12.308455 -1.801793 -32.822548
v 32.822548 -3.175018 45.131004
v 32.822548 -2.389537 12.308455
v 45.131004 -1.377719 32.822548
v 12.308455 -1.690334 32.822548
v -32.822548 -1.472151 45.131004
v -32.822548 -2.196596 12.308455
v -20.514091 -1.001284 32.822548
v -53.336639 -1.276856 32.822548
v -49.233822 -1.168440 28.719730
v -49.233822 -1.063597 12.308455
v -36.925365 -1.830940 16.411274
v -53.336639 -0.977653 16.411274
v -16.411274 -1.659772 28.719730
v -16.411274 -1.664155 12.308455
v -4.102818 -1.975708 16.411274
v -20.514091 -2.377044 16.411274
v -16.411274 -1.115798 61.542278
v -16.411274 -1.104557 45.131004
v -4.102818 -1.823343 49.233822
v -20.514091 -1.961201 49.233822
v 16.411274 -2.528791 28.719730
v 16.411274 -1.856328 12.308455
v 28.719730 -2.375166 16.411274
v 12.308455 -1.179564 16.411274
v 49.233822 -1.964552 28.719730
v 49.233822 -0.932858 12.308455
v 61.542278 -2.378716 16.411274
v 45.131004 -1.358918 16.411274
v 49.233822 -2.869921 61.542278
v 49.233822 -1.260479 45.131004
v 61.542278 -1.808646 49.233822
v 45.131004 -2.863370 49.233822
v 16.411274 -2.012349 -36.925365
v 16.411274 -1.726079 -53.336639
v 28.719730 -1.962454 -49.233822
v 12.308455 -1.580920 -49.233822
v 49.233822 -1.525790 -36.925365
v 49.233822 -1.657358 -53.336639
v 61.542278 -1.707046 -49.233822
v 45.131004 -1.410151 -49.233822
v 49.233822 -0.868451 -4.102818
v 49.233822 -1.641974 -20.514091
v 61.542278 -1.975179 -16.411274
v 45.131004 -2.107717 -16.411274
v -49.233822 -0.944044 -36.925365
v -49.233822 -0.916205 -53.336639
v -36.925365 -1.500314 -49.233822
v -53.336639 -1.125153 -49.233822
v -16.411274 -1.249767 -36.925365
v -16.411274 -0.928796 -53.336639
v -4.102818 -1.325683 -49.233822
v -20.514091 -1.289359 -49.233822
v -16.411274 -1.577728 -4.102818
v -16.411274 -1.110259 -20.514091
v -4.102818 -1.012662 -16.411274
v -20.514091 -1.615995 -16.411274
v -49.233822 -1.544943 -4.102818
v -49.233822 -0.967656 -20.514091
v -36.925365 -1.490672 -16.411274
v -53.336639 -1.331386 -16.411274
v 16.411274 -1.727935 -4.102818
v 16.411274 -1.353850 -20.514091
v 28.719730 -1.133405 -16.411274
v 12.308455 -1.404524 -16.411274
v 16.411274 -2.457729 61.542278
v 16.411274 -2.573137 45.131004
v 28.719730 -1.079616 49.233822
v 12.308455 -2.183218 49.233822
v -49.233822 -1.179305 61.542278
v -49.233822 -1.333851 45.131004
v -36.925365 -1.468815 49.233822
v -53.336639 -1.726841 49.233822
v 65.645096 -0.981593 -53.336639
v -53.336639 -1.227987 -65.645096
v -65.645096 -1.157500 53.336639
v 53.336639 -2.131458 65.645096
v 65.645096 -1.327655 12.308455
v 12.308455 -1.622815 -65.645096
v -65.645096 -1.360629 -12.308455
v -12.308455 -2.224524 65.645096
v 0.000000 -1.845789 53.336639
v 0.000000 -0.920278 -12.308455
v 53.336639 -0.875491 0.000000
v -12.308455 -1.148380 0.000000
v 65.645096 -1.903512 -20.514091
v -20.514091 -1.444774 -65.645096
v -65.645096 -1.251075 20.514091
v 20.514091 -2.208338 65.645096
v 65.645096 -2.048047 45.131004
v 45.131004 -1.582828 -65.645096
v -65.645096 -1.281139 -45.131004
v -45.131004 -1.032201 65.645096
v 0.000000 -1.075070 20.514091
v 0.000000 -2.050266 -45.131004
v 20.514091 -1.902510 0.000000
v -45.131004 -1.084092 0.000000
v -32.822548 -2.042805 -12.308455
v -32.822548 -1.683973 -45.131004
v -12.308455 -1.517877 -32.822548
v -45.131004 -1.294075 -32.822548
v 32.822548 -1.664506 -12.308455
v 32.822548 -2.021959 -45.131004
v 53.336639 -1.805490 -32.822548
v 20.514091 -1.210398 -32.822548
v 32.822548 -2.716879 53.336639
v 32.822548 -1.681648 20.514091
v 53.336639 -0.922909 32.822548
v 20.514091 -2.017927 32.822548
v -32.822548 -2.121123 53.336639
v -32.822548 -1.768605 20.514091
v -12.308455 -1.282248 32.822548
v -45.131004 -1.826975 32.822548
v 65.645096 -2.130166 -36.925365
v -36.925365 -1.056928 -65.645096
v -65.645096 -1.736667 36.925365
v 36.925365 -1.404157 65.645096
v 65.645096 -2.640295 28.719730
v 28.719730 -1.711577 -65.645096
v -65.645096 -1.461745 -28.719730
v -28.719730 -0.869983 65.645096
v 0.000000 -1.124152 36.925365
v 0.000000 -1.904522 -28.719730
v 36.925365 -0.955020 0.000000
v -28.719730 -1.056687 0.000000
v 65.645096 -2.623295 -4.102818
v -4.102818 -1.588621 -65.645096
v -65.645096 -1.004653 4.102818
v 4.102818 -1.426666 65.645096
v 65.645096 -1.594035 61.542278
v 61.542278 -1.484828 -65.645096
v -65.645096 -1.198323 -61.542278
v -61.542278 -1.176926 65.645096
v 0.000000 -2.202756 4.102818
v 0.000000 -1.591816 -61.542278
v 4.102818 -1.052945 0.000000
v -61.542278 -1.475466 0.000000
v -32.822548 -1.698909 -28.719730
v -32.822548 -1.310359 -61.542278
v -28.719730 -1.777640 -32.822548
v -61.542278 -1.248775 -32.822548
v 32.822548 -1.897601 -28.719730
v 32.822548 -1.086562 -61.542278
v 36.925365 -1.759100 -32.822548
v 4.102818 -1.424698 -32.822548
v 32.822548 -3.314305 36.925365
v 32.822548 -2.963641 4.102818
v 36.925365 -2.780321 32.822548
v 4.102818 -1.071157 32.822548
v -32.822548 -1.157644 36.925365
v -32.822548 -1.888814 4.102818
v -28.719730 -1.105905 32.822548
v -61.542278 -1.519351 32.822548
v -49.233822 -1.651998 20.514091
v -49.233822 -1.197792 4.102818
v -45.131004 -1.367029 16.411274
v -61.542278 -0.945383 16.411274
v -16.411274 -2.056200 20.514091
v -16.411274 -1.216972 4.102818
v -12.308455 -2.382443 16.411274
v -28.719730 -1.711426 16.411274
v -16.411274 -2.243449 53.336639
v -16.411274 -1.489938 36.925365
v -12.308455 -1.703787 49.233822
v -28.719730 -2.122966 49.233822
v 16.411274 -1.902552 20.514091
v 16.411274 -2.186945 4.102818
v 20.514091 -1.707746 16.411274
v 4.102818 -1.881768 16.411274
v 49.233822 -2.188089 20.514091
v 49.233822 -2.099974 4.102818
v 53.336639 -1.017453 16.411274
v 36.925365 -1.033616 16.411274
v 49.233822 -1.670727 53.336639
v 49.233822 -1.141617 36.925365
v 53.336639 -3.205714 49.233822
v 36.925365 -1.480391 49.233822
v 16.411274 -1.299377 -45.131004
v 16.411274 -1.220105 -61.542278
v 20.514091 -1.987088 -49.233822
v 4.102818 -1.400188 -49.233822
v 49.233822 -1.017716 -45.131004
v 49.233822 -1.519129 -61.542278
v 53.336639 -1.308119 -49.233822
v 36.925365 -1.565873 -49.233822
v 49.233822 -0.879649 -12.308455
v 49.233822 -2.052661 -28.719730
v 53.336639 -0.874762 -16.411274
v 36.925365 -1.835539 -16.411274
v -49.233822 -1.176041 -45.131004
v -49.233822 -1.375813 -61.542278
v -45.131004 -1.289997 -49.233822
v -61.542278 -0.898421 -49.233822
v -16.411274 -0.984445 -45.131004
v -16.411274 -1.397465 -61.542278
v -12.308455 -1.468112 -49.233822
v -28.719730 -1.071928 -49.233822
v -16.411274 -1.563955 -12.308455
v -16.411274 -0.880871 -28.719730
v -12.308455 -1.178313 -16.411274
v -28.719730 -1.966953 -16.411274
v -49.233822 -1.747091 -12.308455
v -49.233822 -1.350572 -28.719730
v -45.131004 -1.118423 -16.411274
v -61.542278 -1.529645 -16.411274
v 16.411274 -1.820425 -12.308455
v 16.411274 -1.647255 -28.719730
v 20.514091 -2.046601 -16.411274
v 4.102818 -2.389525 -16.411274
v 16.411274 -1.010138 53.336639
v 16.411274 -0.995356 36.925365
v 20.514091 -2.573748 49.233822
v 4.102818 -1.861342 49.233822
v -49.233822 -1.245567 53.336639
v -49.233822 -1.342425 36.925365
v -45.131004 -1.670012 49.233822
v -61.542278 -1.246399 49.233822
v -57.439461 -1.884001 45.131004
v -57.439461 -1.330434 36.925365
v -53.336639 -1.120639 41.028183
v -61.542278 -1.321496 41.028183
v -41.028183 -1.488577 45.131004
v -41.028183 -1.435112 36.925365
v -36.925365 -1.718321 41.028183
v -45.131004 -1.887799 41.028183
v -41.028183 -1.050240 61.542278
v -41.028183 -1.878886 53.336639
v -36.925365 -1.122138 57.439461
v -45.131004 -0.929079 57.439461
v 8.205637 -2.176881 45.131004
v 8.205637 -1.970131 36.925365
v 12.308455 -1.679261 41.028183
v 4.102818 -1.073768 41.028183
v 24.616911 -1.318206 45.131004
v 24.616911 -1.995455 36.925365
v 28.719730 -2.590869 41.028183
v 20.514091 -2.791960 41.028183
v 24.616911 -1.521355 61.542278
v 24.616911 -2.166415 53.336639
v 28.719730 -1.436819 57.439461
v 20.514091 -1.582470 57.439461
v 8.205637 -1.949542 -20.514091
v 8.205637 -1.588777 -28.719730
v 12.308455 -1.863052 -24.616911
v 4.102818 -2.288715 -24.616911
v 24.616911 -2.523723 -20.514091
v 24.616911 -1.939788 -28.719730
v 28.719730 -2.115438 -24.616911
v 20.514091 -1.232631 -24.616911
v 24.616911 -1.835632 -4.102818
v 24.616911 -1.985550 -12.308455
v 28.719730 -2.446441 -8.205637
v 20.514091 -2.370207 -8.205637
v -57.439461 -1.287354 -20.514091
v -57.439461 -1.298497 -28.719730
v -53.336639 -1.202971 -24.616911
v -61.542278 -0.926561 -24.616911
v -41.028183 -0.930146 -20.514091
v -41.028183 -0.994570 -28.719730
v -36.925365 -1.063979 -24.616911
v -45.131004 -1.143043 -24.616911
v -41.028183 -1.899623 -4.102818
v -41.028183 -1.500175 -12.308455
v -36.925365 -1.477208 -8.205637
v -45.131004 -0.934370 -8.205637
v -24.616911 -1.273968 -20.514091
v -24.616911 -1.836830 -28.719730
v -20.514091 -1.481609 -24.616911
v -28.719730 -1.356580 -24.616911
v -8.205637 -2.135639 -20.514091
v -8.205637 -2.005778 -28.719730
v -4.102818 -1.285259 -24.616911
v -12.308455 -1.907382 -24.616911
v -8.205637 -2.019989 -4.102818
v -8.205637 -2.132545 -12.308455
v -4.102818 -1.431428 -8.205637
v -12.308455 -2.258954 -8.205637
v -24.616911 -1.314177 -53.336639
v -24.616911 -0.989992 -61.542278
v -20.514091 -1.538685 -57.439461
v -28.719730 -1.262000 -57.439461
v -8.205637 -1.579366 -53.336639
v -8.205637 -1.219062 -61.542278
v -4.102818 -1.002307 -57.439461
v -12.308455 -1.458498 -57.439461
v -8.205637 -1.760616 -36.925365
v -8.205637 -1.595358 -45.131004
v -4.102818 -2.085265 -41.028183
v -12.308455 -0.867732 -41.028183
v -57.439461 -1.151611 -53.336639
v -57.439461 -1.032534 -61.542278
v -53.336639 -0.888608 -57.439461
v -61.542278 -0.951273 -57.439461
v -41.028183 -0.982433 -53.336639
v -41.028183 -0.937925 -61.542278
v -36.925365 -1.329187 -57.439461
v -45.131004 -1.389362 -57.439461
v -41.028183 -1.148418 -36.925365
v -41.028183 -1.249477 -45.131004
v -36.925365 -1.463236 -41.028183
v -45.131004 -1.390822 -41.028183
v 41.028183 -2.111449 -20.514091
v 41.028183 -1.828071 -28.719730
v 45.131004 -1.291569 -24.616911
v 36.925365 -2.186162 -24.616911
v 57.439461 -1.832401 -20.514091
v 57.439461 -1.170700 -28.719730
v 61.542278 -1.286178 -24.616911
v 53.336639 -2.442094 -24.616911
v 57.439461 -1.731721 -4.102818
v 57.439461 -1.545264 -12.308455
v 61.542278 -1.740158 -8.205637
v 53.336639 -1.463632 -8.205637
v 41.028183 -1.462152 -53.336639
v 41.028183 -1.916656 -61.542278
v 45.131004 -1.870044 -57.439461
v 36.925365 -1.330207 -57.439461
v 57.439461 -2.097550 -53.336639
v 57.439461 -1.128201 -61.542278
v 61.542278 -0.916253 -57.439461
v 53.336639 -0.881517 -57.439461
v 57.439461 -1.789872 -36.925365
v 57.439461 -1.022548 -45.131004
v 61.542278 -1.586996 -41.028183
v 53.336639 -1.892917 -41.028183
v 8.205637 -1.078902 -53.336639
v 8.205637 -1.371141 -61.542278
v 12.308455 -1.468363 -57.439461
v 4.102818 -1.557999 -57.439461
v 24.616911 -1.602282 -53.336639
v 24.616911 -1.410920 -61.542278
v 28.719730 -1.709697 -57.439461
v 20.514091 -1.003902 -57.439461
v 24.616911 -0.958232 -36.925365
v 24.616911 -1.002855 -45.131004
v 28.719730 -1.416872 -41.028183
v 20.514091 -1.449670 -41.028183
v 41.028183 -1.390746 45.131004
v 41.028183 -0.887775 36.925365
v 45.131004 -2.131392 41.028183
v 36.925365 -2.299075 41.028183
v 57.439461 -3.082800 45.131004
v 57.439461 -1.525869 36.925365
v 61.542278 -2.205851 41.028183
v 53.336639 -1.601842 41.028183
v 57.439461 -3.011377 61.542278
v 57.439461 -2.206718 53.336639
v 61.542278 -2.644163 57.439461
v 53.336639 -1.193215 57.439461
v 41.028183 -3.010866 12.308455
v 41.028183 -2.676146 4.102818
v 45.131004 -2.618690 8.205637
v 36.925365 -2.355400 8.205637
v 57.439461 -2.606294 12.308455
v 57.439461 -2.239484 4.102818
v 61.542278 -1.459825 8.205637
v 53.336639 -1.206637 8.205637
v 57.439461 -3.207955 28.719730
v 57.439461 -2.233760 20.514091
v 61.542278 -1.858269 24.616911
v 53.336639 -3.243285 24.616911
v 8.205637 -1.077871 12.308455
v 8.205637 -2.707818 4.102818
v 12.308455 -2.482307 8.205637
v 4.102818 -0.912001 8.205637
v 24.616911 -1.759506 12.308455
v 24.616911 -2.601963 4.102818
v 28.719730 -1.475551 8.205637
v 20.514091 -1.648522 8.205637
v 24.616911 -1.047414 28.719730
v 24.616911 -1.283050 20.514091
v 28.719730 -2.266680 24.616911
v 20.514091 -1.605082 24.616911
v -24.616911 -1.387974 45.131004
v -24.616911 -1.250335 36.925365
v -20.514091 -2.192630 41.028183
v -28.719730 -2.181838 41.028183
v -8.205637 -0.959024 45.131004
v -8.205637 -2.371210 36.925365
v -4.102818 -1.749559 41.028183
v -12.308455 -1.143312 41.028183
v -8.205637 -2.333236 61.542278
v -8.205637 -1.781282 53.336639
v -4.102818 -1.118591 57.439461
v -12.308455 -1.676122 57.439461
v -24.616911 -1.296442 12.308455
v -24.616911 -1.854395 4.102818
v -20.514091 -1.409413 8.205637
v -28.719730 -2.122514 8.205637
v -8.205637 -1.825762 12.308455
v -8.205637 -2.004877 4.102818
v -4.102818 -1.355960 8.205637
v -12.308455 -1.540735 8.205637
v -8.205637 -2.243808 28.719730
v -8.205637 -1.263833 20.514091
v -4.102818 -1.284399 24.616911
v -12.308455 -0.968771 24.616911
v -57.439461 -0.933816 12.308455
v -57.439461 -0.966933 4.102818
v -53.336639 -1.386310 8.205637
v -61.542278 -1.762530 8.205637
v -41.028183 -1.774016 12.308455
v -41.028183 -1.147007 4.102818
v -36.925365 -1.800614 8.205637
v -45.131004 -1.636391 8.205637
v -41.028183 -1.815212 28.719730
v -41.028183 -2.072668 20.514091
v -36.925365 -0.925462 24.616911
v -45.131004 -1.084942 24.616911
v -57.439461 -1.116516 28.719730
v -57.439461 -1.535529 20.514091
v -53.336639 -0.946161 24.616911
v -61.542278 -1.723329 24.616911
v -24.616911 -1.020414 28.719730
v -24.616911 -1.503527 20.514091
v -20.514091 -1.971059 24.616911
v -28.719730 -1.480508 24.616911
v -24.616911 -1.749628 61.542278
v -24.616911 -1.734131 53.336639
v -20.514091 -1.183635 57.439461
v -28.719730 -1.980204 57.439461
v 8.205637 -2.542134 28.719730
v 8.205637 -0.908660 20.514091
v 12.308455 -2.624702 24.616911
v 4.102818 -2.832963 24.616911
v 41.028183 -3.003444 28.719730
v 41.028183 -1.024268 20.514091
v 45.131004 -0.964139 24.616911
v 36.925365 -1.074492 24.616911
v 41.028183 -1.764124 61.542278
v 41.028183 -2.562905 53.336639
v 45.131004 -1.820108 57.439461
v 36.925365 -0.968294 57.439461
v 8.205637 -1.031418 -36.925365
v 8.205637 -1.157402 -45.131004
v 12.308455 -1.614724 -41.028183
v 4.102818 -1.764405 -41.028183
v 41.028183 -1.015406 -36.925365
v 41.028183 -1.715589 -45.131004
v 45.131004 -1.739446 -41.028183
v 36.925365 -1.057544 -41.028183
v 41.028183 -1.940110 -4.102818
v 41.028183 -0.883299 -12.308455
v 45.131004 -1.182309 -8.205637
v 36.925365 -2.454432 -8.205637
v -57.439461 -0.913744 -36.925365
v -57.439461 -0.934444 -45.131004
v -53.336639 -0.933651 -41.028183
v -61.542278 -1.300779 -41.028183
v -24.616911 -1.876094 -36.925365
v -24.616911 -1.560950 -45.131004
v -20.514091 -1.670138 -41.028183
v -28.719730 -0.968531 -41.028183
v -24.616911 -0.877040 -4.102818
v -24.616911 -1.714224 -12.308455
v -20.514091 -1.670026 -8.205637
v -28.719730 -2.171921 -8.205637
v -57.439461 -1.674427 -4.102818
v -57.439461 -1.157015 -12.308455
v -53.336639 -0.925771 -8.205637
v -61.542278 -1.466209 -8.205637
v 8.205637 -1.612469 -4.102818
v 8.205637 -1.341859 -12.308455
v 12.308455 -1.394745 -8.205637
v 4.102818 -0.927905 -8.205637
v 8.205637 -1.204684 61.542278
v 8.205637 -1.071293 53.336639
v 12.308455 -1.611225 57.439461
v 4.102818 -1.581151 57.439461
v -57.439461 -1.470676 61.542278
v -57.439461 -1.788686 53.336639
v -53.336639 -1.172939 57.439461
v -61.542278 -0.943500 57.439461
v -61.542278 -1.469053 53.336639
v -53.336639 -1.359353 53.336639
v -53.336639 -1.084039 61.542278
v 4.102818 -0.873319 53.336639
v 12.308455 -1.661718 53.336639
v 12.308455 -2.210664 61.542278
v 4.102818 -1.633672 -12.308455
v 12.308455 -2.415759 -12.308455
v 12.308455 -1.976384 -4.102818
v -61.542278 -1.392372 -12.308455
v -53.336639 -1.506370 -12.308455
v -53.336639 -1.245254 -4.102818
v -28.719730 -1.403179 -12.308455
v -20.514091 -1.237233 -12.308455
v -20.514091 -2.254722 -4.102818
v -28.719730 -1.762693 -45.131004
v -20.514091 -1.183120 -45.131004
v -20.514091 -1.536104 -36.925365
v -61.542278 -0.883285 -45.131004
v -53.336639 -1.477446 -45.131004
v -53.336639 -1.574659 -36.925365
v 36.925365 -2.493530 -12.308455
v 45.131004 -1.730792 -12.308455
v 45.131004 -2.748919 -4.102818
v 36.925365 -1.532130 -45.131004
v 45.131004 -1.516423 -45.131004
v 45.131004 -1.139484 -36.925365
v 4.102818 -1.418611 -45.131004
v 12.308455 -0.984145 -45.131004
v 12.308455 -1.794941 -36.925365
v 36.925365 -3.203672 53.336639
v 45.131004 -1.594867 53.336639
v 45.131004 -1.838345 61.542278
v 36.925365 -2.140253 20.514091
v 45.131004 -1.650028 20.514091
v 45.131004 -2.257478 28.719730
v 4.102818 -1.103136 20.514091
v 12.308455 -1.294612 20.514091
v 12.308455 -2.637062 28.719730
v -28.719730 -1.121826 53.336639
v -20.514091 -1.285528 53.336639
v -20.514091 -1.693980 61.542278
v -28.719730 -1.900002 20.514091
v -20.514091 -1.366050 20.514091
v -20.514091 -1.150578 28.719730
v -61.542278 -1.140404 20.514091
v -53.336639 -1.212765 20.514091
v -53.336639 -1.468180 28.719730
v -45.131004 -1.619682 20.514091
v -36.925365 -1.726302 20.514091
v -36.925365 -1.107103 28.719730
v -45.131004 -1.776616 4.102818
v -36.925365 -1.090787 4.102818
v -36.925365 -1.636017 12.308455
v -61.542278 -1.420177 4.102818
v -53.336639 -1.700646 4.102818
v -53.336639 -0.908392 12.308455
v -12.308455 -2.258486 20.514091
v -4.102818 -2.124636 20.514091
v -4.102818 -2.294025 28.719730
v -12.308455 -1.475398 4.102818
v -4.102818 -2.030603 4.102818
v -4.102818 -2.568340 12.308455
v -28.719730 -1.218677 4.102818
v -20.514091 -1.943617 4.102818
v -20.514091 -2.259096 12.308455
v -12.308455 -1.720616 53.336639
v -4.102818 -1.851985 53.336639
v -4.102818 -1.918404 61.542278
v -12.308455 -2.596463 36.925365
v -4.102818 -2.653985 36.925365
v -4.102818 -0.922454 45.131004
v -28.719730 -0.875709 36.925365
v -20.514091 -0.928747 36.925365
v -20.514091 -1.004196 45.131004
v 20.514091 -2.519120 20.514091
v 28.719730 -2.581277 20.514091
v 28.719730 -2.896999 28.719730
v 20.514091 -2.282667 4.102818
v 28.719730 -1.745078 4.102818
v 28.719730 -2.116565 12.308455
v 4.102818 -0.922508 4.102818
v 12.308455 -2.634182 4.102818
v 12.308455 -1.225033 12.308455
v 53.336639 -1.047008 20.514091
v 61.542278 -1.780300 20.514091
v 61.542278 -3.099330 28.719730
v 53.336639 -2.309090 4.102818
v 61.542278 -2.024060 4.102818
v 61.542278 -2.930581 12.308455
v 36.925365 -0.927810 4.102818
v 45.131004 -1.306615 4.102818
v 45.131004 -2.517073 12.308455
v 53.336639 -1.483432 53.336639
v 61.542278 -2.387567 53.336639
v 61.542278 -0.903094 61.542278
v 53.336639 -1.644563 36.925365
v 61.542278 -3.139312 36.925365
v 61.542278 -1.152882 45.131004
v 36.925365 -1.750724 36.925365
v 45.131004 -3.508843 36.925365
v 45.131004 -2.432719 45.131004
v 20.514091 -1.221652 -45.131004
v 28.719730 -1.942421 -45.131004
v 28.719730 -0.916463 -36.925365
v 20.514091 -0.953692 -61.542278
v 28.719730 -1.885209 -61.542278
v 28.719730 -1.167519 -53.336639
v 4.102818 -0.900566 -61.542278
v 12.308455 -1.417663 -61.542278
v 12.308455 -0.878084 -53.336639
v 53.336639 -2.002006 -45.131004
v 61.542278 -1.229793 -45.131004
v 61.542278 -1.579213 -36.925365
v 53.336639 -1.304211 -61.542278
v 61.542278 -1.906582 -61.542278
v 61.542278 -1.554552 -53.336639
v 36.925365 -1.574527 -61.542278
v 45.131004 -1.183373 -61.542278
v 45.131004 -1.213517 -53.336639
v 53.336639 -2.590466 -12.308455
v 61.542278 -2.396874 -12.308455
v 61.542278 -1.215636 -4.102818
v 53.336639 -1.160878 -28.719730
v 61.542278 -1.867887 -28.719730
v 61.542278 -1.435935 -20.514091
v 36.925365 -2.194278 -28.719730
v 45.131004 -2.456939 -28.719730
v 45.131004 -2.159014 -20.514091
v -45.131004 -1.621902 -45.131004
v -36.925365 -1.537825 -45.131004
v -36.925365 -0.912418 -36.925365
v -45.131004 -1.077295 -61.542278
v -36.925365 -1.522891 -61.542278
v -36.925365 -1.289746 -53.336639
v -61.542278 -1.216491 -61.542278
v -53.336639 -1.033007 -61.542278
v -53.336639 -1.021963 -53.336639
v -12.308455 -1.641918 -45.131004
v -4.102818 -1.916683 -45.131004
v -4.102818 -0.970086 -36.925365
v -12.308455 -1.720632 -61.542278
v -4.102818 -1.036267 -61.542278
v -4.102818 -0.992000 -53.336639
v -28.719730 -0.907630 -61.542278
v -20.514091 -1.026538 -61.542278
v -20.514091 -1.658154 -53.336639
v -12.308455 -1.467201 -12.308455
v -4.102818 -1.197234 -12.308455
v -4.102818 -1.525411 -4.102818
v -12.308455 -1.714292 -28.719730
v -4.102818 -1.078084 -28.719730
v -4.102818 -1.444838 -20.514091
v -28.719730 -0.957800 -28.719730
v -20.514091 -0.942959 -28.719730
v -20.514091 -1.118358 -20.514091
v -45.131004 -1.045401 -12.308455
v -36.925365 -1.248347 -12.308455
v -36.925365 -1.952477 -4.102818
v -45.131004 -1.186800 -28.719730
v -36.925365 -1.740301 -28.719730
v -36.925365 -1.768503 -20.514091
v -61.542278 -0.926977 -28.719730
v -53.336639 -1.643387 -28.719730
v -53.336639 -1.580040 -20.514091
v 20.514091 -2.089756 -12.308455
v 28.719730 -2.206840 -12.308455
v 28.719730 -2.643597 -4.102818
v 20.514091 -1.222757 -28.719730
v 28.719730 -1.303031 -28.719730
v 28.719730 -2.569793 -20.514091
v 4.102818 -0.901117 -28.719730
v 12.308455 -1.194027 -28.719730
v 12.308455 -1.987396 -20.514091
v 20.514091 -1.286412 53.336639
v 28.719730 -1.573350 53.336639
v 28.719730 -1.385076 61.542278
v 20.514091 -0.942749 36.925365
v 28.719730 -2.608207 36.925365
v 28.719730 -0.868255 45.131004
v 4.102818 -0.889111 36.925365
v 12.308455 -2.213381 36.925365
v 12.308455 -1.066308 45.131004
v -45.131004 -1.014625 53.336639
v -36.925365 -1.271327 53.336639
v -36.925365 -1.432959 61.542278
v -45.131004 -1.422114 36.925365
v -36.925365 -1.424908 36.925365
v -36.925365 -1.673934 45.131004
v -61.542278 -1.094088 36.925365
v -53.336639 -0.919302 36.925365
v -53.336639 -1.150075 45.131004
v -61.542278 -1.102011 45.131004
v -45.131004 -1.745568 45.131004
v -45.131004 -1.154741 61.542278
v 4.102818 -0.884677 45.131004
v 20.514091 -0.988356 45.131004
v 20.514091 -2.972914 61.542278
v 4.102818 -1.291810 -20.514091
v 20.514091 -2.511455 -20.514091
v 20.514091 -2.626731 -4.102818
v -61.542278 -1.339624 -20.514091
v -45.131004 -1.848097 -20.514091
v -45.131004 -1.908846 -4.102818
v -28.719730 -1.326503 -20.514091
v -12.308455 -1.118451 -20.514091
v -12.308455 -1.183717 -4.102818
v -28.719730 -1.047180 -53.336639
v -12.308455 -0.976626 -53.336639
v -12.308455 -1.050842 -36.925365
v -61.542278 -0.888366 -53.336639
v -45.131004 -1.023722 -53.336639
v -45.131004 -1.354672 -36.925365
v 36.925365 -2.224695 -20.514091
v 53.336639 -2.481807 -20.514091
v 53.336639 -0.882061 -4.102818
v 36.925365 -1.286905 -53.336639
v 53.336639 -1.248420 -53.336639
v 53.336639 -1.415748 -36.925365
v 4.102818 -1.556020 -53.336639
v 20.514091 -2.060683 -53.336639
v 20.514091 -2.024463 -36.925365
v 36.925365 -2.436083 45.131004
v 53.336639 -2.147945 45.131004
v 53.336639 -1.699464 61.542278
v 36.925365 -1.442010 12.308455
v 53.336639 -1.149226 12.308455
v 53.336639 -1.495300 28.719730
v 4.102818 -1.309412 12.308455
v 20.514091 -2.420074 12.308455
v 20.514091 -2.706442 28.719730
v -28.719730 -2.362452 45.131004
v -12.308455 -2.349731 45.131004
v -12.308455 -1.408189 61.542278
v -28.719730 -1.696741 12.308455
v -12.308455 -1.893174 12.308455
v -12.308455 -1.908675 28.719730
v -61.542278 -1.357733 12.308455
v -45.131004 -1.234729 12.308455
v -45.131004 -1.664902 28.719730
v -61.542278 -1.338545 28.719730
v -28.719730 -0.980677 28.719730
v -28.719730 -1.043569 61.542278
v 4.102818 -2.077341 28.719730
v 36.925365 -1.761085 28.719730
v 36.925365 -2.993997 61.542278
v 4.102818 -0.924990 -36.925365
v 36.925365 -1.876106 -36.925365
v 36.925365 -1.209220 -4.102818
v -61.542278 -1.159145 -36.925365
v -28.719730 -1.161949 -36.925365
v -28.719730 -1.914283 -4.102818
v -61.542278 -1.499959 -4.102818
v 4.102818 -2.530031 -4.102818
v 4.102818 -1.665202 61.542278
v -61.542278 -1.464540 61.542278
vt 0.968750 0.968750
vt 0.968750 1.000000
vt 1.000000 1.000000
vt 1.000000 0.968750
vt 0.468750 0.968750
vt 0.468750 1.000000
vt 0.500000 1.000000
vt 0.500000 0.968750
vt 0.468750 0.468750
vt 0.468750 0.500000
vt 0.500000 0.500000
vt 0.500000 0.468750
vt 0.968750 0.468750
vt 0.968750 0.500000
vt 1.000000 0.500000
vt 1.000000 0.468750
vt 0.718750 0.468750
vt 0.718750 0.500000
vt 0.750000 0.500000
vt 0.750000 0.468750
vt 0.718750 0.218750
vt 0.718750 0.250000
vt 0.750000 0.250000
vt 0.750000 0.218750
vt 0.968750 0.218750
vt 0.968750 0.250000
vt 1.000000 0.250000
vt 1.000000 0.218750
vt 0.218750 0.468750
vt 0.218750 0.500000
vt 0.250000 0.500000
vt 0.250000 0.468750
vt 0.218750 0.218750
vt 0.218750 0.250000
vt 0.250000 0.250000
vt 0.250000 0.218750
vt 0.468750 0.218750
vt 0.468750 0.250000
vt 0.500000 0.250000
vt 0.500000 0.218750
vt 0.218750 0.968750
vt 0.218750 1.000000
vt 0.250000 1.000000
vt 0.250000 0.968750
vt 0.218750 0.718750
vt 0.218750 0.750000
vt 0.250000 0.750000
vt 0.250000 0.718750
vt 0.468750 0.718750
vt 0.468750 0.750000
vt 0.500000 0.750000
vt 0.500000 0.718750
vt 0.718750 0.968750
vt 0.718750 1.000000
vt 0.750000 1.000000
vt 0.750000 0.968750
vt 0.718750 0.718750
vt 0.718750 0.750000
vt 0.750000 0.750000
vt 0.750000 0.718750
vt 0.968750 0.718750
vt 0.968750 0.750000
vt 1.000000 0.750000
vt 1.000000 0.718750
vt 0.843750 0.718750
vt 0.843750 0.750000
vt 0.875000 0.750000
vt 0.875000 0.718750
vt 0.843750 0.593750
vt 0.843750 0.625000
vt 0.875000 0.625000
vt 0.875000 0.593750
vt 0.968750 0.593750
vt 0.968750 0.625000
vt 1.000000 0.625000
vt 1.000000 0.593750
vt 0.593750 0.718750
vt 0.593750 0.750000
vt 0.625000 0.750000
vt 0.625000 0.718750
vt 0.593750 0.593750
vt 0.593750 0.625000
vt 0.625000 0.625000
vt 0.625000 0.593750
vt 0.718750 0.593750
vt 0.718750 0.625000
vt 0.750000 0.625000
vt 0.750000 0.593750
vt 0.593750 0.968750
vt 0.593750 1.000000
vt 0.625000 1.000000
vt 0.625000 0.968750
vt 0.593750 0.843750
vt 0.593750 0.875000
vt 0.625000 0.875000
vt 0.625000 0.843750
vt 0.718750 0.843750
vt 0.718750 0.875000
vt 0.750000 0.875000
vt 0.750000 0.843750
vt 0.343750 0.718750
vt 0.343750 0.750000
vt 0.375000 0.750000
vt 0.375000 0.718750
vt 0.343750 0.593750
vt 0.343750 0.625000
vt 0.375000 0.625000
vt 0.375000 0.593750
vt 0.468750 0.593750
vt 0.468750 0.625000
vt 0.500000 0.625000
vt 0.500000 0.593750
vt 0.093750 0.718750
vt 0.093750 0.750000
vt 0.125000 0.750000
vt 0.125000 0.718750
vt 0.093750 0.593750
vt 0.093750 0.625000
vt 0.125000 0.625000
vt 0.125000 0.593750
vt 0.218750 0.593750
vt 0.218750 0.625000
vt 0.250000 0.625000
vt 0.250000 0.593750
vt 0.093750 0.968750
vt 0.093750 1.000000
vt 0.125000 1.000000
vt 0.125000 0.968750
vt 0.093750 0.843750
vt 0.093750 0.875000
vt 0.125000 0.875000
vt 0.125000 0.843750
vt 0.218750 0.843750
vt 0.218750 0.875000
vt 0.250000 0.875000
vt 0.250000 0.843750
vt 0.343750 0.218750
vt 0.343750 0.250000
vt 0.375000 0.250000
vt 0.375000 0.218750
vt 0.343750 0.093750
vt 0.343750 0.125000
vt 0.375000 0.125000
vt 0.375000 0.093750
vt 0.468750 0.093750
vt 0.468750 0.125000
vt 0.500000 0.125000
vt 0.500000 0.093750
vt 0.093750 0.218750
vt 0.093750 0.250000
vt 0.125000 0.250000
vt 0.125000 0.218750
vt 0.093750 0.093750
vt 0.093750 0.125000
vt 0.125000 0.125000
vt 0.125000 0.093750
vt 0.218750 0.093750
vt 0.218750 0.125000
vt 0.250000 0.125000
vt 0.250000 0.093750
vt 0.093750 0.468750
vt 0.093750 0.500000
vt 0.125000 0.500000
vt 0.125000 0.468750
vt 0.093750 0.343750
vt 0.093750 0.375000
vt 0.125000 0.375000
vt 0.125000 0.343750
vt 0.218750 0.343750
vt 0.218750 0.375000
vt 0.250000 0.375000
vt 0.250000 0.343750
vt 0.843750 0.218750
vt 0.843750 0.250000
vt 0.875000 0.250000
vt 0.875000 0.218750
vt 0.843750 0.093750
vt 0.843750 0.125000
vt 0.875000 0.125000
vt 0.875000 0.093750
vt 0.968750 0.093750
vt 0.968750 0.125000
vt 1.000000 0.125000
vt 1.000000 0.093750
vt 0.593750 0.218750
vt 0.593750 0.250000
vt 0.625000 0.250000
vt 0.625000 0.218750
vt 0.593750 0.093750
vt 0.593750 0.125000
vt 0.625000 0.125000
vt 0.625000 0.093750
vt 0.718750 0.093750
vt 0.718750 0.125000
vt 0.750000 0.125000
vt 0.750000 0.093750
vt 0.593750 0.468750
vt 0.593750 0.500000
vt 0.625000 0.500000
vt 0.625000 0.468750
vt 0.593750 0.343750
vt 0.593750 0.375000
vt 0.625000 0.375000
vt 0.625000 0.343750
vt 0.718750 0.343750
vt 0.718750 0.375000
vt 0.750000 0.375000
vt 0.750000 0.343750
vt 0.843750 0.468750
vt 0.843750 0.500000
vt 0.875000 0.500000
vt 0.875000 0.468750
vt 0.843750 0.343750
vt 0.843750 0.375000
vt 0.875000 0.375000
vt 0.875000 0.343750
vt 0.968750 0.343750
vt 0.968750 0.375000
vt 1.000000 0.375000
vt 1.000000 0.343750
vt 0.343750 0.468750
vt 0.343750 0.500000
vt 0.375000 0.500000
vt 0.375000 0.468750
vt 0.343750 0.343750
vt 0.343750 0.375000
vt 0.375000 0.375000
vt 0.375000 0.343750
vt 0.468750 0.343750
vt 0.468750 0.375000
vt 0.500000 0.375000
vt 0.500000 0.343750
vt 0.343750 0.968750
vt 0.343750 1.000000
vt 0.375000 1.000000
vt 0.375000 0.968750
vt 0.343750 0.843750
vt 0.343750 0.875000
vt 0.375000 0.875000
vt 0.375000 0.843750
vt 0.468750 0.843750
vt 0.468750 0.875000
vt 0.500000 0.875000
vt 0.500000 0.843750
vt 0.843750 0.968750
vt 0.843750 1.000000
vt 0.875000 1.000000
vt 0.875000 0.968750
vt 0.843750 0.843750
vt 0.843750 0.875000
vt 0.875000 0.875000
vt 0.875000 0.843750
vt 0.968750 0.843750
vt 0.968750 0.875000
vt 1.000000 0.875000
vt 1.000000 0.843750
vt 0.906250 0.843750
vt 0.906250 0.875000
vt 0.937500 0.875000
vt 0.937500 0.843750
vt 0.906250 0.781250
vt 0.906250 0.812500
vt 0.937500 0.812500
vt 0.937500 0.781250
vt 0.968750 0.781250
vt 0.968750 0.812500
vt 1.000000 0.812500
vt 1.000000 0.781250
vt 0.781250 0.843750
vt 0.781250 0.875000
vt 0.812500 0.875000
vt 0.812500 0.843750
vt 0.781250 0.781250
vt 0.781250 0.812500
vt 0.812500 0.812500
vt 0.812500 0.781250
vt 0.843750 0.781250
vt 0.843750 0.812500
vt 0.875000 0.812500
vt 0.875000 0.781250
vt 0.781250 0.968750
vt 0.781250 1.000000
vt 0.812500 1.000000
vt 0.812500 0.968750
vt 0.781250 0.906250
vt 0.781250 0.937500
vt 0.812500 0.937500
vt 0.812500 0.906250
vt 0.843750 0.906250
vt 0.843750 0.937500
vt 0.875000 0.937500
vt 0.875000 0.906250
vt 0.406250 0.843750
vt 0.406250 0.875000
vt 0.437500 0.875000
vt 0.437500 0.843750
vt 0.406250 0.781250
vt 0.406250 0.812500
vt 0.437500 0.812500
vt 0.437500 0.781250
vt 0.468750 0.781250
vt 0.468750 0.812500
vt 0.500000 0.812500
vt 0.500000 0.781250
vt 0.281250 0.843750
vt 0.281250 0.875000
vt 0.312500 0.875000
vt 0.312500 0.843750
vt 0.281250 0.781250
vt 0.281250 0.812500
vt 0.312500 0.812500
vt 0.312500 0.781250
vt 0.343750 0.781250
vt 0.343750 0.812500
vt 0.375000 0.812500
vt 0.375000 0.781250
vt 0.281250 0.968750
vt 0.281250 1.000000
vt 0.312500 1.000000
vt 0.312500 0.968750
vt 0.281250 0.906250
vt 0.281250 0.937500
vt 0.312500 0.937500
vt 0.312500 0.906250
vt 0.343750 0.906250
vt 0.343750 0.937500
vt 0.375000 0.937500
vt 0.375000 0.906250
vt 0.406250 0.343750
vt 0.406250 0.375000
vt 0.437500 0.375000
vt 0.437500 0.343750
vt 0.406250 0.281250
vt 0.406250 0.312500
vt 0.437500 0.312500
vt 0.437500 0.281250
vt 0.468750 0.281250
vt 0.468750 0.312500
vt 0.500000 0.312500
vt 0.500000 0.281250
vt 0.281250 0.343750
vt 0.281250 0.375000
vt 0.312500 0.375000
vt 0.312500 0.343750
vt 0.281250 0.281250
vt 0.281250 0.312500
vt 0.312500 0.312500
vt 0.312500 0.281250
vt 0.343750 0.281250
vt 0.343750 0.312500
vt 0.375000 0.312500
vt 0.375000 0.281250
vt 0.281250 0.468750
vt 0.281250 0.500000
vt 0.312500 0.500000
vt 0.312500 0.468750
vt 0.281250 0.406250
vt 0.281250 0.437500
vt 0.312500 0.437500
vt 0.312500 0.406250
vt 0.343750 0.406250
vt 0.343750 0.437500
vt 0.375000 0.437500
vt 0.375000 0.406250
vt 0.906250 0.343750
vt 0.906250 0.375000
vt 0.937500 0.375000
vt 0.937500 0.343750
vt 0.906250 0.281250
vt 0.906250 0.312500
vt 0.937500 0.312500
vt 0.937500 0.281250
vt 0.968750 0.281250
vt 0.968750 0.312500
vt 1.000000 0.312500
vt 1.000000 0.281250
vt 0.781250 0.343750
vt 0.781250 0.375000
vt 0.812500 0.375000
vt 0.812500 0.343750
vt 0.781250 0.281250
vt 0.781250 0.312500
vt 0.812500 0.312500
vt 0.812500 0.281250
vt 0.843750 0.281250
vt 0.843750 0.312500
vt 0.875000 0.312500
vt 0.875000 0.281250
vt 0.781250 0.468750
vt 0.781250 0.500000
vt 0.812500 0.500000
vt 0.812500 0.468750
vt 0.781250 0.406250
vt 0.781250 0.437500
vt 0.812500 0.437500
vt 0.812500 0.406250
vt 0.843750 0.406250
vt 0.843750 0.437500
vt 0.875000 0.437500
vt 0.875000 0.406250
vt 0.656250 0.343750
vt 0.656250 0.375000
vt 0.687500 0.375000
vt 0.687500 0.343750
vt 0.656250 0.281250
vt 0.656250 0.312500
vt 0.687500 0.312500
vt 0.687500 0.281250
vt 0.718750 0.281250
vt 0.718750 0.312500
vt 0.750000 0.312500
vt 0.750000 0.281250
vt 0.531250 0.343750
vt 0.531250 0.375000
vt 0.562500 0.375000
vt 0.562500 0.343750
vt 0.531250 0.281250
vt 0.531250 0.312500
vt 0.562500 0.312500
vt 0.562500 0.281250
vt 0.593750 0.281250
vt 0.593750 0.312500
vt 0.625000 0.312500
vt 0.625000 0.281250
vt 0.531250 0.468750
vt 0.531250 0.500000
vt 0.562500 0.500000
vt 0.562500 0.468750
vt 0.531250 0.406250
vt 0.531250 0.437500
vt 0.562500 0.437500
vt 0.562500 0.406250
vt 0.593750 0.406250
vt 0.593750 0.437500
vt 0.625000 0.437500
vt 0.625000 0.406250
vt 0.656250 0.093750
vt 0.656250 0.125000
vt 0.687500 0.125000
vt 0.687500 0.093750
vt 0.656250 0.031250
vt 0.656250 0.062500
vt 0.687500 0.062500
vt 0.687500 0.031250
vt 0.718750 0.031250
vt 0.718750 0.062500
vt 0.750000 0.062500
vt 0.750000 0.031250
vt 0.531250 0.093750
vt 0.531250 0.125000
vt 0.562500 0.125000
vt 0.562500 0.093750
vt 0.531250 0.031250
vt 0.531250 0.062500
vt 0.562500 0.062500
vt 0.562500 0.031250
vt 0.593750 0.031250
vt 0.593750 0.062500
vt 0.625000 0.062500
vt 0.625000 0.031250
vt 0.531250 0.218750
vt 0.531250 0.250000
vt 0.562500 0.250000
vt 0.562500 0.218750
vt 0.531250 0.156250
vt 0.531250 0.187500
vt 0.562500 0.187500
vt 0.562500 0.156250
vt 0.593750 0.156250
vt 0.593750 0.187500
vt 0.625000 0.187500
vt 0.625000 0.156250
vt 0.906250 0.093750
vt 0.906250 0.125000
vt 0.937500 0.125000
vt 0.937500 0.093750
vt 0.906250 0.031250
vt 0.906250 0.062500
vt 0.937500 0.062500
vt 0.937500 0.031250
vt 0.968750 0.031250
vt 0.968750 0.062500
vt 1.000000 0.062500
vt 1.000000 0.031250
vt 0.781250 0.093750
vt 0.781250 0.125000
vt 0.812500 0.125000
vt 0.812500 0.093750
vt 0.781250 0.031250
vt 0.781250 0.062500
vt 0.812500 0.062500
vt 0.812500 0.031250
vt 0.843750 0.031250
vt 0.843750 0.062500
vt 0.875000 0.062500
vt 0.875000 0.031250
vt 0.781250 0.218750
vt 0.781250 0.250000
vt 0.812500 0.250000
vt 0.812500 0.218750
vt 0.781250 0.156250
vt 0.781250 0.187500
vt 0.812500 0.187500
vt 0.812500 0.156250
vt 0.843750 0.156250
vt 0.843750 0.187500
vt 0.875000 0.187500
vt 0.875000 0.156250
vt 0.156250 0.343750
vt 0.156250 0.375000
vt 0.187500 0.375000
vt 0.187500 0.343750
vt 0.156250 0.281250
vt 0.156250 0.312500
vt 0.187500 0.312500
vt 0.187500 0.281250
vt 0.218750 0.281250
vt 0.218750 0.312500
vt 0.250000 0.312500
vt 0.250000 0.281250
vt 0.031250 0.343750
vt 0.031250 0.375000
vt 0.062500 0.375000
vt 0.062500 0.343750
vt 0.031250 0.281250
vt 0.031250 0.312500
vt 0.062500 0.312500
vt 0.062500 0.281250
vt 0.093750 0.281250
vt 0.093750 0.312500
vt 0.125000 0.312500
vt 0.125000 0.281250
vt 0.031250 0.468750
vt 0.031250 0.500000
vt 0.062500 0.500000
vt 0.062500 0.468750
vt 0.031250 0.406250
vt 0.031250 0.437500
vt 0.062500 0.437500
vt 0.062500 0.406250
vt 0.093750 0.406250
vt 0.093750 0.437500
vt 0.125000 0.437500
vt 0.125000 0.406250
vt 0.156250 0.093750
vt 0.156250 0.125000
vt 0.187500 0.125000
vt 0.187500 0.093750
vt 0.156250 0.031250
vt 0.156250 0.062500
vt 0.187500 0.062500
vt 0.187500 0.031250
vt 0.218750 0.031250
vt 0.218750 0.062500
vt 0.250000 0.062500
vt 0.250000 0.031250
vt 0.031250 0.093750
vt 0.031250 0.125000
vt 0.062500 0.125000
vt 0.062500 0.093750
vt 0.031250 0.031250
vt 0.031250 0.062500
vt 0.062500 0.062500
vt 0.062500 0.031250
vt 0.093750 0.031250
vt 0.093750 0.062500
vt 0.125000 0.062500
vt 0.125000 0.031250
vt 0.031250 0.218750
vt 0.031250 0.250000
vt 0.062500 0.250000
vt 0.062500 0.218750
vt 0.031250 0.156250
vt 0.031250 0.187500
vt 0.062500 0.187500
vt 0.062500 0.156250
vt 0.093750 0.156250
vt 0.093750 0.187500
vt 0.125000 0.187500
vt 0.125000 0.156250
vt 0.406250 0.093750
vt 0.406250 0.125000
vt 0.437500 0.125000
vt 0.437500 0.093750
vt 0.406250 0.031250
vt 0.406250 0.062500
vt 0.437500 0.062500
vt 0.437500 0.031250
vt 0.468750 0.031250
vt 0.468750 0.062500
vt 0.500000 0.062500
vt 0.500000 0.031250
vt 0.281250 0.093750
vt 0.281250 0.125000
vt 0.312500 0.125000
vt 0.312500 0.093750
vt 0.281250 0.031250
vt 0.281250 0.062500
vt 0.312500 0.062500
vt 0.312500 0.031250
vt 0.343750 0.031250
vt 0.343750 0.062500
vt 0.375000 0.062500
vt 0.375000 0.031250
vt 0.281250 0.218750
vt 0.281250 0.250000
vt 0.312500 0.250000
vt 0.312500 0.218750
vt 0.281250 0.156250
vt 0.281250 0.187500
vt 0.312500 0.187500
vt 0.312500 0.156250
vt 0.343750 0.156250
vt 0.343750 0.187500
vt 0.375000 0.187500
vt 0.375000 0.156250
vt 0.156250 0.843750
vt 0.156250 0.875000
vt 0.187500 0.875000
vt 0.187500 0.843750
vt 0.156250 0.781250
vt 0.156250 0.812500
vt 0.187500 0.812500
vt 0.187500 0.781250
vt 0.218750 0.781250
vt 0.218750 0.812500
vt 0.250000 0.812500
vt 0.250000 0.781250
vt 0.031250 0.843750
vt 0.031250 0.875000
vt 0.062500 0.875000
vt 0.062500 0.843750
vt 0.031250 0.781250
vt 0.031250 0.812500
vt 0.062500 0.812500
vt 0.062500 0.781250
vt 0.093750 0.781250
vt 0.093750 0.812500
vt 0.125000 0.812500
vt 0.125000 0.781250
vt 0.031250 0.968750
vt 0.031250 1.000000
vt 0.062500 1.000000
vt 0.062500 0.968750
vt 0.031250 0.906250
vt 0.031250 0.937500
vt 0.062500 0.937500
vt 0.062500 0.906250
vt 0.093750 0.906250
vt 0.093750 0.937500
vt 0.125000 0.937500
vt 0.125000 0.906250
vt 0.156250 0.593750
vt 0.156250 0.625000
vt 0.187500 0.625000
vt 0.187500 0.593750
vt 0.156250 0.531250
vt 0.156250 0.562500
vt 0.187500 0.562500
vt 0.187500 0.531250
vt 0.218750 0.531250
vt 0.218750 0.562500
vt 0.250000 0.562500
vt 0.250000 0.531250
vt 0.031250 0.593750
vt 0.031250 0.625000
vt 0.062500 0.625000
vt 0.062500 0.593750
vt 0.031250 0.531250
vt 0.031250 0.562500
vt 0.062500 0.562500
vt 0.062500 0.531250
vt 0.093750 0.531250
vt 0.093750 0.562500
vt 0.125000 0.562500
vt 0.125000 0.531250
vt 0.031250 0.718750
vt 0.031250 0.750000
vt 0.062500 0.750000
vt 0.062500 0.718750
vt 0.031250 0.656250
vt 0.031250 0.687500
vt 0.062500 0.687500
vt 0.062500 0.656250
vt 0.093750 0.656250
vt 0.093750 0.687500
vt 0.125000 0.687500
vt 0.125000 0.656250
vt 0.406250 0.593750
vt 0.406250 0.625000
vt 0.437500 0.625000
vt 0.437500 0.593750
vt 0.406250 0.531250
vt 0.406250 0.562500
vt 0.437500 0.562500
vt 0.437500 0.531250
vt 0.468750 0.531250
vt 0.468750 0.562500
vt 0.500000 0.562500
vt 0.500000 0.531250
vt 0.281250 0.593750
vt 0.281250 0.625000
vt 0.312500 0.625000
vt 0.312500 0.593750
vt 0.281250 0.531250
vt 0.281250 0.562500
vt 0.312500 0.562500
vt 0.312500 0.531250
vt 0.343750 0.531250
vt 0.343750 0.562500
vt 0.375000 0.562500
vt 0.375000 0.531250
vt 0.281250 0.718750
vt 0.281250 0.750000
vt 0.312500 0.750000
vt 0.312500 0.718750
vt 0.281250 0.656250
vt 0.281250 0.687500
vt 0.312500 0.687500
vt 0.312500 0.656250
vt 0.343750 0.656250
vt 0.343750 0.687500
vt 0.375000 0.687500
vt 0.375000 0.656250
vt 0.656250 0.843750
vt 0.656250 0.875000
vt 0.687500 0.875000
vt 0.687500 0.843750
vt 0.656250 0.781250
vt 0.656250 0.812500
vt 0.687500 0.812500
vt 0.687500 0.781250
vt 0.718750 0.781250
vt 0.718750 0.812500
vt 0.750000 0.812500
vt 0.750000 0.781250
vt 0.531250 0.843750
vt 0.531250 0.875000
vt 0.562500 0.875000
vt 0.562500 0.843750
vt 0.531250 0.781250
vt 0.531250 0.812500
vt 0.562500 0.812500
vt 0.562500 0.781250
vt 0.593750 0.781250
vt 0.593750 0.812500
vt 0.625000 0.812500
vt 0.625000 0.781250
vt 0.531250 0.968750
vt 0.531250 1.000000
vt 0.562500 1.000000
vt 0.562500 0.968750
vt 0.531250 0.906250
vt 0.531250 0.937500
vt 0.562500 0.937500
vt 0.562500 0.906250
vt 0.593750 0.906250
vt 0.593750 0.937500
vt 0.625000 0.937500
vt 0.625000 0.906250
vt 0.656250 0.593750
vt 0.656250 0.625000
vt 0.687500 0.625000
vt 0.687500 0.593750
vt 0.656250 0.531250
vt 0.656250 0.562500
vt 0.687500 0.562500
vt 0.687500 0.531250
vt 0.718750 0.531250
vt 0.718750 0.562500
vt 0.750000 0.562500
vt 0.750000 0.531250
vt 0.531250 0.593750
vt 0.531250 0.625000
vt 0.562500 0.625000
vt 0.562500 0.593750
vt 0.531250 0.531250
vt 0.531250 0.562500
vt 0.562500 0.562500
vt 0.562500 0.531250
vt 0.593750 0.531250
vt 0.593750 0.562500
vt 0.625000 0.562500
vt 0.625000 0.531250
vt 0.531250 0.718750
vt 0.531250 0.750000
vt 0.562500 0.750000
vt 0.562500 0.718750
vt 0.531250 0.656250
vt 0.531250 0.687500
vt 0.562500 0.687500
vt 0.562500 0.656250
vt 0.593750 0.656250
vt 0.593750 0.687500
vt 0.625000 0.687500
vt 0.625000 0.656250
vt 0.906250 0.593750
vt 0.906250 0.625000
vt 0.937500 0.625000
vt 0.937500 0.593750
vt 0.906250 0.531250
vt 0.906250 0.562500
vt 0.937500 0.562500
vt 0.937500 0.531250
vt 0.968750 0.531250
vt 0.968750 0.562500
vt 1.000000 0.562500
vt 1.000000 0.531250
vt 0.781250 0.593750
vt 0.781250 0.625000
vt 0.812500 0.625000
vt 0.812500 0.593750
vt 0.781250 0.531250
vt 0.781250 0.562500
vt 0.812500 0.562500
vt 0.812500 0.531250
vt 0.843750 0.531250
vt 0.843750 0.562500
vt 0.875000 0.562500
vt 0.875000 0.531250
vt 0.781250 0.718750
vt 0.781250 0.750000
vt 0.812500 0.750000
vt 0.812500 0.718750
vt 0.781250 0.656250
vt 0.781250 0.687500
vt 0.812500 0.687500
vt 0.812500 0.656250
vt 0.843750 0.656250
vt 0.843750 0.687500
vt 0.875000 0.687500
vt 0.875000 0.656250
vt 0.906250 0.718750
vt 0.906250 0.750000
vt 0.937500 0.750000
vt 0.937500 0.718750
vt 0.906250 0.656250
vt 0.906250 0.687500
vt 0.937500 0.687500
vt 0.937500 0.656250
vt 0.968750 0.656250
vt 0.968750 0.687500
vt 1.000000 0.687500
vt 1.000000 0.656250
vt 0.656250 0.718750
vt 0.656250 0.750000
vt 0.687500 0.750000
vt 0.687500 0.718750
vt 0.656250 0.656250
vt 0.656250 0.687500
vt 0.687500 0.687500
vt 0.687500 0.656250
vt 0.718750 0.656250
vt 0.718750 0.687500
vt 0.750000 0.687500
vt 0.750000 0.656250
vt 0.656250 0.968750
vt 0.656250 1.000000
vt 0.687500 1.000000
vt 0.687500 0.968750
vt 0.656250 0.906250
vt 0.656250 0.937500
vt 0.687500 0.937500
vt 0.687500 0.906250
vt 0.718750 0.906250
vt 0.718750 0.937500
vt 0.750000 0.937500
vt 0.750000 0.906250
vt 0.406250 0.718750
vt 0.406250 0.750000
vt 0.437500 0.750000
vt 0.437500 0.718750
vt 0.406250 0.656250
vt 0.406250 0.687500
vt 0.437500 0.687500
vt 0.437500 0.656250
vt 0.468750 0.656250
vt 0.468750 0.687500
vt 0.500000 0.687500
vt 0.500000 0.656250
vt 0.156250 0.718750
vt 0.156250 0.750000
vt 0.187500 0.750000
vt 0.187500 0.718750
vt 0.156250 0.656250
vt 0.156250 0.687500
vt 0.187500 0.687500
vt 0.187500 0.656250
vt 0.218750 0.656250
vt 0.218750 0.687500
vt 0.250000 0.687500
vt 0.250000 0.656250
vt 0.156250 0.968750
vt 0.156250 1.000000
vt 0.187500 1.000000
vt 0.187500 0.968750
vt 0.156250 0.906250
vt 0.156250 0.937500
vt 0.187500 0.937500
vt 0.187500 0.906250
vt 0.218750 0.906250
vt 0.218750 0.937500
vt 0.250000 0.937500
vt 0.250000 0.906250
vt 0.406250 0.218750
vt 0.406250 0.250000
vt 0.437500 0.250000
vt 0.437500 0.218750
vt 0.406250 0.156250
vt 0.406250 0.187500
vt 0.437500 0.187500
vt 0.437500 0.156250
vt 0.468750 0.156250
vt 0.468750 0.187500
vt 0.500000 0.187500
vt 0.500000 0.156250
vt 0.156250 0.218750
vt 0.156250 0.250000
vt 0.187500 0.250000
vt 0.187500 0.218750
vt 0.156250 0.156250
vt 0.156250 0.187500
vt 0.187500 0.187500
vt 0.187500 0.156250
vt 0.218750 0.156250
vt 0.218750 0.187500
vt 0.250000 0.187500
vt 0.250000 0.156250
vt 0.156250 0.468750
vt 0.156250 0.500000
vt 0.187500 0.500000
vt 0.187500 0.468750
vt 0.156250 0.406250
vt 0.156250 0.437500
vt 0.187500 0.437500
vt 0.187500 0.406250
vt 0.218750 0.406250
vt 0.218750 0.437500
vt 0.250000 0.437500
vt 0.250000 0.406250
vt 0.906250 0.218750
vt 0.906250 0.250000
vt 0.937500 0.250000
vt 0.937500 0.218750
vt 0.906250 0.156250
vt 0.906250 0.187500
vt 0.937500 0.187500
vt 0.937500 0.156250
vt 0.968750 0.156250
vt 0.968750 0.187500
vt 1.000000 0.187500
vt 1.000000 0.156250
vt 0.656250 0.218750
vt 0.656250 0.250000
vt 0.687500 0.250000
vt 0.687500 0.218750
vt 0.656250 0.156250
vt 0.656250 0.187500
vt 0.687500 0.187500
vt 0.687500 0.156250
vt 0.718750 0.156250
vt 0.718750 0.187500
vt 0.750000 0.187500
vt 0.750000 0.156250
vt 0.656250 0.468750
vt 0.656250 0.500000
vt 0.687500 0.500000
vt 0.687500 0.468750
vt 0.656250 0.406250
vt 0.656250 0.437500
vt 0.687500 0.437500
vt 0.687500 0.406250
vt 0.718750 0.406250
vt 0.718750 0.437500
vt 0.750000 0.437500
vt 0.750000 0.406250
vt 0.906250 0.468750
vt 0.906250 0.500000
vt 0.937500 0.500000
vt 0.937500 0.468750
vt 0.906250 0.406250
vt 0.906250 0.437500
vt 0.937500 0.437500
vt 0.937500 0.406250
vt 0.968750 0.406250
vt 0.968750 0.437500
vt 1.000000 0.437500
vt 1.000000 0.406250
vt 0.406250 0.468750
vt 0.406250 0.500000
vt 0.437500 0.500000
vt 0.437500 0.468750
vt 0.406250 0.406250
vt 0.406250 0.437500
vt 0.437500 0.437500
vt 0.437500 0.406250
vt 0.468750 0.406250
vt 0.468750 0.437500
vt 0.500000 0.437500
vt 0.500000 0.406250
vt 0.406250 0.968750
vt 0.406250 1.000000
vt 0.437500 1.000000
vt 0.437500 0.968750
vt 0.406250 0.906250
vt 0.406250 0.937500
vt 0.437500 0.937500
vt 0.437500 0.906250
vt 0.468750 0.906250
vt 0.468750 0.937500
vt 0.500000 0.937500
vt 0.500000 0.906250
vt 0.906250 0.968750
vt 0.906250 1.000000
vt 0.937500 1.000000
vt 0.937500 0.968750
vt 0.906250 0.906250
vt 0.906250 0.937500
vt 0.937500 0.937500
vt 0.937500 0.906250
vt 0.968750 0.906250
vt 0.968750 0.937500
vt 1.000000 0.937500
vt 1.000000 0.906250
vt 0.000000 0.656250
vt 0.000000 0.687500
vt 0.000000 0.625000
vt 0.000000 0.718750
vt 0.000000 0.750000
vt 0.000000 0.531250
vt 0.000000 0.562500
vt 0.000000 0.500000
vt 0.000000 0.593750
vt 0.000000 0.906250
vt 0.000000 0.937500
vt 0.000000 0.875000
vt 0.000000 0.968750
vt 0.000000 1.000000
vt 0.000000 0.781250
vt 0.000000 0.812500
vt 0.000000 0.843750
vt 0.312500 0.000000
vt 0.343750 0.000000
vt 0.375000 0.000000
vt 0.250000 0.000000
vt 0.281250 0.000000
vt 0.437500 0.000000
vt 0.468750 0.000000
vt 0.500000 0.000000
vt 0.406250 0.000000
vt 0.000000 0.156250
vt 0.000000 0.187500
vt 0.000000 0.125000
vt 0.000000 0.218750
vt 0.000000 0.250000
vt 0.062500 0.000000
vt 0.093750 0.000000
vt 0.125000 0.000000
vt 0.000000 0.031250
vt 0.000000 0.062500
vt 0.000000 0.000000
vt 0.031250 0.000000
vt 0.000000 0.093750
vt 0.187500 0.000000
vt 0.218750 0.000000
vt 0.156250 0.000000
vt 0.000000 0.406250
vt 0.000000 0.437500
vt 0.000000 0.375000
vt 0.000000 0.468750
vt 0.000000 0.281250
vt 0.000000 0.312500
vt 0.000000 0.343750
vt 0.812500 0.000000
vt 0.843750 0.000000
vt 0.875000 0.000000
vt 0.750000 0.000000
vt 0.781250 0.000000
vt 0.937500 0.000000
vt 0.968750 0.000000
vt 1.000000 0.000000
vt 0.906250 0.000000
vt 0.562500 0.000000
vt 0.593750 0.000000
vt 0.625000 0.000000
vt 0.531250 0.000000
vt 0.687500 0.000000
vt 0.718750 0.000000
vt 0.656250 0.000000
vn 0.0591 -0.9959 0.0686
vn -0.0578 -0.9916 0.1160
vn -0.0612 -0.9720 0.2267
vn -0.1241 -0.9922 -0.0065
vn -0.0007 -0.9912 0.1321
vn -0.0362 -0.9992 -0.0140
vn 0.0333 -0.9990 -0.0315
vn 0.0391 -0.9966 0.0721
vn 0.0388 -0.9967 -0.0708
vn 0.0420 -0.9853 -0.1655
vn -0.0016 -1.0000 0.0045
vn -0.0569 -0.9562 -0.2871
vn -0.0584 -0.9917 0.1142
vn 0.0953 -0.9945 -0.0423
vn 0.1518 -0.9879 0.0327
vn -0.0644 -0.9966 -0.0519
vn -0.1537 -0.9881 -0.0049
vn 0.0176 -0.9957 -0.0913
vn 0.0532 -0.9985 0.0119
vn 0.0620 -0.9976 0.0297
vn -0.0996 -0.9923 -0.0741
vn -0.0146 -0.9912 0.1318
vn -0.1752 -0.9804 -0.0897
vn -0.2057 -0.9766 0.0631
vn -0.1996 -0.9789 0.0443
vn 0.0053 -0.9930 0.1184
vn 0.0796 -0.9959 -0.0435
vn 0.1985 -0.9719 -0.1268
vn 0.0676 -0.9811 0.1814
vn 0.1430 -0.9762 -0.1631
vn 0.2998 -0.9539 0.0154
vn 0.0438 -0.9900 0.1344
vn -0.3482 -0.9327 -0.0940
vn 0.2054 -0.9598 0.1910
vn 0.0784 -0.9902 0.1152
vn -0.0824 -0.9964 0.0191
vn 0.0865 -0.9959 0.0277
vn -0.0952 -0.9951 0.0274
vn 0.0402 -0.9982 0.0448
vn -0.0231 -0.9975 0.0669
vn 0.1617 -0.9732 -0.1634
vn 0.0952 -0.9914 0.0901
vn -0.0913 -0.9851 0.1456
vn -0.0828 -0.9966 -0.0022
vn 0.0171 -0.9940 -0.1076
vn 0.0352 -0.9988 0.0350
vn -0.0471 -0.9987 -0.0182
vn -0.0432 -0.9952 -0.0876
vn 0.0012 -0.9999 0.0136
vn 0.1208 -0.9925 -0.0169
vn 0.0418 -0.9974 -0.0583
vn -0.0573 -0.9845 -0.1655
vn -0.0579 -0.9840 0.1684
vn -0.0795 -0.9959 0.0429
vn -0.0344 -0.9991 0.0258
vn -0.2095 -0.9632 0.1685
vn -0.2360 -0.9690 0.0724
vn -0.0645 -0.9978 0.0161
vn 0.0083 -0.9986 0.0524
vn 0.1043 -0.9890 -0.1045
vn 0.0974 -0.9740 -0.2045
vn 0.0635 -0.9976 -0.0277
vn -0.0600 -0.9980 -0.0218
vn -0.0051 -1.0000 -0.0033
vn 0.0154 -0.9996 0.0229
vn 0.0643 -0.9978 -0.0132
vn 0.1097 -0.9939 -0.0092
vn -0.0890 -0.9916 0.0938
vn -0.0253 -0.9987 -0.0437
vn -0.0683 -0.9956 -0.0641
vn -0.0041 -0.9989 -0.0465
vn 0.0632 -0.9908 0.1196
vn 0.1578 -0.9841 -0.0819
vn -0.0085 -0.9999 0.0069
vn -0.0406 -0.9930 0.1110
vn 0.0649 -0.9965 -0.0527
vn 0.0471 -0.9988 0.0110
vn -0.2278 -0.9698 0.0870
vn 0.0194 -0.9086 -0.4173
vn -0.0130 -0.9993 -0.0340
vn 0.2365 -0.9695 -0.0641
vn -0.0972 -0.9944 -0.0415
vn 0.0897 -0.9951 0.0425
vn -0.0268 -0.9988 -0.0400
vn -0.0324 -0.9976 -0.0611
vn 0.0665 -0.9633 0.2599
vn 0.0250 -0.9974 -0.0677
vn 0.0852 -0.9962 0.0155
vn -0.0268 -0.9941 0.1047
vn -0.2096 -0.9726 0.1004
vn 0.0007 -0.9910 -0.1335
vn -0.0228 -0.9997 0.0120
vn 0.0014 -0.9998 0.0219
vn 0.0983 -0.9947 0.0314
vn -0.0883 -0.9950 -0.0476
vn -0.0309 -0.9994 0.0140
vn -0.0092 -0.9982 0.0597
vn 0.0201 -0.9995 0.0235
vn 0.0171 -0.9998 -0.0115
vn 0.0774 -0.9899 0.1187
vn 0.0253 -0.9938 -0.1081
vn 0.1306 -0.9904 -0.0448
vn 0.1333 -0.9898 -0.0507
vn 0.1961 -0.9780 0.0715
vn 0.1895 -0.9817 -0.0171
vn -0.1509 -0.9839 -0.0953
vn 0.1737 -0.9847 0.0121
vn 0.0686 -0.9925 0.1010
vn -0.1411 -0.9896 -0.0265
vn 0.0089 -1.0000 -0.0028
vn -0.0368 -0.9947 -0.0962
vn 0.0803 -0.9944 -0.0685
vn 0.0481 -0.9987 0.0136
vn 0.0638 -0.9979 -0.0111
vn -0.0671 -0.9964 0.0523
vn 0.0893 -0.9933 -0.0734
vn -0.1597 -0.9863 0.0419
vn 0.0278 -0.9996 0.0007
vn 0.0530 -0.9975 -0.0465
vn 0.0565 -0.9982 -0.0214
vn 0.0024 -0.9983 0.0577
vn -0.0710 -0.9960 -0.0548
vn -0.0647 -0.9974 -0.0304
vn 0.0046 -1.0000 -0.0079
vn -0.0587 -0.9960 -0.0681
vn -0.0093 -0.9990 -0.0427
vn -0.0471 -0.9989 -0.0051
vn 0.0328 -0.9990 -0.0319
vn -0.1008 -0.9686 0.2275
vn -0.0043 -0.9978 -0.0659
vn -0.0572 -0.9981 0.0225
vn -0.0175 -0.9998 -0.0107
vn 0.0666 -0.9849 -0.1601
vn -0.0189 -0.9870 -0.1594
vn -0.1235 -0.9894 0.0765
vn -0.2683 -0.9542 0.1325
vn 0.0129 -0.9999 -0.0002
vn 0.1033 -0.9904 -0.0920
vn 0.0204 -0.9966 -0.0796
vn -0.0227 -0.9929 0.1172
vn -0.0487 -0.9938 0.1000
vn 0.0996 -0.9935 0.0548
vn 0.0259 -0.9938 0.1082
vn -0.0368 -0.9943 -0.1000
vn -0.2334 -0.9720 0.0260
vn 0.0816 -0.9762 -0.2010
vn -0.0638 -0.9972 0.0402
vn 0.0351 -0.9990 -0.0269
vn 0.0226 -0.9937 -0.1098
vn -0.1356 -0.9887 0.0636
vn 0.0979 -0.9942 -0.0455
vn -0.1048 -0.9705 -0.2170
vn -0.1765 -0.9813 0.0775
vn 0.0230 -0.9980 -0.0596
vn -0.2125 -0.9678 -0.1349
vn -0.3444 -0.9369 0.0604
vn 0.0449 -0.9793 0.1974
vn 0.2324 -0.9702 0.0689
vn -0.2211 -0.9734 0.0598
vn 0.0896 -0.9759 -0.1990
vn 0.2460 -0.9655 0.0853
vn 0.0341 -0.9896 -0.1396
vn 0.0316 -0.9959 0.0844
vn 0.1279 -0.9577 0.2577
vn 0.0158 -0.9999 -0.0018
vn 0.1642 -0.9863 -0.0180
vn -0.1130 -0.9794 0.1673
vn -0.0210 -0.9781 0.2069
vn 0.1543 -0.9862 0.0604
vn 0.1328 -0.9322 0.3367
vn 0.0287 -0.9976 0.0626
vn -0.0007 -0.9687 -0.2484
vn 0.1273 -0.9802 -0.1516
vn -0.0467 -0.9938 0.1013
vn 0.2865 -0.9580 0.0149
vn -0.0851 -0.9943 -0.0641
vn 0.0933 -0.9800 0.1757
vn -0.0341 -0.9859 0.1635
vn -0.0440 -0.9990 -0.0104
vn -0.1059 -0.9858 -0.1305
vn 0.0296 -0.9986 0.0428
vn 0.0454 -0.9821 -0.1826
vn -0.0477 -0.9829 -0.1780
vn -0.0418 -0.9784 -0.2024
vn 0.0308 -0.9714 -0.2354
vn -0.0420 -0.9808 0.1906
vn -0.1199 -0.9720 0.2020
vn -0.1001 -0.9915 0.0831
vn 0.0170 -0.9896 0.1428
vn 0.1049 -0.9939 0.0325
vn -0.2083 -0.9768 -0.0490
vn 0.0336 -0.9967 0.0745
vn -0.0533 -0.9986 -0.0036
vn -0.0961 -0.9936 0.0598
vn -0.0459 -0.9786 0.2007
vn -0.0191 -0.9980 -0.0597
vn 0.0081 -0.9760 0.2178
vn -0.0804 -0.9939 0.0754
vn 0.1616 -0.9819 0.0986
vn -0.0064 -1.0000 -0.0042
vn -0.0698 -0.9970 -0.0321
vn -0.1004 -0.9915 -0.0827
vn -0.0537 -0.9978 0.0399
vn -0.0812 -0.9937 -0.0771
vn -0.0396 -0.9970 -0.0670
vn 0.1760 -0.9844 -0.0061
vn 0.1001 -0.9797 0.1739
vn 0.0606 -0.9952 0.0769
vn -0.0357 -0.9994 -0.0033
vn 0.0843 -0.9947 0.0586
vn -0.0307 -0.9960 -0.0839
vn -0.0115 -0.9998 0.0161
vn 0.0382 -0.9878 -0.1508
vn 0.0475 -0.9986 0.0227
vn 0.0544 -0.9933 0.1017
vn 0.1280 -0.9918 0.0051
vn 0.1193 -0.9892 -0.0853
vn -0.0937 -0.9520 0.2914
vn -0.1576 -0.9572 -0.2427
vn -0.1936 -0.9569 -0.2164
vn 0.1749 -0.9627 0.2065
vn -0.0645 -0.9948 0.0790
vn 0.1781 -0.9835 -0.0326
vn -0.1857 -0.9820 0.0343
vn 0.2500 -0.9653 -0.0752
vn 0.1831 -0.9570 0.2248
vn -0.0705 -0.9908 -0.1155
vn 0.0791 -0.9789 -0.1882
vn 0.0280 -0.9987 0.0416
vn -0.1105 -0.9815 -0.1566
vn 0.0205 -0.9994 -0.0263
vn 0.0885 -0.9857 0.1432
vn 0.0040 -0.9940 0.1089
vn 0.0263 -0.9948 -0.0988
vn -0.2607 -0.9625 0.0754
vn -0.1012 -0.9946 -0.0250
vn -0.0141 -0.9998 0.0143
vn 0.0209 -0.9995 -0.0257
vn 0.1093 -0.9938 0.0186
vn 0.0602 -0.9944 -0.0866
vn -0.0188 -0.9816 0.1899
vn -0.2461 -0.9692 -0.0129
vn 0.0564 -0.9974 -0.0457
vn -0.0408 -0.9991 0.0094
vn 0.0145 -0.9995 0.0279
vn 0.0236 -0.9992 0.0327
vn -0.0366 -0.9993 0.0109
vn -0.1548 -0.9879 0.0124
vn -0.0300 -0.9994 0.0172
vn 0.0690 -0.9951 -0.0708
vn -0.1520 -0.9748 0.1636
vn -0.1115 -0.9936 -0.0193
vn 0.1959 -0.9715 -0.1332
vn 0.0519 -0.9962 -0.0698
vn 0.0537 -0.9940 0.0955
vn 0.0077 -0.9990 0.0444
vn -0.0678 -0.9884 0.1358
vn -0.0233 -0.9939 -0.1080
vn -0.0563 -0.9978 -0.0347
vn -0.0880 -0.9936 -0.0705
vn 0.0306 -0.9958 0.0862
vn -0.0217 -0.9991 -0.0367
vn -0.0098 -0.9951 -0.0983
vn -0.1126 -0.9874 0.1111
vn 0.0488 -0.9985 -0.0237
vn 0.0124 -0.9937 -0.1111
vn 0.0797 -0.9906 0.1111
vn 0.1508 -0.9764 0.1545
vn 0.1454 -0.9894 0.0005
vn 0.1170 -0.9796 0.1631
vn -0.2106 -0.9761 0.0539
vn -0.2228 -0.9711 0.0853
vn 0.0364 -0.9709 -0.2367
vn -0.1604 -0.9850 -0.0628
vn -0.1212 -0.9924 -0.0211
vn 0.0596 -0.9799 0.1906
vn -0.2515 -0.9633 0.0935
vn -0.0796 -0.9965 0.0238
vn 0.0945 -0.9765 -0.1935
vn -0.0361 -0.9991 -0.0208
vn 0.1721 -0.9834 0.0580
vn -0.1212 -0.9918 0.0406
vn 0.0564 -0.9984 0.0034
vn 0.0283 -0.9985 -0.0470
vn 0.0399 -0.9979 0.0508
vn -0.0571 -0.9982 -0.0159
vn -0.0227 -0.9844 0.1743
vn -0.0308 -0.9971 -0.0703
vn -0.0297 -0.9995 0.0128
vn 0.0287 -0.9988 0.0394
vn -0.0300 -0.9924 -0.1197
vn 0.1175 -0.9911 -0.0634
vn 0.0247 -0.9960 -0.0864
vn -0.0016 -0.9980 0.0631
vn 0.0547 -0.9978 0.0363
vn 0.0427 -0.9989 0.0169
vn -0.0293 -0.9987 0.0420
vn 0.0644 -0.9971 0.0406
vn 0.1088 -0.9940 0.0128
vn 0.1613 -0.9770 -0.1393
vn -0.1670 -0.9857 0.0235
vn -0.0750 -0.9948 0.0687
vn -0.0525 -0.9964 -0.0663
vn -0.0186 -0.9860 -0.1657
vn 0.0139 -0.9884 -0.1513
vn 0.0400 -0.9986 0.0342
vn 0.0963 -0.9949 0.0305
vn 0.0851 -0.9945 0.0613
vn 0.0247 -0.9967 0.0774
vn 0.0558 -0.9984 0.0057
vn -0.0135 -0.9947 -0.1023
vn -0.0708 -0.9956 0.0621
vn 0.0473 -0.9978 -0.0458
vn -0.0261 -0.9991 0.0329
vn -0.0136 -0.9999 0.0012
vn -0.0289 -0.9994 0.0176
vn 0.1260 -0.9920 0.0075
vn 0.0140 -0.9998 -0.0165
vn -0.0285 -0.9993 -0.0236
vn 0.2136 -0.9644 -0.1557
vn 0.1228 -0.9867 0.1063
vn -0.1698 -0.9770 -0.1291
vn 0.1404 -0.9878 0.0676
vn 0.0539 -0.9701 0.2365
vn -0.0628 -0.9718 0.2272
vn 0.1331 -0.9910 -0.0132
vn 0.2542 -0.9499 -0.1816
vn 0.0308 -0.9880 -0.1517
vn -0.1010 -0.9932 0.0583
vn 0.0140 -0.9986 -0.0504
vn -0.0192 -0.9914 -0.1294
vn 0.1601 -0.9870 -0.0135
vn 0.0825 -0.9965 0.0128
vn 0.0069 -0.9977 -0.0674
vn 0.1012 -0.9938 -0.0456
vn 0.0543 -0.9985 -0.0023
vn -0.0186 -0.9876 0.1557
vn -0.0095 -0.9878 -0.1556
vn -0.0489 -0.9930 0.1077
vn 0.1245 -0.9917 -0.0327
vn -0.0317 -0.9936 -0.1081
vn -0.0456 -0.9925 0.1137
vn 0.0786 -0.9805 0.1799
vn -0.0350 -0.9993 0.0162
vn -0.0199 -0.9969 -0.0767
vn -0.0332 -0.9936 0.1081
vn -0.1606 -0.9636 0.2139
vn 0.0021 -0.9664 -0.2570
vn 0.0628 -0.9712 -0.2299
vn 0.0582 -0.9981 0.0218
vn 0.2089 -0.9751 0.0746
vn 0.0253 -0.9949 0.0981
vn 0.0051 -0.9928 0.1195
vn -0.0570 -0.9794 -0.1936
vn 0.1295 -0.9812 0.1429
vn 0.1356 -0.9830 0.1236
vn 0.0230 -0.9995 -0.0207
vn 0.1415 -0.9898 -0.0148
vn -0.1986 -0.9757 0.0925
vn -0.1931 -0.9812 -0.0052
vn -0.0029 -0.9969 0.0784
vn 0.0772 -0.9732 0.2164
vn -0.1007 -0.9851 -0.1395
vn 0.0948 -0.9260 -0.3655
vn 0.1576 -0.9453 -0.2858
vn -0.0371 -0.9634 0.2656
vn 0.0901 -0.9563 0.2781
vn -0.0531 -0.9730 -0.2244
vn -0.2743 -0.9558 0.1059
vn 0.0989 -0.9815 0.1637
vn -0.0530 -0.9874 0.1488
vn 0.0327 -0.9994 -0.0093
vn -0.1274 -0.9860 -0.1076
vn -0.0515 -0.9925 -0.1110
vn -0.0537 -0.9876 0.1473
vn 0.0263 -0.9993 0.0268
vn -0.2134 -0.9762 0.0388
vn -0.0264 -0.9988 -0.0423
vn 0.0537 -0.9926 0.1087
vn 0.0767 -0.9939 0.0793
vn -0.0313 -0.9984 0.0478
vn 0.0807 -0.9951 -0.0565
vn -0.0333 -0.9991 -0.0277
vn 0.0630 -0.9979 -0.0124
vn -0.0907 -0.9904 -0.1046
vn -0.1483 -0.9806 -0.1280
vn -0.0123 -0.9959 0.0901
vn -0.0782 -0.9881 0.1322
vn -0.1855 -0.9823 -0.0278
vn -0.1255 -0.9719 0.1993
vn 0.0059 -0.9729 0.2313
vn 0.0011 -0.9990 -0.0446
vn -0.0423 -0.9940 -0.1007
vn 0.0841 -0.9964 0.0099
vn -0.1263 -0.9910 0.0442
vn -0.1382 -0.9901 -0.0246
vn 0.0296 -0.9940 -0.1055
vn 0.0644 -0.9972 0.0380
vn -0.0373 -0.9992 -0.0168
vn 0.0026 -0.9992 -0.0389
vn -0.0943 -0.9852 0.1429
vn -0.0407 -0.9907 -0.1297
vn 0.0425 -0.9987 -0.0269
vn -0.1348 -0.9885 0.0684
vn 0.0845 -0.9940 -0.0694
vn -0.0284 -0.9958 -0.0870
vn -0.1367 -0.9894 0.0479
vn -0.2190 -0.9757 -0.0062
vn 0.1443 -0.9871 -0.0697
vn 0.1438 -0.9893 0.0258
vn -0.0274 -0.9996 0.0121
vn -0.0842 -0.9902 -0.1116
vn -0.0014 -0.9998 0.0201
vn -0.0538 -0.9985 0.0128
vn 0.0329 -0.9848 0.1706
vn 0.0217 -0.9937 0.1103
vn 0.0273 -0.9920 -0.1231
vn -0.0714 -0.9953 -0.0650
vn 0.0809 -0.9905 -0.1111
vn 0.0896 -0.9954 0.0338
vn -0.1063 -0.9943 0.0078
vn -0.0000 -0.9989 -0.0459
vn 0.1253 -0.9907 -0.0522
vn -0.1262 -0.9920 0.0028
vn -0.1040 -0.9911 -0.0833
vn -0.0790 -0.9845 0.1564
vn 0.0223 -0.9911 0.1316
vn 0.0581 -0.9899 0.1293
vn 0.1736 -0.9804 0.0937
vn -0.0966 -0.9952 -0.0175
vn 0.1363 -0.9869 0.0859
vn 0.0411 -0.9837 0.1749
vn -0.1103 -0.9920 0.0619
vn 0.1110 -0.9874 0.1130
vn 0.1288 -0.9827 -0.1330
vn 0.0175 -0.9773 -0.2110
vn 0.0018 -0.9935 0.1141
vn -0.1890 -0.9818 -0.0160
vn 0.0421 -0.9988 0.0254
vn -0.1088 -0.9895 0.0954
vn -0.0288 -0.9794 -0.1997
vn 0.1120 -0.9911 -0.0714
vn -0.0393 -0.9992 0.0115
vn -0.0416 -0.9866 -0.1576
vn -0.1292 -0.9623 -0.2394
vn -0.0350 -0.9944 -0.1000
vn -0.1022 -0.9906 -0.0904
vn 0.1179 -0.9896 -0.0828
vn 0.0601 -0.9981 0.0132
vn 0.1144 -0.9911 0.0684
vn -0.0963 -0.9931 -0.0674
vn 0.1428 -0.9893 -0.0291
vn 0.0438 -0.9935 -0.1055
vn -0.0724 -0.9964 -0.0450
vn 0.0347 -0.9976 0.0602
vn -0.0491 -0.9983 0.0302
vn 0.0048 -0.9921 -0.1257
vn -0.1373 -0.9898 0.0381
vn -0.0398 -0.9986 0.0343
vn 0.0186 -0.9994 0.0288
vn 0.2038 -0.9786 0.0281
vn -0.1083 -0.9938 -0.0247
vn 0.0744 -0.9740 -0.2140
vn -0.0368 -0.9669 0.2526
vn 0.0111 -0.9637 -0.2669
vn -0.0421 -0.9948 -0.0925
vn 0.2256 -0.9711 0.0776
vn 0.1737 -0.9757 -0.1333
vn -0.0192 -0.9621 -0.2719
vn -0.0976 -0.9758 -0.1958
vn -0.0135 -0.9953 0.0958
vn -0.0039 -0.9826 0.1855
vn 0.0401 -0.9823 -0.1830
vn -0.0373 -0.9993 0.0021
vn 0.0790 -0.9947 0.0664
vn 0.0475 -0.9914 -0.1223
vn -0.1910 -0.9788 0.0744
vn 0.0435 -0.9989 -0.0171
vn 0.0772 -0.9886 -0.1292
vn 0.1022 -0.9821 0.1582
vn -0.0405 -0.9874 0.1532
vn 0.0192 -0.9981 -0.0592
vn 0.1107 -0.9938 -0.0078
vn 0.0732 -0.9970 0.0259
vn 0.0178 -0.9922 -0.1237
vn 0.0737 -0.9928 0.0941
vn -0.1960 -0.9785 0.0645
vn 0.0140 -0.9997 0.0221
vn 0.1010 -0.9863 0.1304
vn -0.1708 -0.9780 0.1199
vn -0.0084 -0.9758 0.2184
vn -0.0626 -0.9923 -0.1065
vn -0.1168 -0.9759 -0.1844
vn -0.1687 -0.9686 0.1826
vn -0.0914 -0.9641 -0.2492
vn 0.1727 -0.9811 -0.0875
vn -0.0683 -0.9956 -0.0648
vn -0.0580 -0.9852 -0.1614
vn -0.0523 -0.9913 -0.1209
vn -0.3318 -0.9400 0.0796
vn -0.2357 -0.9599 -0.1515
vn 0.1839 -0.9788 -0.0904
vn 0.1753 -0.9789 0.1048
vn 0.1919 -0.9632 -0.1879
vn -0.1003 -0.9704 -0.2195
vn -0.2764 -0.9536 -0.1191
vn 0.0473 -0.9934 0.1042
vn -0.0712 -0.9634 0.2586
vn 0.0497 -0.9802 -0.1915
vn -0.2281 -0.9718 -0.0600
vn 0.2977 -0.9543 0.0254
vn 0.1908 -0.9814 0.0216
vn 0.1107 -0.9771 0.1817
vn -0.0206 -0.9997 0.0148
vn -0.1103 -0.9640 0.2419
vn 0.1611 -0.9273 -0.3378
vn -0.0126 -0.9461 -0.3238
vn 0.0244 -0.9634 0.2670
vn -0.1010 -0.9699 -0.2215
vn 0.1393 -0.9784 -0.1527
vn -0.0679 -0.9745 0.2137
vn 0.0532 -0.9941 -0.0950
vn -0.0557 -0.9984 0.0010
vn 0.2259 -0.9739 -0.0236
vn 0.1948 -0.9671 -0.1636
vn -0.0817 -0.9357 -0.3431
vn -0.0937 -0.9955 -0.0158
vn -0.3541 -0.9345 -0.0379
vn 0.2480 -0.9447 -0.2145
vn -0.1032 -0.9687 -0.2257
vn -0.1880 -0.9814 0.0383
vn 0.2601 -0.9653 -0.0227
vn 0.0616 -0.9972 -0.0419
vn 0.1758 -0.9599 0.2186
vn -0.0890 -0.9792 -0.1826
vn -0.3053 -0.9496 -0.0707
vn 0.0765 -0.9837 0.1630
vn -0.2336 -0.9640 0.1270
vn 0.0587 -0.9941 0.0911
vn -0.0026 -0.9738 -0.2275
vn -0.0176 -0.9933 -0.1140
vn -0.2251 -0.9475 -0.2272
vn 0.0218 -0.9736 0.2274
vn 0.2925 -0.9332 0.2089
vn -0.0286 -0.9985 -0.0470
vn -0.1400 -0.9901 -0.0055
vn -0.0492 -0.9935 -0.1022
vn 0.0079 -0.9987 0.0502
vn -0.0756 -0.9730 -0.2180
vn -0.0664 -0.9851 -0.1587
vn -0.0641 -0.9979 -0.0058
vn -0.1854 -0.9572 0.2223
vn 0.2005 -0.9797 -0.0089
vn 0.1688 -0.9717 -0.1654
vn 0.1758 -0.9489 0.2619
vn 0.1833 -0.9815 0.0555
vn 0.1959 -0.9798 -0.0405
vn 0.3050 -0.9183 -0.2522
vn -0.2216 -0.9694 -0.1059
vn 0.3439 -0.9387 -0.0229
vn 0.0536 -0.9863 0.1558
vn -0.1725 -0.9850 0.0053
vn 0.0956 -0.9953 -0.0128
vn 0.0588 -0.9825 0.1768
vn -0.0322 -0.9905 0.1338
vn 0.0040 -0.9887 0.1498
vn 0.1159 -0.9847 -0.1302
vn -0.1427 -0.9859 0.0879
vn -0.0847 -0.9653 -0.2472
vn -0.0727 -0.9971 0.0215
vn -0.0601 -0.9969 0.0514
vn -0.0623 -0.9974 0.0367
vn -0.0905 -0.9869 0.1333
vn -0.0113 -0.9969 0.0782
vn 0.0632 -0.9941 -0.0877
vn 0.1588 -0.9873 -0.0084
vn -0.0367 -0.9987 0.0365
vn 0.0569 -0.9984 0.0041
vn -0.1032 -0.9902 0.0945
vn -0.0263 -0.9997 -0.0001
vn 0.0119 -0.9994 -0.0336
vn -0.0454 -0.9942 0.0970
vn 0.0503 -0.9976 0.0485
vn 0.0147 -0.9988 -0.0458
vn 0.0718 -0.9971 0.0260
vn -0.0220 -0.9990 0.0392
vn -0.1099 -0.9911 -0.0748
vn -0.1119 -0.9925 0.0495
vn -0.0338 -0.9976 0.0609
vn 0.1659 -0.9852 -0.0431
vn 0.1571 -0.9836 -0.0887
vn -0.1282 -0.9900 -0.0582
vn -0.0923 -0.9933 -0.0701
vn 0.0024 -1.0000 0.0046
vn -0.1134 -0.9922 0.0522
vn -0.0824 -0.9877 0.1328
vn -0.1048 -0.9941 -0.0268
vn 0.0139 -0.9993 -0.0355
vn -0.0286 -0.9991 0.0314
vn 0.0909 -0.9958 -0.0053
vn 0.0448 -0.9984 0.0354
vn 0.0391 -0.9938 0.1039
vn 0.1012 -0.9945 -0.0282
vn -0.1625 -0.9837 -0.0770
vn 0.1257 -0.9908 -0.0495
vn 0.0210 -0.9991 -0.0370
vn 0.1097 -0.9789 -0.1722
vn -0.1215 -0.9924 0.0204
vn -0.0093 -0.9996 -0.0248
vn -0.1297 -0.9909 0.0370
vn 0.0054 -0.9968 -0.0798
vn -0.0470 -0.9969 0.0624
vn 0.0803 -0.9968 -0.0008
vn -0.0320 -0.9991 0.0282
vn -0.0077 -0.9982 0.0594
vn 0.0447 -0.9887 0.1430
vn 0.1129 -0.9847 0.1325
vn 0.0953 -0.9629 -0.2526
vn -0.0101 -0.9999 -0.0113
vn 0.1757 -0.9736 0.1461
vn 0.1171 -0.9927 -0.0300
vn -0.2039 -0.9737 -0.1019
vn -0.0423 -0.9991 -0.0056
vn -0.0853 -0.9882 -0.1274
vn 0.0418 -0.9982 0.0439
vn 0.0701 -0.9705 -0.2307
vn 0.0674 -0.9940 0.0864
vn -0.0004 -0.9982 -0.0606
vn -0.0601 -0.9975 0.0372
vn 0.0058 -0.9934 -0.1148
vn -0.0841 -0.9941 -0.0682
vn -0.0342 -0.9981 -0.0516
vn -0.1380 -0.9904 -0.0110
vn 0.1150 -0.9932 -0.0172
vn 0.1774 -0.9798 0.0919
vn 0.0956 -0.9891 -0.1122
vn 0.0331 -0.9995 -0.0007
vn -0.0494 -0.9897 0.1342
vn 0.1914 -0.9662 -0.1728
vn -0.1707 -0.9804 -0.0981
vn 0.0148 -0.9951 -0.0982
vn -0.0361 -0.9981 -0.0492
vn -0.0324 -0.9734 -0.2269
vn 0.0108 -0.9997 -0.0237
vn 0.0534 -0.9976 -0.0436
vn -0.0241 -0.9997 0.0037
vn 0.0516 -0.9931 0.1051
vn 0.0434 -0.9952 -0.0880
vn -0.0688 -0.9976 -0.0078
vn -0.0072 -0.9995 -0.0314
vn -0.0105 -0.9998 -0.0159
vn 0.0540 -0.9900 0.1300
vn 0.0178 -0.9956 -0.0917
vn 0.0027 -0.9986 0.0531
vn 0.0061 -0.9990 -0.0447
vn 0.0025 -1.0000 -0.0021
vn -0.0096 -0.9986 -0.0521
vn -0.0435 -0.9989 -0.0146
vn 0.0803 -0.9967 -0.0090
vn -0.0043 -0.9986 0.0521
vn -0.0310 -0.9981 0.0534
vn -0.0265 -0.9996 -0.0067
vn 0.0037 -1.0000 -0.0003
vn 0.0060 -0.9995 -0.0310
vn -0.0707 -0.9964 0.0476
vn -0.0041 -0.9995 -0.0319
vn -0.0034 -0.9990 0.0442
vn -0.0373 -0.9954 -0.0880
vn -0.0163 -0.9998 0.0096
vn 0.0722 -0.9974 0.0083
vn -0.0197 -0.9877 0.1554
vn 0.0462 -0.9960 -0.0771
vn -0.1169 -0.9931 0.0001
vn 0.0714 -0.9955 0.0629
vn -0.0733 -0.9921 -0.1019
vn -0.0619 -0.9900 -0.1270
vn -0.0041 -0.9814 -0.1917
vn 0.0932 -0.9780 0.1868
vn -0.0263 -0.9983 0.0527
vn 0.0748 -0.9971 0.0166
vn 0.1024 -0.9945 -0.0212
vn -0.0897 -0.9946 -0.0517
vn -0.0859 -0.9947 0.0570
vn -0.0333 -0.9989 0.0326
vn -0.0237 -0.9975 0.0661
vn -0.1624 -0.9862 -0.0314
vn -0.1243 -0.9886 -0.0849
vn 0.1125 -0.9933 -0.0272
vn -0.0112 -0.9969 -0.0773
vn 0.0396 -0.9964 0.0743
vn 0.0355 -0.9968 0.0716
vn -0.0075 -0.9991 -0.0419
vn -0.0077 -0.9998 0.0192
vn -0.0523 -0.9969 0.0582
vn 0.1041 -0.9944 0.0167
vn 0.1256 -0.9918 0.0219
vn -0.0743 -0.9970 -0.0197
vn 0.0645 -0.9974 0.0337
vn -0.1743 -0.9832 -0.0544
vn 0.0546 -0.9977 -0.0392
vn -0.0600 -0.9814 -0.1823
vn 0.0401 -0.9990 -0.0176
vn 0.2243 -0.9736 -0.0415
vn -0.0358 -0.9956 0.0869
vn -0.1214 -0.9916 0.0441
vn 0.0153 -0.9918 -0.1270
vn -0.0396 -0.9991 -0.0157
vn -0.0505 -0.9964 -0.0680
vn -0.1704 -0.9852 -0.0174
vn -0.0679 -0.9943 0.0822
vn -0.1113 -0.9919 0.0606
vn 0.1060 -0.9939 0.0306
vn -0.0826 -0.9767 0.1979
vn -0.0576 -0.9855 -0.1598
vn 0.1618 -0.9859 -0.0425
vn -0.1437 -0.9892 -0.0279
vn -0.1217 -0.9867 0.1074
vn 0.0042 -0.9997 0.0233
vn 0.0074 -0.9905 -0.1376
vn 0.0580 -0.9968 0.0554
vn 0.1745 -0.9830 0.0573
vn 0.0114 -0.9937 -0.1111
vn 0.0009 -0.9960 0.0892
vn 0.0417 -0.9949 0.0920
vn -0.1073 -0.9938 0.0297
vn -0.1135 -0.9933 0.0210
vn 0.1122 -0.9929 -0.0400
vn -0.0624 -0.9952 0.0748
vn -0.1306 -0.9914 -0.0028
vn 0.0440 -0.9982 0.0417
vn 0.0858 -0.9947 0.0567
vn 0.0763 -0.9914 -0.1062
vn -0.0199 -0.9923 -0.1221
vn -0.0268 -0.9977 -0.0629
vn 0.0651 -0.9979 0.0078
vn -0.0131 -0.9996 -0.0269
vn -0.0745 -0.9941 0.0793
vn 0.0776 -0.9934 -0.0845
vn -0.1758 -0.9843 -0.0136
vn 0.0539 -0.9970 -0.0561
vn 0.0090 -1.0000 -0.0027
vn -0.0422 -0.9991 -0.0096
vn -0.1214 -0.9921 -0.0315
vn -0.0466 -0.9983 0.0345
vn 0.0863 -0.9957 0.0346
vn 0.0716 -0.9917 0.1072
vn 0.0854 -0.9942 -0.0651
vn -0.0631 -0.9976 -0.0301
vn 0.0729 -0.9972 -0.0155
vn 0.1103 -0.9925 -0.0534
vn 0.0078 -0.9999 -0.0128
vn 0.1877 -0.9775 0.0960
vn 0.0492 -0.9982 -0.0344
vn -0.1337 -0.9879 -0.0792
vn 0.2286 -0.9726 0.0432
vn 0.0524 -0.9824 -0.1795
vn 0.0471 -0.9864 -0.1578
vn 0.1966 -0.9652 0.1727
vn 0.3032 -0.9508 -0.0637
vn -0.2735 -0.9528 -0.1316
vn -0.1410 -0.9896 0.0296
vn -0.1085 -0.9918 -0.0678
vn 0.1312 -0.9910 0.0257
vn -0.1107 -0.9804 -0.1628
vn -0.0722 -0.9823 0.1730
vn -0.0353 -0.9978 0.0568
vn 0.0473 -0.9630 0.2652
vn 0.0214 -0.9997 -0.0083
vn -0.0573 -0.9862 -0.1554
vn 0.0426 -0.9911 -0.1265
vn -0.1490 -0.9827 0.1097
vn 0.1642 -0.9852 0.0490
vn -0.0122 -0.9978 -0.0646
vn -0.0633 -0.9929 0.1007
vn 0.0693 -0.9903 0.1207
vn 0.1005 -0.9910 0.0883
vn 0.1194 -0.9928 0.0038
vn -0.0789 -0.9919 -0.0998
vn -0.2511 -0.9612 -0.1142
vn 0.0822 -0.9965 0.0167
vn -0.1166 -0.9613 0.2497
vn -0.3158 -0.9486 -0.0198
vn -0.2969 -0.9513 -0.0827
vn 0.0632 -0.9786 -0.1960
vn -0.1510 -0.9635 -0.2210
vn -0.1898 -0.9623 0.1947
vn 0.1826 -0.9697 0.1626
vn 0.0558 -0.9891 -0.1362
vn -0.2086 -0.9543 0.2139
vn 0.0321 -0.9618 0.2718
vn 0.0906 -0.9613 0.2601
vn -0.2510 -0.9430 -0.2186
vn 0.1058 -0.9920 -0.0693
vn -0.4128 -0.9094 0.0517
vn -0.1003 -0.9941 -0.0413
vn -0.1027 -0.9745 0.1996
vn -0.1907 -0.9814 0.0237
vn -0.1189 -0.9881 -0.0976
vn 0.0640 -0.9966 0.0512
vn -0.0021 -0.9860 -0.1665
vn 0.0810 -0.9929 0.0872
vn -0.1139 -0.9770 -0.1805
vn -0.1420 -0.9887 -0.0480
vn -0.3151 -0.9427 0.1097
vn 0.1232 -0.9924 0.0028
vn -0.1170 -0.9869 0.1114
vn -0.0136 -0.9992 -0.0372
vn 0.0180 -0.9925 0.1207
vn -0.2025 -0.9786 0.0358
vn -0.0873 -0.9937 -0.0707
vn 0.0069 -0.9957 -0.0927
vn -0.0011 -0.9991 -0.0423
vn -0.0612 -0.9957 0.0692
vn -0.0568 -0.9976 -0.0393
vn 0.0455 -0.9969 -0.0645
vn -0.0063 -0.9948 0.1013
vn -0.1042 -0.9945 0.0132
vn 0.0529 -0.9951 -0.0830
vn -0.0124 -0.9999 -0.0001
vn 0.0934 -0.9955 0.0137
vn 0.0402 -0.9983 0.0410
vn 0.0452 -0.9989 0.0148
vn -0.0491 -0.9988 0.0069
vn -0.0186 -0.9997 -0.0164
vn -0.0063 -0.9986 0.0523
vn 0.0499 -0.9987 -0.0030
vn -0.0858 -0.9958 -0.0320
vn -0.0235 -0.9997 0.0075
vn 0.0571 -0.9974 0.0440
vn -0.0055 -0.9949 -0.1008
vn -0.0569 -0.9984 0.0050
vn 0.1028 -0.9913 -0.0816
vn -0.0793 -0.9940 0.0751
vn -0.0847 -0.9951 -0.0517
vn 0.0453 -0.9964 0.0720
vn 0.1217 -0.9895 0.0779
vn 0.0783 -0.9968 0.0187
vn -0.1084 -0.9938 0.0258
vn -0.0571 -0.9970 -0.0527
vn -0.0005 -0.9996 -0.0290
vn 0.1336 -0.9883 0.0733
vn -0.0528 -0.9983 0.0240
vn -0.2147 -0.9755 -0.0476
vn 0.1000 -0.9948 0.0184
vn 0.1462 -0.9774 -0.1529
vn 0.1399 -0.9681 0.2078
vn 0.1974 -0.9485 0.2480
vn 0.2565 -0.9618 0.0955
vn 0.0229 -0.9997 -0.0081
vn -0.1193 -0.9400 -0.3198
vn -0.0541 -0.9857 -0.1598
vn 0.0465 -0.9983 0.0360
vn -0.0451 -0.9988 -0.0212
vn 0.0347 -0.9881 0.1496
vn -0.0547 -0.9668 -0.2495
vn -0.1057 -0.9852 -0.1348
vn 0.0719 -0.9959 0.0557
vn 0.2632 -0.9547 -0.1388
vn -0.0755 -0.9939 0.0801
vn 0.0176 -0.9990 -0.0414
vn -0.0706 -0.9974 -0.0171
vn 0.0523 -0.9950 -0.0854
vn 0.0530 -0.9986 0.0072
vn 0.0614 -0.9981 -0.0096
vn -0.1347 -0.9866 -0.0925
vn -0.1020 -0.9903 0.0948
vn -0.0505 -0.9823 -0.1806
vn -0.0506 -0.9792 -0.1963
vn 0.0423 -0.9912 -0.1251
vn -0.0317 -0.9982 0.0518
vn 0.0092 -0.9962 0.0865
vn -0.2150 -0.9765 0.0129
vn -0.1267 -0.9893 0.0717
vn -0.0522 -0.9888 0.1399
vn -0.2240 -0.9744 -0.0170
vn 0.0438 -0.9989 0.0144
vn -0.1056 -0.9926 0.0593
vn -0.1090 -0.9928 -0.0504
vn -0.0337 -0.9992 0.0210
vn 0.0419 -0.9964 0.0733
vn -0.0327 -0.9994 -0.0056
vn -0.0594 -0.9978 0.0300
vn -0.0336 -0.9949 0.0948
vn -0.1010 -0.9940 -0.0422
vn -0.1109 -0.9884 -0.1042
vn 0.1309 -0.9906 0.0387
vn -0.0965 -0.9947 -0.0351
vn -0.0807 -0.9962 0.0321
vn 0.0410 -0.9990 -0.0164
vn 0.0132 -0.9980 -0.0617
vn 0.0059 -0.9957 0.0928
vn -0.0448 -0.9965 0.0702
vn 0.0667 -0.9973 0.0313
vn -0.0095 -0.9976 0.0684
vn -0.0428 -0.9969 0.0658
vn -0.0579 -0.9983 0.0092
vn 0.1474 -0.9806 -0.1295
vn 0.0120 -0.9990 0.0423
vn 0.0487 -0.9608 0.2730
vn 0.1508 -0.9886 -0.0039
vn -0.1418 -0.9886 0.0510
vn -0.2113 -0.9774 -0.0073
vn -0.1153 -0.9920 0.0505
vn -0.0740 -0.9948 0.0703
vn 0.0150 -0.9998 -0.0103
vn -0.1013 -0.9924 0.0694
vn 0.1346 -0.9903 0.0343
vn -0.0624 -0.9898 0.1280
vn -0.1503 -0.9787 -0.1397
vn 0.1227 -0.9903 -0.0645
vn 0.0234 -0.9995 0.0196
vn 0.0035 -0.9998 0.0217
vn -0.1061 -0.9942 -0.0172
vn -0.0229 -0.9947 -0.1007
vn 0.1264 -0.9919 -0.0105
vn -0.0107 -0.9962 -0.0866
vn 0.0887 -0.9960 -0.0047
vn 0.0482 -0.9804 -0.1912
vn 0.0249 -0.9885 -0.1491
vn 0.1072 -0.9932 0.0461
vn 0.1948 -0.9777 -0.0777
vn 0.0120 -0.9922 -0.1241
vn 0.0513 -0.9982 0.0295
vn 0.1923 -0.9810 0.0249
vn -0.0527 -0.9645 -0.2586
vn 0.0519 -0.9984 0.0220
vn -0.1520 -0.9684 -0.1975
vn 0.0445 -0.9909 0.1270
vn -0.0923 -0.9885 0.1197
vn -0.3655 -0.9296 -0.0465
vn 0.1452 -0.9582 -0.2464
vn -0.2869 -0.9432 0.1676
vn -0.0718 -0.9936 -0.0870
vn 0.0339 -0.9991 0.0255
vn -0.2568 -0.9596 0.1148
vn -0.1562 -0.9720 -0.1754
vn 0.1501 -0.9651 0.2145
vn -0.3371 -0.9245 0.1778
vn -0.0134 -0.9997 0.0220
vn -0.0803 -0.9716 0.2226
vn -0.0331 -0.9740 -0.2239
vn -0.1064 -0.9921 0.0663
vn 0.2418 -0.9686 -0.0585
vn 0.0412 -0.9977 0.0538
vn 0.1091 -0.9847 -0.1357
vn -0.0904 -0.9860 -0.1403
vn 0.1103 -0.9863 -0.1230
vn 0.0704 -0.9954 0.0649
vn 0.0820 -0.9867 -0.1401
vn 0.1376 -0.9897 -0.0397
vn 0.2010 -0.9795 -0.0115
vn -0.1825 -0.9831 -0.0124
vn 0.1265 -0.9905 -0.0533
vn 0.1032 -0.9929 -0.0586
vn -0.1377 -0.9821 -0.1284
vn 0.0169 -0.9989 0.0434
vn -0.0701 -0.9936 -0.0890
vn 0.0061 -0.9899 0.1413
vn 0.0634 -0.9973 -0.0375
vn 0.0901 -0.9899 0.1092
vn -0.0736 -0.9931 -0.0916
vn 0.0637 -0.9954 -0.0713
vn 0.0736 -0.9871 -0.1421
vn -0.0155 -0.9988 -0.0456
vn -0.0558 -0.9831 0.1746
vn -0.1007 -0.9742 -0.2021
vn 0.1570 -0.9876 -0.0094
vn 0.0571 -0.9969 0.0543
vn 0.0773 -0.9894 0.1225
vn -0.0680 -0.9955 0.0654
vn -0.0514 -0.9975 0.0475
vn 0.0029 -0.9993 -0.0364
vn 0.0099 -0.9889 0.1479
vn -0.0231 -0.9994 -0.0259
vn -0.0583 -0.9913 -0.1181
vn -0.0035 -0.9997 -0.0239
vn 0.0494 -0.9976 -0.0486
vn 0.0759 -0.9946 0.0712
vn -0.0801 -0.9931 0.0851
vn 0.0035 -0.9998 -0.0173
vn -0.0846 -0.9773 0.1942
vn 0.1692 -0.9827 0.0754
vn -0.1603 -0.9857 0.0510
vn -0.0628 -0.9910 0.1184
vn 0.0042 -0.9763 0.2163
vn -0.0431 -0.9534 0.2987
vn 0.0860 -0.9962 -0.0154
vn -0.2807 -0.9567 0.0763
vn -0.0711 -0.9973 -0.0168
vn -0.1409 -0.9427 -0.3024
vn 0.1771 -0.9766 0.1224
vn 0.1965 -0.9400 0.2789
vn -0.0940 -0.9907 -0.0981
vn 0.0581 -0.9970 -0.0507
vn -0.0793 -0.9817 -0.1734
vn -0.0529 -0.9725 0.2266
vn -0.0500 -0.9866 0.1553
vn 0.1550 -0.9876 -0.0240
vn 0.0255 -0.9996 -0.0152
vn -0.0002 -0.9905 -0.1378
vn -0.2470 -0.9689 -0.0143
vn -0.0626 -0.9806 0.1855
vn -0.1427 -0.9840 0.1071
vn 0.0284 -0.9982 -0.0531
vn 0.0225 -0.9972 0.0715
vn -0.0158 -0.9999 -0.0049
vn -0.1024 -0.9916 -0.0786
vn -0.1837 -0.9824 -0.0336
vn 0.0401 -0.9936 -0.1059
vn 0.1000 -0.9934 0.0565
vn 0.1844 -0.9751 0.1234
vn -0.1551 -0.9877 -0.0176
vn 0.0135 -0.9980 0.0619
vn -0.0216 -0.9993 -0.0291
vn -0.1010 -0.9945 0.0277
vn 0.0817 -0.9733 0.2144
vn -0.0455 -0.9917 -0.1200
vn 0.0607 -0.9886 -0.1378
vn 0.1213 -0.9903 0.0677
vn 0.0923 -0.9957 -0.0010
vn 0.0830 -0.9946 0.0620
vn -0.0504 -0.9985 0.0211
vn -0.0303 -0.9948 -0.0975
vn 0.0740 -0.9912 -0.1094
usemtl Water
s off
f 4921/4434/1342 4325/4435/1342 3836/4436/1342 4124/4437/1342
f 4920/4438/1343 4321/4439/1343 3840/4440/1343 4130/4441/1343
f 4919/4442/1344 4328/4443/1344 3841/4444/1344 4131/4445/1344
f 4918/4446/1345 4329/4447/1345 3839/4448/1345 4128/4449/1345
f 4917/4450/1346 4317/4451/1346 3853/4452/1346 4146/4453/1346
f 4916/4454/1347 4332/4455/1347 3854/4456/1347 4147/4457/1347
f 4915/4458/1348 4333/4459/1348 3848/4460/1348 4140/4461/1348
f 4914/4462/1349 4316/4463/1349 3852/4464/1349 4150/4465/1349
f 4913/4466/1350 4336/4467/1350 3855/4468/1350 4151/4469/1350
f 4912/4470/1351 4337/4471/1351 3851/4472/1351 4143/4473/1351
f 4911/4474/1352 4309/4475/1352 3845/4476/1352 4154/4477/1352
f 4910/4478/1353 4340/4479/1353 3856/4480/1353 4155/4481/1353
f 4909/4482/1354 4341/4483/1354 3850/4484/1354 4142/4485/1354
f 4908/4486/1355 4313/4487/1355 3849/4488/1355 4158/4489/1355
f 4907/4490/1356 4344/4491/1356 3857/4492/1356 4159/4493/1356
f 4906/4494/1357 4345/4495/1357 3844/4496/1357 4136/4497/1357
f 4905/4498/1358 4305/4499/1358 3897/4500/1358 4202/4501/1358
f 4904/4502/1359 4348/4503/1359 3898/4504/1359 4203/4505/1359
f 4903/4506/1360 4349/4507/1360 3872/4508/1360 4176/4509/1360
f 4902/4510/1361 4304/4511/1361 3896/4512/1361 4206/4513/1361
f 4901/4514/1362 4352/4515/1362 3899/4516/1362 4207/4517/1362
f 4900/4518/1363 4353/4519/1363 3895/4520/1363 4199/4521/1363
f 4899/4522/1364 4273/4523/1364 3865/4524/1364 4210/4525/1364
f 4898/4526/1365 4356/4527/1365 3900/4528/1365 4211/4529/1365
f 4897/4530/1366 4357/4531/1366 3894/4532/1366 4198/4533/1366
f 4896/4534/1367 4301/4535/1367 3893/4536/1367 4214/4537/1367
f 4895/4538/1368 4360/4539/1368 3901/4540/1368 4215/4541/1368
f 4894/4542/1369 4361/4543/1369 3878/4544/1369 4182/4545/1369
f 4893/4546/1370 4300/4547/1370 3892/4548/1370 4218/4549/1370
f 4892/4550/1371 4364/4551/1371 3902/4552/1371 4219/4553/1371
f 4891/4554/1372 4365/4555/1372 3891/4556/1372 4195/4557/1372
f 4890/4558/1373 4269/4559/1373 3861/4560/1373 4222/4561/1373
f 4889/4562/1374 4368/4563/1374 3903/4564/1374 4223/4565/1374
f 4888/4566/1375 4369/4567/1375 3890/4568/1375 4194/4569/1375
f 4887/4570/1376 4297/4571/1376 3889/4572/1376 4226/4573/1376
f 4886/4574/1377 4372/4575/1377 3904/4576/1377 4227/4577/1377
f 4885/4578/1378 4373/4579/1378 3879/4580/1378 4183/4581/1378
f 4884/4582/1379 4296/4583/1379 3888/4584/1379 4230/4585/1379
f 4883/4586/1380 4376/4587/1380 3905/4588/1380 4231/4589/1380
f 4882/4590/1381 4377/4591/1381 3887/4592/1381 4191/4593/1381
f 4881/4594/1382 4276/4595/1382 3868/4596/1382 4234/4597/1382
f 4880/4598/1383 4380/4599/1383 3906/4600/1383 4235/4601/1383
f 4879/4602/1384 4381/4603/1384 3886/4604/1384 4190/4605/1384
f 4878/4606/1385 4293/4607/1385 3885/4608/1385 4238/4609/1385
f 4877/4610/1386 4384/4611/1386 3907/4612/1386 4239/4613/1386
f 4876/4614/1387 4385/4615/1387 3876/4616/1387 4180/4617/1387
f 4875/4618/1388 4292/4619/1388 3884/4620/1388 4242/4621/1388
f 4874/4622/1389 4388/4623/1389 3908/4624/1389 4243/4625/1389
f 4873/4626/1390 4389/4627/1390 3883/4628/1390 4187/4629/1390
f 4872/4630/1391 4277/4631/1391 3869/4632/1391 4246/4633/1391
f 4871/4634/1392 4392/4635/1392 3909/4636/1392 4247/4637/1392
f 4870/4638/1393 4393/4639/1393 3882/4640/1393 4186/4641/1393
f 4869/4642/1394 4289/4643/1394 3881/4644/1394 4250/4645/1394
f 4868/4646/1395 4396/4647/1395 3910/4648/1395 4251/4649/1395
f 4867/4650/1396 4397/4651/1396 3864/4652/1396 4168/4653/1396
f 4866/4654/1397 4288/4655/1397 3880/4656/1397 4254/4657/1397
f 4865/4658/1398 4400/4659/1398 3911/4660/1398 4255/4661/1398
f 4864/4662/1399 4401/4663/1399 3867/4664/1399 4171/4665/1399
f 4863/4666/1400 4281/4667/1400 3873/4668/1400 4258/4669/1400
f 4862/4670/1401 4404/4671/1401 3912/4672/1401 4259/4673/1401
f 4861/4674/1402 4405/4675/1402 3866/4676/1402 4170/4677/1402
f 4860/4678/1403 4285/4679/1403 3877/4680/1403 4262/4681/1403
f 4859/4682/1404 4408/4683/1404 3913/4684/1404 4263/4685/1404
f 4858/4686/1405 4409/4687/1405 3860/4688/1405 4164/4689/1405
f 4857/4690/1406 4265/4691/1406 4057/4692/1406 4410/4693/1406
f 4856/4694/1407 4412/4695/1407 4058/4696/1407 4411/4697/1407
f 4855/4698/1408 4413/4699/1408 3956/4700/1408 4308/4701/1408
f 4854/4702/1409 4264/4703/1409 4056/4704/1409 4414/4705/1409
f 4853/4706/1410 4416/4707/1410 4059/4708/1410 4415/4709/1410
f 4852/4710/1411 4417/4711/1411 4055/4712/1411 4407/4713/1411
f 4851/4714/1412 4141/4715/1412 3933/4716/1412 4418/4717/1412
f 4850/4718/1413 4420/4719/1413 4060/4720/1413 4419/4721/1413
f 4849/4722/1414 4421/4723/1414 4054/4724/1414 4406/4725/1414
f 4848/4726/1415 4261/4727/1415 4053/4728/1415 4422/4729/1415
f 4847/4730/1416 4424/4731/1416 4061/4732/1416 4423/4733/1416
f 4846/4734/1417 4425/4735/1417 3962/4736/1417 4314/4737/1417
f 4845/4738/1418 4260/4739/1418 4052/4740/1418 4426/4741/1418
f 4844/4742/1419 4428/4743/1419 4062/4744/1419 4427/4745/1419
f 4843/4746/1420 4429/4747/1420 4051/4748/1420 4403/4749/1420
f 4842/4750/1421 4137/4751/1421 3929/4752/1421 4430/4753/1421
f 4841/4754/1422 4432/4755/1422 4063/4756/1422 4431/4757/1422
f 4840/4758/1423 4433/4759/1423 4050/4760/1423 4402/4761/1423
f 4839/4762/1424 4257/4763/1424 4049/4764/1424 4434/4765/1424
f 4838/4766/1425 4436/4767/1425 4064/4768/1425 4435/4769/1425
f 4837/4770/1426 4437/4771/1426 3963/4772/1426 4315/4773/1426
f 4836/4774/1427 4256/4775/1427 4048/4776/1427 4438/4777/1427
f 4835/4778/1428 4440/4779/1428 4065/4780/1428 4439/4781/1428
f 4834/4782/1429 4441/4783/1429 4047/4784/1429 4399/4785/1429
f 4833/4786/1430 4144/4787/1430 3936/4788/1430 4442/4789/1430
f 4832/4790/1431 4444/4791/1431 4066/4792/1431 4443/4793/1431
f 4831/4794/1432 4445/4795/1432 4046/4796/1432 4398/4797/1432
f 4830/4798/1433 4253/4799/1433 4045/4800/1433 4446/4801/1433
f 4829/4802/1434 4448/4803/1434 4067/4804/1434 4447/4805/1434
f 4828/4806/1435 4449/4807/1435 3960/4808/1435 4312/4809/1435
f 4827/4810/1436 4252/4811/1436 4044/4812/1436 4450/4813/1436
f 4826/4814/1437 4452/4815/1437 4068/4816/1437 4451/4817/1437
f 4825/4818/1438 4453/4819/1438 4043/4820/1438 4395/4821/1438
f 4824/4822/1439 4145/4823/1439 3937/4824/1439 4454/4825/1439
f 4823/4826/1440 4456/4827/1440 4069/4828/1440 4455/4829/1440
f 4822/4830/1441 4457/4831/1441 4042/4832/1441 4394/4833/1441
f 4821/4834/1442 4249/4835/1442 4041/4836/1442 4458/4837/1442
f 4820/4838/1443 4460/4839/1443 4070/4840/1443 4459/4841/1443
f 4819/4842/1444 4461/4843/1444 3978/4844/1444 4330/4845/1444
f 4818/4846/1445 4248/4847/1445 4040/4848/1445 4462/4849/1445
f 4817/4850/1446 4464/4851/1446 4071/4852/1446 4463/4853/1446
f 4816/4854/1447 4465/4855/1447 4039/4856/1447 4391/4857/1447
f 4815/4858/1448 4133/4859/1448 3925/4860/1448 4466/4861/1448
f 4814/4862/1449 4468/4863/1449 4072/4864/1449 4467/4865/1449
f 4813/4866/1450 4469/4867/1450 4038/4868/1450 4390/4869/1450
f 4812/4870/1451 4245/4871/1451 4037/4872/1451 4470/4873/1451
f 4811/4874/1452 4472/4875/1452 4073/4876/1452 4471/4877/1452
f 4810/4878/1453 4473/4879/1453 3979/4880/1453 4331/4881/1453
f 4809/4882/1454 4244/4883/1454 4036/4884/1454 4474/4885/1454
f 4808/4886/1455 4476/4887/1455 4074/4888/1455 4475/4889/1455
f 4807/4890/1456 4477/4891/1456 4035/4892/1456 4387/4893/1456
f 4806/4894/1457 4148/4895/1457 3940/4896/1457 4478/4897/1457
f 4805/4898/1458 4480/4899/1458 4075/4900/1458 4479/4901/1458
f 4804/4902/1459 4481/4903/1459 4034/4904/1459 4386/4905/1459
f 4803/4906/1460 4241/4907/1460 4033/4908/1460 4482/4909/1460
f 4802/4910/1461 4484/4911/1461 4076/4912/1461 4483/4913/1461
f 4801/4914/1462 4485/4915/1462 3972/4916/1462 4324/4917/1462
f 4800/4918/1463 4240/4919/1463 4032/4920/1463 4486/4921/1463
f 4799/4922/1464 4488/4923/1464 4077/4924/1464 4487/4925/1464
f 4798/4926/1465 4489/4927/1465 4031/4928/1465 4383/4929/1465
f 4797/4930/1466 4149/4931/1466 3941/4932/1466 4490/4933/1466
f 4796/4934/1467 4492/4935/1467 4078/4936/1467 4491/4937/1467
f 4795/4938/1468 4493/4939/1468 4030/4940/1468 4382/4941/1468
f 4794/4942/1469 4237/4943/1469 4029/4944/1469 4494/4945/1469
f 4793/4946/1470 4496/4947/1470 4079/4948/1470 4495/4949/1470
f 4792/4950/1471 4497/4951/1471 3982/4952/1471 4334/4953/1471
f 4791/4954/1472 4236/4955/1472 4028/4956/1472 4498/4957/1472
f 4790/4958/1473 4500/4959/1473 4080/4960/1473 4499/4961/1473
f 4789/4962/1474 4501/4963/1474 4027/4964/1474 4379/4965/1474
f 4788/4966/1475 4132/4967/1475 3924/4968/1475 4502/4969/1475
f 4787/4970/1476 4504/4971/1476 4081/4972/1476 4503/4973/1476
f 4786/4974/1477 4505/4975/1477 4026/4976/1477 4378/4977/1477
f 4785/4978/1478 4233/4979/1478 4025/4980/1478 4506/4981/1478
f 4784/4982/1479 4508/4983/1479 4082/4984/1479 4507/4985/1479
f 4783/4986/1480 4509/4987/1480 3983/4988/1480 4335/4989/1480
f 4782/4990/1481 4232/4991/1481 4024/4992/1481 4510/4993/1481
f 4781/4994/1482 4512/4995/1482 4083/4996/1482 4511/4997/1482
f 4780/4998/1483 4513/4999/1483 4023/5000/1483 4375/5001/1483
f 4779/5002/1484 4152/5003/1484 3944/5004/1484 4514/5005/1484
f 4778/5006/1485 4516/5007/1485 4084/5008/1485 4515/5009/1485
f 4777/5010/1486 4517/5011/1486 4022/5012/1486 4374/5013/1486
f 4776/5014/1487 4229/5015/1487 4021/5016/1487 4518/5017/1487
f 4775/5018/1488 4520/5019/1488 4085/5020/1488 4519/5021/1488
f 4774/5022/1489 4521/5023/1489 3975/5024/1489 4327/5025/1489
f 4773/5026/1490 4228/5027/1490 4020/5028/1490 4522/5029/1490
f 4772/5030/1491 4524/5031/1491 4086/5032/1491 4523/5033/1491
f 4771/5034/1492 4525/5035/1492 4019/5036/1492 4371/5037/1492
f 4770/5038/1493 4153/5039/1493 3945/5040/1493 4526/5041/1493
f 4769/5042/1494 4528/5043/1494 4087/5044/1494 4527/5045/1494
f 4768/5046/1495 4529/5047/1495 4018/5048/1495 4370/5049/1495
f 4767/5050/1496 4225/5051/1496 4017/5052/1496 4530/5053/1496
f 4766/5054/1497 4532/5055/1497 4088/5056/1497 4531/5057/1497
f 4765/5058/1498 4533/5059/1498 3986/5060/1498 4338/5061/1498
f 4764/5062/1499 4224/5063/1499 4016/5064/1499 4534/5065/1499
f 4763/5066/1500 4536/5067/1500 4089/5068/1500 4535/5069/1500
f 4762/5070/1501 4537/5071/1501 4015/5072/1501 4367/5073/1501
f 4761/5074/1502 4125/5075/1502 3917/5076/1502 4538/5077/1502
f 4760/5078/1503 4540/5079/1503 4090/5080/1503 4539/5081/1503
f 4759/5082/1504 4541/5083/1504 4014/5084/1504 4366/5085/1504
f 4758/5086/1505 4221/5087/1505 4013/5088/1505 4542/5089/1505
f 4757/5090/1506 4544/5091/1506 4091/5092/1506 4543/5093/1506
f 4756/5094/1507 4545/5095/1507 3987/5096/1507 4339/5097/1507
f 4755/5098/1508 4220/5099/1508 4012/5100/1508 4546/5101/1508
f 4754/5102/1509 4548/5103/1509 4092/5104/1509 4547/5105/1509
f 4753/5106/1510 4549/5107/1510 4011/5108/1510 4363/5109/1510
f 4752/5110/1511 4156/5111/1511 3948/5112/1511 4550/5113/1511
f 4751/5114/1512 4552/5115/1512 4093/5116/1512 4551/5117/1512
f 4750/5118/1513 4553/5119/1513 4010/5120/1513 4362/5121/1513
f 4749/5122/1514 4217/5123/1514 4009/5124/1514 4554/5125/1514
f 4748/5126/1515 4556/5127/1515 4094/5128/1515 4555/5129/1515
f 4747/5130/1516 4557/5131/1516 3974/5132/1516 4326/5133/1516
f 4746/5134/1517 4216/5135/1517 4008/5136/1517 4558/5137/1517
f 4745/5138/1518 4560/5139/1518 4095/5140/1518 4559/5141/1518
f 4744/5142/1519 4561/5143/1519 4007/5144/1519 4359/5145/1519
f 4743/5146/1520 4157/5147/1520 3949/5148/1520 4562/5149/1520
f 4742/5150/1521 4564/5151/1521 4096/5152/1521 4563/5153/1521
f 4741/5154/1522 4565/5155/1522 4006/5156/1522 4358/5157/1522
f 4740/5158/1523 4213/5159/1523 4005/5160/1523 4566/5161/1523
f 4739/5162/1524 4568/5163/1524 4097/5164/1524 4567/5165/1524
f 4738/5166/1525 4569/5167/1525 3990/5168/1525 4342/5169/1525
f 4737/5170/1526 4212/5171/1526 4004/5172/1526 4570/5173/1526
f 4736/5174/1527 4572/5175/1527 4098/5176/1527 4571/5177/1527
f 4735/5178/1528 4573/5179/1528 4003/5180/1528 4355/5181/1528
f 4734/5182/1529 4129/5183/1529 3921/5184/1529 4574/5185/1529
f 4733/5186/1530 4576/5187/1530 4099/5188/1530 4575/5189/1530
f 4732/5190/1531 4577/5191/1531 4002/5192/1531 4354/5193/1531
f 4731/5194/1532 4209/5195/1532 4001/5196/1532 4578/5197/1532
f 4730/5198/1533 4580/5199/1533 4100/5200/1533 4579/5201/1533
f 4729/5202/1534 4581/5203/1534 3991/5204/1534 4343/5205/1534
f 4728/5206/1535 4208/5207/1535 4000/5208/1535 4582/5209/1535
f 4727/5210/1536 4584/5211/1536 4101/5212/1536 4583/5213/1536
f 4726/5214/1537 4585/5215/1537 3999/5216/1537 4351/5217/1537
f 4725/5218/1538 4160/5219/1538 3952/5220/1538 4586/5221/1538
f 4724/5222/1539 4588/5223/1539 4102/5224/1539 4587/5225/1539
f 4723/5226/1540 4589/5227/1540 3998/5228/1540 4350/5229/1540
f 4722/5230/1541 4205/5231/1541 3997/5232/1541 4590/5233/1541
f 4721/5234/1542 4592/5235/1542 4103/5236/1542 4591/5237/1542
f 4720/5238/1543 4593/5239/1543 3968/5240/1543 4320/5241/1543
f 4719/5242/1544 4204/5243/1544 3996/5244/1544 4594/5245/1544
f 4718/5246/1545 4596/5247/1545 4104/5248/1545 4595/5249/1545
f 4717/5250/1546 4597/5251/1546 3995/5252/1546 4347/5253/1546
f 4716/5254/1547 4161/5255/1547 3953/5256/1547 4598/5257/1547
f 4715/5258/1548 4600/5259/1548 4105/5260/1548 4599/5261/1548
f 4714/5262/1549 4601/5263/1549 3994/5264/1549 4346/5265/1549
f 4713/5266/1550 4201/5267/1550 3993/5268/1550 4602/5269/1550
f 4712/5270/1551 4604/5271/1551 4106/5272/1551 4603/5273/1551
f 4711/5274/1552 4605/5275/1552 3928/5276/1552 4280/5277/1552
f 4710/5278/1553 4200/5279/1553 3992/5280/1553 4606/5281/1553
f 4709/5282/1554 4608/5283/1554 4107/5284/1554 4607/5285/1554
f 4708/5286/1555 4609/5287/1555 3951/5288/1555 4303/5289/1555
f 4707/5290/1556 4169/5291/1556 3961/5292/1556 4610/5293/1556
f 4706/5294/1557 4612/5295/1557 4108/5296/1557 4611/5297/1557
f 4705/5298/1558 4613/5299/1558 3950/5300/1558 4302/5301/1558
f 4704/5302/1559 4197/5303/1559 3989/5304/1559 4614/5305/1559
f 4703/5306/1560 4616/5307/1560 4109/5308/1560 4615/5309/1560
f 4702/5310/1561 4617/5311/1561 3934/5312/1561 4286/5313/1561
f 4701/5314/1562 4196/5315/1562 3988/5316/1562 4618/5317/1562
f 4700/5318/1563 4620/5319/1563 4110/5320/1563 4619/5321/1563
f 4699/5322/1564 4621/5323/1564 3947/5324/1564 4299/5325/1564
f 4698/5326/1565 4165/5327/1565 3957/5328/1565 4622/5329/1565
f 4697/5330/1566 4624/5331/1566 4111/5332/1566 4623/5333/1566
f 4696/5334/1567 4625/5335/1567 3946/5336/1567 4298/5337/1567
f 4695/5338/1568 4193/5339/1568 3985/5340/1568 4626/5341/1568
f 4694/5342/1569 4628/5343/1569 4112/5344/1569 4627/5345/1569
f 4693/5346/1570 4629/5347/1570 3935/5348/1570 4287/5349/1570
f 4692/5350/1571 4192/5351/1571 3984/5352/1571 4630/5353/1571
f 4691/5354/1572 4632/5355/1572 4113/5356/1572 4631/5357/1572
f 4690/5358/1573 4633/5359/1573 3943/5360/1573 4295/5361/1573
f 4689/5362/1574 4172/5363/1574 3964/5364/1574 4634/5365/1574
f 4688/5366/1575 4636/5367/1575 4114/5368/1575 4635/5369/1575
f 4687/5370/1576 4637/5371/1576 3942/5372/1576 4294/5373/1576
f 4686/5374/1577 4189/5375/1577 3981/5376/1577 4638/5377/1577
f 4685/5378/1578 4640/5379/1578 4115/5380/1578 4639/5381/1578
f 4684/5382/1579 4641/5383/1579 3932/5384/1579 4284/5385/1579
f 4683/5386/1580 4188/5387/1580 3980/5388/1580 4642/5389/1580
f 4682/5390/1581 4644/5391/1581 4116/5392/1581 4643/5393/1581
f 4681/5394/1582 4645/5395/1582 3939/5396/1582 4291/5397/1582
f 4680/5398/1583 4173/5399/1583 3965/5400/1583 4646/5401/1583
f 4679/5402/1584 4648/5403/1584 4117/5404/1584 4647/5405/1584
f 4678/5406/1585 4649/5407/1585 3938/5408/1585 4290/5409/1585
f 4677/5410/1586 4185/5411/1586 3977/5412/1586 4650/5413/1586
f 4676/5414/1587 4652/5415/1587 4118/5416/1587 4651/5417/1587
f 4675/5418/1588 4653/5419/1588 3920/5420/1588 4272/5421/1588
f 4674/5422/1589 4184/5423/1589 3976/5424/1589 4654/5425/1589
f 4673/5426/1590 4656/5427/1590 4119/5428/1590 4655/5429/1590
f 4672/5430/1591 4657/5431/1591 3923/5432/1591 4275/5433/1591
f 4671/5434/1592 4177/5435/1592 3969/5436/1592 4658/5437/1592
f 4670/5438/1593 4660/5439/1593 4120/5440/1593 4659/5441/1593
f 4669/5442/1594 4661/5443/1594 3922/5444/1594 4274/5445/1594
f 4668/5446/1595 4181/5447/1595 3973/5448/1595 4662/5449/1595
f 4667/5450/1596 4664/5451/1596 4121/5452/1596 4663/5453/1596
f 4666/5454/1597 4665/5455/1597 3916/5456/1597 4268/5457/1597
f 4663/5453/1598 4121/5452/1598 4665/5455/1598 4666/5454/1598
f 4057/4692/1599 4663/5453/1599 4666/5454/1599 4409/4687/1599
f 4409/4687/1600 4666/5454/1600 4268/5457/1600 3860/4688/1600
f 4406/4725/1601 4054/4724/1601 4664/5451/1601 4667/5450/1601
f 3913/4684/1602 4406/4725/1602 4667/5450/1602 4265/4691/1602
f 4265/4691/1603 4667/5450/1603 4663/5453/1603 4057/4692/1603
f 4262/4681/1604 3877/4680/1604 4181/5447/1604 4668/5446/1604
f 4054/4724/1605 4262/4681/1605 4668/5446/1605 4664/5451/1605
f 4664/5451/1606 4668/5446/1606 4662/5449/1606 4121/5452/1606
f 4659/5441/1607 4120/5440/1607 4661/5443/1607 4669/5442/1607
f 4053/4728/1608 4659/5441/1608 4669/5442/1608 4405/4675/1608
f 4405/4675/1609 4669/5442/1609 4274/5445/1609 3866/4676/1609
f 4402/4761/1610 4050/4760/1610 4660/5439/1610 4670/5438/1610
f 3912/4672/1611 4402/4761/1611 4670/5438/1611 4261/4727/1611
f 4261/4727/1612 4670/5438/1612 4659/5441/1612 4053/4728/1612
f 4258/4669/1613 3873/4668/1613 4177/5435/1613 4671/5434/1613
f 4050/4760/1614 4258/4669/1614 4671/5434/1614 4660/5439/1614
f 4660/5439/1615 4671/5434/1615 4658/5437/1615 4120/5440/1615
f 4655/5429/1616 4119/5428/1616 4657/5431/1616 4672/5430/1616
f 4049/4764/1617 4655/5429/1617 4672/5430/1617 4401/4663/1617
f 4401/4663/1618 4672/5430/1618 4275/5433/1618 3867/4664/1618
f 4398/4797/1619 4046/4796/1619 4656/5427/1619 4673/5426/1619
f 3911/4660/1620 4398/4797/1620 4673/5426/1620 4257/4763/1620
f 4257/4763/1621 4673/5426/1621 4655/5429/1621 4049/4764/1621
f 4254/4657/1622 3880/4656/1622 4184/5423/1622 4674/5422/1622
f 4046/4796/1623 4254/4657/1623 4674/5422/1623 4656/5427/1623
f 4656/5427/1624 4674/5422/1624 4654/5425/1624 4119/5428/1624
f 4651/5417/1625 4118/5416/1625 4653/5419/1625 4675/5418/1625
f 4045/4800/1626 4651/5417/1626 4675/5418/1626 4397/4651/1626
f 4397/4651/1627 4675/5418/1627 4272/5421/1627 3864/4652/1627
f 4394/4833/1628 4042/4832/1628 4652/5415/1628 4676/5414/1628
f 3910/4648/1629 4394/4833/1629 4676/5414/1629 4253/4799/1629
f 4253/4799/1630 4676/5414/1630 4651/5417/1630 4045/4800/1630
f 4250/4645/1631 3881/4644/1631 4185/5411/1631 4677/5410/1631
f 4042/4832/1632 4250/4645/1632 4677/5410/1632 4652/5415/1632
f 4652/5415/1633 4677/5410/1633 4650/5413/1633 4118/5416/1633
f 4647/5405/1634 4117/5404/1634 4649/5407/1634 4678/5406/1634
f 4041/4836/1635 4647/5405/1635 4678/5406/1635 4393/4639/1635
f 4393/4639/1636 4678/5406/1636 4290/5409/1636 3882/4640/1636
f 4390/4869/1637 4038/4868/1637 4648/5403/1637 4679/5402/1637
f 3909/4636/1638 4390/4869/1638 4679/5402/1638 4249/4835/1638
f 4249/4835/1639 4679/5402/1639 4647/5405/1639 4041/4836/1639
f 4246/4633/1640 3869/4632/1640 4173/5399/1640 4680/5398/1640
f 4038/4868/1641 4246/4633/1641 4680/5398/1641 4648/5403/1641
f 4648/5403/1642 4680/5398/1642 4646/5401/1642 4117/5404/1642
f 4643/5393/1643 4116/5392/1643 4645/5395/1643 4681/5394/1643
f 4037/4872/1644 4643/5393/1644 4681/5394/1644 4389/4627/1644
f 4389/4627/1645 4681/5394/1645 4291/5397/1645 3883/4628/1645
f 4386/4905/1646 4034/4904/1646 4644/5391/1646 4682/5390/1646
f 3908/4624/1647 4386/4905/1647 4682/5390/1647 4245/4871/1647
f 4245/4871/1648 4682/5390/1648 4643/5393/1648 4037/4872/1648
f 4242/4621/1649 3884/4620/1649 4188/5387/1649 4683/5386/1649
f 4034/4904/1650 4242/4621/1650 4683/5386/1650 4644/5391/1650
f 4644/5391/1651 4683/5386/1651 4642/5389/1651 4116/5392/1651
f 4639/5381/1652 4115/5380/1652 4641/5383/1652 4684/5382/1652
f 4033/4908/1653 4639/5381/1653 4684/5382/1653 4385/4615/1653
f 4385/4615/1654 4684/5382/1654 4284/5385/1654 3876/4616/1654
f 4382/4941/1655 4030/4940/1655 4640/5379/1655 4685/5378/1655
f 3907/4612/1656 4382/4941/1656 4685/5378/1656 4241/4907/1656
f 4241/4907/1657 4685/5378/1657 4639/5381/1657 4033/4908/1657
f 4238/4609/1658 3885/4608/1658 4189/5375/1658 4686/5374/1658
f 4030/4940/1659 4238/4609/1659 4686/5374/1659 4640/5379/1659
f 4640/5379/1660 4686/5374/1660 4638/5377/1660 4115/5380/1660
f 4635/5369/1661 4114/5368/1661 4637/5371/1661 4687/5370/1661
f 4029/4944/1662 4635/5369/1662 4687/5370/1662 4381/4603/1662
f 4381/4603/1663 4687/5370/1663 4294/5373/1663 3886/4604/1663
f 4378/4977/1664 4026/4976/1664 4636/5367/1664 4688/5366/1664
f 3906/4600/1665 4378/4977/1665 4688/5366/1665 4237/4943/1665
f 4237/4943/1666 4688/5366/1666 4635/5369/1666 4029/4944/1666
f 4234/4597/1667 3868/4596/1667 4172/5363/1667 4689/5362/1667
f 4026/4976/1668 4234/4597/1668 4689/5362/1668 4636/5367/1668
f 4636/5367/1669 4689/5362/1669 4634/5365/1669 4114/5368/1669
f 4631/5357/1670 4113/5356/1670 4633/5359/1670 4690/5358/1670
f 4025/4980/1671 4631/5357/1671 4690/5358/1671 4377/4591/1671
f 4377/4591/1672 4690/5358/1672 4295/5361/1672 3887/4592/1672
f 4374/5013/1673 4022/5012/1673 4632/5355/1673 4691/5354/1673
f 3905/4588/1674 4374/5013/1674 4691/5354/1674 4233/4979/1674
f 4233/4979/1675 4691/5354/1675 4631/5357/1675 4025/4980/1675
f 4230/4585/1676 3888/4584/1676 4192/5351/1676 4692/5350/1676
f 4022/5012/1677 4230/4585/1677 4692/5350/1677 4632/5355/1677
f 4632/5355/1678 4692/5350/1678 4630/5353/1678 4113/5356/1678
f 4627/5345/1679 4112/5344/1679 4629/5347/1679 4693/5346/1679
f 4021/5016/1680 4627/5345/1680 4693/5346/1680 4373/4579/1680
f 4373/4579/1681 4693/5346/1681 4287/5349/1681 3879/4580/1681
f 4370/5049/1682 4018/5048/1682 4628/5343/1682 4694/5342/1682
f 3904/4576/1683 4370/5049/1683 4694/5342/1683 4229/5015/1683
f 4229/5015/1684 4694/5342/1684 4627/5345/1684 4021/5016/1684
f 4226/4573/1685 3889/4572/1685 4193/5339/1685 4695/5338/1685
f 4018/5048/1686 4226/4573/1686 4695/5338/1686 4628/5343/1686
f 4628/5343/1687 4695/5338/1687 4626/5341/1687 4112/5344/1687
f 4623/5333/1688 4111/5332/1688 4625/5335/1688 4696/5334/1688
f 4017/5052/1689 4623/5333/1689 4696/5334/1689 4369/4567/1689
f 4369/4567/1690 4696/5334/1690 4298/5337/1690 3890/4568/1690
f 4366/5085/1691 4014/5084/1691 4624/5331/1691 4697/5330/1691
f 3903/4564/1692 4366/5085/1692 4697/5330/1692 4225/5051/1692
f 4225/5051/1693 4697/5330/1693 4623/5333/1693 4017/5052/1693
f 4222/4561/1694 3861/4560/1694 4165/5327/1694 4698/5326/1694
f 4014/5084/1695 4222/4561/1695 4698/5326/1695 4624/5331/1695
f 4624/5331/1696 4698/5326/1696 4622/5329/1696 4111/5332/1696
f 4619/5321/1697 4110/5320/1697 4621/5323/1697 4699/5322/1697
f 4013/5088/1698 4619/5321/1698 4699/5322/1698 4365/4555/1698
f 4365/4555/1699 4699/5322/1699 4299/5325/1699 3891/4556/1699
f 4362/5121/1700 4010/5120/1700 4620/5319/1700 4700/5318/1700
f 3902/4552/1701 4362/5121/1701 4700/5318/1701 4221/5087/1701
f 4221/5087/1702 4700/5318/1702 4619/5321/1702 4013/5088/1702
f 4218/4549/1703 3892/4548/1703 4196/5315/1703 4701/5314/1703
f 4010/5120/1704 4218/4549/1704 4701/5314/1704 4620/5319/1704
f 4620/5319/1705 4701/5314/1705 4618/5317/1705 4110/5320/1705
f 4615/5309/1706 4109/5308/1706 4617/5311/1706 4702/5310/1706
f 4009/5124/1707 4615/5309/1707 4702/5310/1707 4361/4543/1707
f 4361/4543/1708 4702/5310/1708 4286/5313/1708 3878/4544/1708
f 4358/5157/1709 4006/5156/1709 4616/5307/1709 4703/5306/1709
f 3901/4540/1710 4358/5157/1710 4703/5306/1710 4217/5123/1710
f 4217/5123/1711 4703/5306/1711 4615/5309/1711 4009/5124/1711
f 4214/4537/1712 3893/4536/1712 4197/5303/1712 4704/5302/1712
f 4006/5156/1713 4214/4537/1713 4704/5302/1713 4616/5307/1713
f 4616/5307/1714 4704/5302/1714 4614/5305/1714 4109/5308/1714
f 4611/5297/1715 4108/5296/1715 4613/5299/1715 4705/5298/1715
f 4005/5160/1716 4611/5297/1716 4705/5298/1716 4357/4531/1716
f 4357/4531/1717 4705/5298/1717 4302/5301/1717 3894/4532/1717
f 4354/5193/1718 4002/5192/1718 4612/5295/1718 4706/5294/1718
f 3900/4528/1719 4354/5193/1719 4706/5294/1719 4213/5159/1719
f 4213/5159/1720 4706/5294/1720 4611/5297/1720 4005/5160/1720
f 4210/4525/1721 3865/4524/1721 4169/5291/1721 4707/5290/1721
f 4002/5192/1722 4210/4525/1722 4707/5290/1722 4612/5295/1722
f 4612/5295/1723 4707/5290/1723 4610/5293/1723 4108/5296/1723
f 4607/5285/1724 4107/5284/1724 4609/5287/1724 4708/5286/1724
f 4001/5196/1725 4607/5285/1725 4708/5286/1725 4353/4519/1725
f 4353/4519/1726 4708/5286/1726 4303/5289/1726 3895/4520/1726
f 4350/5229/1727 3998/5228/1727 4608/5283/1727 4709/5282/1727
f 3899/4516/1728 4350/5229/1728 4709/5282/1728 4209/5195/1728
f 4209/5195/1729 4709/5282/1729 4607/5285/1729 4001/5196/1729
f 4206/4513/1730 3896/4512/1730 4200/5279/1730 4710/5278/1730
f 3998/5228/1731 4206/4513/1731 4710/5278/1731 4608/5283/1731
f 4608/5283/1732 4710/5278/1732 4606/5281/1732 4107/5284/1732
f 4603/5273/1733 4106/5272/1733 4605/5275/1733 4711/5274/1733
f 3997/5232/1734 4603/5273/1734 4711/5274/1734 4349/4507/1734
f 4349/4507/1735 4711/5274/1735 4280/5277/1735 3872/4508/1735
f 4346/5265/1736 3994/5264/1736 4604/5271/1736 4712/5270/1736
f 3898/4504/1737 4346/5265/1737 4712/5270/1737 4205/5231/1737
f 4205/5231/1738 4712/5270/1738 4603/5273/1738 3997/5232/1738
f 4202/4501/1739 3897/4500/1739 4201/5267/1739 4713/5266/1739
f 3994/5264/1740 4202/4501/1740 4713/5266/1740 4604/5271/1740
f 4604/5271/1741 4713/5266/1741 4602/5269/1741 4106/5272/1741
f 4599/5261/1742 4105/5260/1742 4601/5263/1742 4714/5262/1742
f 3996/5244/1743 4599/5261/1743 4714/5262/1743 4348/4503/1743
f 4348/4503/1744 4714/5262/1744 4346/5265/1744 3898/4504/1744
f 4303/5289/1745 3951/5288/1745 4600/5259/1745 4715/5258/1745
f 3895/4520/1746 4303/5289/1746 4715/5258/1746 4204/5243/1746
f 4204/5243/1747 4715/5258/1747 4599/5261/1747 3996/5244/1747
f 4159/4493/1748 3857/4492/1748 4161/5255/1748 4716/5254/1748
f 3951/5288/1749 4159/4493/1749 4716/5254/1749 4600/5259/1749
f 4600/5259/1750 4716/5254/1750 4598/5257/1750 4105/5260/1750
f 4595/5249/1751 4104/5248/1751 4597/5251/1751 4717/5250/1751
f 3937/4824/1752 4595/5249/1752 4717/5250/1752 4289/4643/1752
f 4289/4643/1753 4717/5250/1753 4347/5253/1753 3881/4644/1753
f 4343/5205/1754 3991/5204/1754 4596/5247/1754 4718/5246/1754
f 3853/4452/1755 4343/5205/1755 4718/5246/1755 4145/4823/1755
f 4145/4823/1756 4718/5246/1756 4595/5249/1756 3937/4824/1756
f 4199/4521/1757 3895/4520/1757 4204/5243/1757 4719/5242/1757
f 3991/5204/1758 4199/4521/1758 4719/5242/1758 4596/5247/1758
f 4596/5247/1759 4719/5242/1759 4594/5245/1759 4104/5248/1759
f 4591/5237/1760 4103/5236/1760 4593/5239/1760 4720/5238/1760
f 3977/5412/1761 4591/5237/1761 4720/5238/1761 4329/4447/1761
f 4329/4447/1762 4720/5238/1762 4320/5241/1762 3839/4448/1762
f 4347/5253/1763 3995/5252/1763 4592/5235/1763 4721/5234/1763
f 3881/4644/1764 4347/5253/1764 4721/5234/1764 4185/5411/1764
f 4185/5411/1765 4721/5234/1765 4591/5237/1765 3977/5412/1765
f 4203/4505/1766 3898/4504/1766 4205/5231/1766 4722/5230/1766
f 3995/5252/1767 4203/4505/1767 4722/5230/1767 4592/5235/1767
f 4592/5235/1768 4722/5230/1768 4590/5233/1768 4103/5236/1768
f 4587/5225/1769 4102/5224/1769 4589/5227/1769 4723/5226/1769
f 4000/5208/1770 4587/5225/1770 4723/5226/1770 4352/4515/1770
f 4352/4515/1771 4723/5226/1771 4350/5229/1771 3899/4516/1771
f 4286/5313/1772 3934/5312/1772 4588/5223/1772 4724/5222/1772
f 3878/4544/1773 4286/5313/1773 4724/5222/1773 4208/5207/1773
f 4208/5207/1774 4724/5222/1774 4587/5225/1774 4000/5208/1774
f 4142/4485/1775 3850/4484/1775 4160/5219/1775 4725/5218/1775
f 3934/5312/1776 4142/4485/1776 4725/5218/1776 4588/5223/1776
f 4588/5223/1777 4725/5218/1777 4586/5221/1777 4102/5224/1777
f 4583/5213/1778 4101/5212/1778 4585/5215/1778 4726/5214/1778
f 3925/4860/1779 4583/5213/1779 4726/5214/1779 4277/4631/1779
f 4277/4631/1780 4726/5214/1780 4351/5217/1780 3869/4632/1780
f 4326/5133/1781 3974/5132/1781 4584/5211/1781 4727/5210/1781
f 3841/4444/1782 4326/5133/1782 4727/5210/1782 4133/4859/1782
f 4133/4859/1783 4727/5210/1783 4583/5213/1783 3925/4860/1783
f 4182/4545/1784 3878/4544/1784 4208/5207/1784 4728/5206/1784
f 3974/5132/1785 4182/4545/1785 4728/5206/1785 4584/5211/1785
f 4584/5211/1786 4728/5206/1786 4582/5209/1786 4101/5212/1786
f 4579/5201/1787 4100/5200/1787 4581/5203/1787 4729/5202/1787
f 3965/5400/1788 4579/5201/1788 4729/5202/1788 4317/4451/1788
f 4317/4451/1789 4729/5202/1789 4343/5205/1789 3853/4452/1789
f 4351/5217/1790 3999/5216/1790 4580/5199/1790 4730/5198/1790
f 3869/4632/1791 4351/5217/1791 4730/5198/1791 4173/5399/1791
f 4173/5399/1792 4730/5198/1792 4579/5201/1792 3965/5400/1792
f 4207/4517/1793 3899/4516/1793 4209/5195/1793 4731/5194/1793
f 3999/5216/1794 4207/4517/1794 4731/5194/1794 4580/5199/1794
f 4580/5199/1795 4731/5194/1795 4578/5197/1795 4100/5200/1795
f 4575/5189/1796 4099/5188/1796 4577/5191/1796 4732/5190/1796
f 4004/5172/1797 4575/5189/1797 4732/5190/1797 4356/4527/1797
f 4356/4527/1798 4732/5190/1798 4354/5193/1798 3900/4528/1798
f 4274/5445/1799 3922/5444/1799 4576/5187/1799 4733/5186/1799
f 3866/4676/1800 4274/5445/1800 4733/5186/1800 4212/5171/1800
f 4212/5171/1801 4733/5186/1801 4575/5189/1801 4004/5172/1801
f 4130/4441/1802 3840/4440/1802 4129/5183/1802 4734/5182/1802
f 3922/5444/1803 4130/4441/1803 4734/5182/1803 4576/5187/1803
f 4576/5187/1804 4734/5182/1804 4574/5185/1804 4099/5188/1804
f 4571/5177/1805 4098/5176/1805 4573/5179/1805 4735/5178/1805
f 3952/5220/1806 4571/5177/1806 4735/5178/1806 4304/4511/1806
f 4304/4511/1807 4735/5178/1807 4355/5181/1807 3896/4512/1807
f 4314/4737/1808 3962/4736/1808 4572/5175/1808 4736/5174/1808
f 3850/4484/1809 4314/4737/1809 4736/5174/1809 4160/5219/1809
f 4160/5219/1810 4736/5174/1810 4571/5177/1810 3952/5220/1810
f 4170/4677/1811 3866/4676/1811 4212/5171/1811 4737/5170/1811
f 3962/4736/1812 4170/4677/1812 4737/5170/1812 4572/5175/1812
f 4572/5175/1813 4737/5170/1813 4570/5173/1813 4098/5176/1813
f 4567/5165/1814 4097/5164/1814 4569/5167/1814 4738/5166/1814
f 3992/5280/1815 4567/5165/1815 4738/5166/1815 4344/4491/1815
f 4344/4491/1816 4738/5166/1816 4342/5169/1816 3857/4492/1816
f 4355/5181/1817 4003/5180/1817 4568/5163/1817 4739/5162/1817
f 3896/4512/1818 4355/5181/1818 4739/5162/1818 4200/5279/1818
f 4200/5279/1819 4739/5162/1819 4567/5165/1819 3992/5280/1819
f 4211/4529/1820 3900/4528/1820 4213/5159/1820 4740/5158/1820
f 4003/5180/1821 4211/4529/1821 4740/5158/1821 4568/5163/1821
f 4568/5163/1822 4740/5158/1822 4566/5161/1822 4097/5164/1822
f 4563/5153/1823 4096/5152/1823 4565/5155/1823 4741/5154/1823
f 4008/5136/1824 4563/5153/1824 4741/5154/1824 4360/4539/1824
f 4360/4539/1825 4741/5154/1825 4358/5157/1825 3901/4540/1825
f 4299/5325/1826 3947/5324/1826 4564/5151/1826 4742/5150/1826
f 3891/4556/1827 4299/5325/1827 4742/5150/1827 4216/5135/1827
f 4216/5135/1828 4742/5150/1828 4563/5153/1828 4008/5136/1828
f 4155/4481/1829 3856/4480/1829 4157/5147/1829 4743/5146/1829
f 3947/5324/1830 4155/4481/1830 4743/5146/1830 4564/5151/1830
f 4564/5151/1831 4743/5146/1831 4562/5149/1831 4096/5152/1831
f 4559/5141/1832 4095/5140/1832 4561/5143/1832 4744/5142/1832
f 3936/4788/1833 4559/5141/1833 4744/5142/1833 4288/4655/1833
f 4288/4655/1834 4744/5142/1834 4359/5145/1834 3880/4656/1834
f 4339/5097/1835 3987/5096/1835 4560/5139/1835 4745/5138/1835
f 3852/4464/1836 4339/5097/1836 4745/5138/1836 4144/4787/1836
f 4144/4787/1837 4745/5138/1837 4559/5141/1837 3936/4788/1837
f 4195/4557/1838 3891/4556/1838 4216/5135/1838 4746/5134/1838
f 3987/5096/1839 4195/4557/1839 4746/5134/1839 4560/5139/1839
f 4560/5139/1840 4746/5134/1840 4558/5137/1840 4095/5140/1840
f 4555/5129/1841 4094/5128/1841 4557/5131/1841 4747/5130/1841
f 3976/5424/1842 4555/5129/1842 4747/5130/1842 4328/4443/1842
f 4328/4443/1843 4747/5130/1843 4326/5133/1843 3841/4444/1843
f 4359/5145/1844 4007/5144/1844 4556/5127/1844 4748/5126/1844
f 3880/4656/1845 4359/5145/1845 4748/5126/1845 4184/5423/1845
f 4184/5423/1846 4748/5126/1846 4555/5129/1846 3976/5424/1846
f 4215/4541/1847 3901/4540/1847 4217/5123/1847 4749/5122/1847
f 4007/5144/1848 4215/4541/1848 4749/5122/1848 4556/5127/1848
f 4556/5127/1849 4749/5122/1849 4554/5125/1849 4094/5128/1849
f 4551/5117/1850 4093/5116/1850 4553/5119/1850 4750/5118/1850
f 4012/5100/1851 4551/5117/1851 4750/5118/1851 4364/4551/1851
f 4364/4551/1852 4750/5118/1852 4362/5121/1852 3902/4552/1852
f 4166/5458/1853 3958/5459/1853 4552/5115/1853 4751/5114/1853
f 3862/5460/1854 4166/5458/1854 4751/5114/1854 4220/5099/1854
f 4220/5099/1855 4751/5114/1855 4551/5117/1855 4012/5100/1855
f 4310/5461/1856 3846/5462/1856 4156/5111/1856 4752/5110/1856
f 3958/5459/1857 4310/5461/1857 4752/5110/1857 4552/5115/1857
f 4552/5115/1858 4752/5110/1858 4550/5113/1858 4093/5116/1858
f 4547/5105/1859 4092/5104/1859 4549/5107/1859 4753/5106/1859
f 3924/4968/1860 4547/5105/1860 4753/5106/1860 4276/4595/1860
f 4276/4595/1861 4753/5106/1861 4363/5109/1861 3868/4596/1861
f 4126/5463/1862 3918/5464/1862 4548/5103/1862 4754/5102/1862
f 3837/5465/1863 4126/5463/1863 4754/5102/1863 4132/4967/1863
f 4132/4967/1864 4754/5102/1864 4547/5105/1864 3924/4968/1864
f 4270/5466/1865 3862/5460/1865 4220/5099/1865 4755/5098/1865
f 3918/5464/1866 4270/5466/1866 4755/5098/1866 4548/5103/1866
f 4548/5103/1867 4755/5098/1867 4546/5101/1867 4092/5104/1867
f 4543/5093/1868 4091/5092/1868 4545/5095/1868 4756/5094/1868
f 3964/5364/1869 4543/5093/1869 4756/5094/1869 4316/4463/1869
f 4316/4463/1870 4756/5094/1870 4339/5097/1870 3852/4464/1870
f 4363/5109/1871 4011/5108/1871 4544/5091/1871 4757/5090/1871
f 3868/4596/1872 4363/5109/1872 4757/5090/1872 4172/5363/1872
f 4172/5363/1873 4757/5090/1873 4543/5093/1873 3964/5364/1873
f 4219/4553/1874 3902/4552/1874 4221/5087/1874 4758/5086/1874
f 4011/5108/1875 4219/4553/1875 4758/5086/1875 4544/5091/1875
f 4544/5091/1876 4758/5086/1876 4542/5089/1876 4091/5092/1876
f 4539/5081/1877 4090/5080/1877 4541/5083/1877 4759/5082/1877
f 4016/5064/1878 4539/5081/1878 4759/5082/1878 4368/4563/1878
f 4368/4563/1879 4759/5082/1879 4366/5085/1879 3903/4564/1879
f 4178/5467/1880 3970/5468/1880 4540/5079/1880 4760/5078/1880
f 3874/5469/1881 4178/5467/1881 4760/5078/1881 4224/5063/1881
f 4224/5063/1882 4760/5078/1882 4539/5081/1882 4016/5064/1882
f 4322/5470/1883 3835/5471/1883 4125/5075/1883 4761/5074/1883
f 3970/5468/1884 4322/5470/1884 4761/5074/1884 4540/5079/1884
f 4540/5079/1885 4761/5074/1885 4538/5077/1885 4090/5080/1885
f 4535/5069/1886 4089/5068/1886 4537/5071/1886 4762/5070/1886
f 3948/5112/1887 4535/5069/1887 4762/5070/1887 4300/4547/1887
f 4300/4547/1888 4762/5070/1888 4367/5073/1888 3892/4548/1888
f 4138/5472/1889 3930/5473/1889 4536/5067/1889 4763/5066/1889
f 3846/5462/1890 4138/5472/1890 4763/5066/1890 4156/5111/1890
f 4156/5111/1891 4763/5066/1891 4535/5069/1891 3948/5112/1891
f 4282/5474/1892 3874/5469/1892 4224/5063/1892 4764/5062/1892
f 3930/5473/1893 4282/5474/1893 4764/5062/1893 4536/5067/1893
f 4536/5067/1894 4764/5062/1894 4534/5065/1894 4089/5068/1894
f 4531/5057/1895 4088/5056/1895 4533/5059/1895 4765/5058/1895
f 3988/5316/1896 4531/5057/1896 4765/5058/1896 4340/4479/1896
f 4340/4479/1897 4765/5058/1897 4338/5061/1897 3856/4480/1897
f 4367/5073/1898 4015/5072/1898 4532/5055/1898 4766/5054/1898
f 3892/4548/1899 4367/5073/1899 4766/5054/1899 4196/5315/1899
f 4196/5315/1900 4766/5054/1900 4531/5057/1900 3988/5316/1900
f 4223/4565/1901 3903/4564/1901 4225/5051/1901 4767/5050/1901
f 4015/5072/1902 4223/4565/1902 4767/5050/1902 4532/5055/1902
f 4532/5055/1903 4767/5050/1903 4530/5053/1903 4088/5056/1903
f 4527/5045/1904 4087/5044/1904 4529/5047/1904 4768/5046/1904
f 4020/5028/1905 4527/5045/1905 4768/5046/1905 4372/4575/1905
f 4372/4575/1906 4768/5046/1906 4370/5049/1906 3904/4576/1906
f 4295/5361/1907 3943/5360/1907 4528/5043/1907 4769/5042/1907
f 3887/4592/1908 4295/5361/1908 4769/5042/1908 4228/5027/1908
f 4228/5027/1909 4769/5042/1909 4527/5045/1909 4020/5028/1909
f 4151/4469/1910 3855/4468/1910 4153/5039/1910 4770/5038/1910
f 3943/5360/1911 4151/4469/1911 4770/5038/1911 4528/5043/1911
f 4528/5043/1912 4770/5038/1912 4526/5041/1912 4087/5044/1912
f 4523/5033/1913 4086/5032/1913 4525/5035/1913 4771/5034/1913
f 3959/5475/1914 4523/5033/1914 4771/5034/1914 4167/5476/1914
f 4167/5476/1915 4771/5034/1915 4371/5037/1915 3863/5477/1915
f 4335/4989/1916 3983/4988/1916 4524/5031/1916 4772/5030/1916
f 3847/5478/1917 4335/4989/1917 4772/5030/1917 4311/5479/1917
f 4311/5479/1918 4772/5030/1918 4523/5033/1918 3959/5475/1918
f 4191/4593/1919 3887/4592/1919 4228/5027/1919 4773/5026/1919
f 3983/4988/1920 4191/4593/1920 4773/5026/1920 4524/5031/1920
f 4524/5031/1921 4773/5026/1921 4522/5029/1921 4086/5032/1921
f 4519/5021/1922 4085/5020/1922 4521/5023/1922 4774/5022/1922
f 3919/5480/1923 4519/5021/1923 4774/5022/1923 4127/5481/1923
f 4127/5481/1924 4774/5022/1924 4327/5025/1924 3838/5482/1924
f 4371/5037/1925 4019/5036/1925 4520/5019/1925 4775/5018/1925
f 3863/5477/1926 4371/5037/1926 4775/5018/1926 4271/5483/1926
f 4271/5483/1927 4775/5018/1927 4519/5021/1927 3919/5480/1927
f 4227/4577/1928 3904/4576/1928 4229/5015/1928 4776/5014/1928
f 4019/5036/1929 4227/4577/1929 4776/5014/1929 4520/5019/1929
f 4520/5019/1930 4776/5014/1930 4518/5017/1930 4085/5020/1930
f 4515/5009/1931 4084/5008/1931 4517/5011/1931 4777/5010/1931
f 4024/4992/1932 4515/5009/1932 4777/5010/1932 4376/4587/1932
f 4376/4587/1933 4777/5010/1933 4374/5013/1933 3905/4588/1933
f 4162/5484/1934 3954/5485/1934 4516/5007/1934 4778/5006/1934
f 3858/5486/1935 4162/5484/1935 4778/5006/1935 4232/4991/1935
f 4232/4991/1936 4778/5006/1936 4515/5009/1936 4024/4992/1936
f 4306/5487/1937 3842/5488/1937 4152/5003/1937 4779/5002/1937
f 3954/5485/1938 4306/5487/1938 4779/5002/1938 4516/5007/1938
f 4516/5007/1939 4779/5002/1939 4514/5005/1939 4084/5008/1939
f 4511/4997/1940 4083/4996/1940 4513/4999/1940 4780/4998/1940
f 3971/5489/1941 4511/4997/1941 4780/4998/1941 4179/5490/1941
f 4179/5490/1942 4780/4998/1942 4375/5001/1942 3875/5491/1942
f 4122/5492/1943 3914/5493/1943 4512/4995/1943 4781/4994/1943
f 3833/5494/1944 4122/5492/1944 4781/4994/1944 4323/5495/1944
f 4323/5495/1945 4781/4994/1945 4511/4997/1945 3971/5489/1945
f 4266/5496/1946 3858/5486/1946 4232/4991/1946 4782/4990/1946
f 3914/5493/1947 4266/5496/1947 4782/4990/1947 4512/4995/1947
f 4512/4995/1948 4782/4990/1948 4510/4993/1948 4083/4996/1948
f 4507/4985/1949 4082/4984/1949 4509/4987/1949 4783/4986/1949
f 3931/5497/1950 4507/4985/1950 4783/4986/1950 4139/5498/1950
f 4139/5498/1951 4783/4986/1951 4335/4989/1951 3847/5478/1951
f 4375/5001/1952 4023/5000/1952 4508/4983/1952 4784/4982/1952
f 3875/5491/1953 4375/5001/1953 4784/4982/1953 4283/5499/1953
f 4283/5499/1954 4784/4982/1954 4507/4985/1954 3931/5497/1954
f 4231/4589/1955 3905/4588/1955 4233/4979/1955 4785/4978/1955
f 4023/5000/1956 4231/4589/1956 4785/4978/1956 4508/4983/1956
f 4508/4983/1957 4785/4978/1957 4506/4981/1957 4082/4984/1957
f 4503/4973/1958 4081/4972/1958 4505/4975/1958 4786/4974/1958
f 4028/4956/1959 4503/4973/1959 4786/4974/1959 4380/4599/1959
f 4380/4599/1960 4786/4974/1960 4378/4977/1960 3906/4600/1960
f 4174/5500/1961 3966/5501/1961 4504/4971/1961 4787/4970/1961
f 3870/5502/1962 4174/5500/1962 4787/4970/1962 4236/4955/1962
f 4236/4955/1963 4787/4970/1963 4503/4973/1963 4028/4956/1963
f 4318/5503/1964 3837/5465/1964 4132/4967/1964 4788/4966/1964
f 3966/5501/1965 4318/5503/1965 4788/4966/1965 4504/4971/1965
f 4504/4971/1966 4788/4966/1966 4502/4969/1966 4081/4972/1966
f 4499/4961/1967 4080/4960/1967 4501/4963/1967 4789/4962/1967
f 3944/5004/1968 4499/4961/1968 4789/4962/1968 4296/4583/1968
f 4296/4583/1969 4789/4962/1969 4379/4965/1969 3888/4584/1969
f 4134/5504/1970 3926/5505/1970 4500/4959/1970 4790/4958/1970
f 3842/5488/1971 4134/5504/1971 4790/4958/1971 4152/5003/1971
f 4152/5003/1972 4790/4958/1972 4499/4961/1972 3944/5004/1972
f 4278/5506/1973 3870/5502/1973 4236/4955/1973 4791/4954/1973
f 3926/5505/1974 4278/5506/1974 4791/4954/1974 4500/4959/1974
f 4500/4959/1975 4791/4954/1975 4498/4957/1975 4080/4960/1975
f 4495/4949/1976 4079/4948/1976 4497/4951/1976 4792/4950/1976
f 3984/5352/1977 4495/4949/1977 4792/4950/1977 4336/4467/1977
f 4336/4467/1978 4792/4950/1978 4334/4953/1978 3855/4468/1978
f 4379/4965/1979 4027/4964/1979 4496/4947/1979 4793/4946/1979
f 3888/4584/1980 4379/4965/1980 4793/4946/1980 4192/5351/1980
f 4192/5351/1981 4793/4946/1981 4495/4949/1981 3984/5352/1981
f 4235/4601/1982 3906/4600/1982 4237/4943/1982 4794/4942/1982
f 4027/4964/1983 4235/4601/1983 4794/4942/1983 4496/4947/1983
f 4496/4947/1984 4794/4942/1984 4494/4945/1984 4079/4948/1984
f 4491/4937/1985 4078/4936/1985 4493/4939/1985 4795/4938/1985
f 4032/4920/1986 4491/4937/1986 4795/4938/1986 4384/4611/1986
f 4384/4611/1987 4795/4938/1987 4382/4941/1987 3907/4612/1987
f 4291/5397/1988 3939/5396/1988 4492/4935/1988 4796/4934/1988
f 3883/4628/1989 4291/5397/1989 4796/4934/1989 4240/4919/1989
f 4240/4919/1990 4796/4934/1990 4491/4937/1990 4032/4920/1990
f 4147/4457/1991 3854/4456/1991 4149/4931/1991 4797/4930/1991
f 3939/5396/1992 4147/4457/1992 4797/4930/1992 4492/4935/1992
f 4492/4935/1993 4797/4930/1993 4490/4933/1993 4078/4936/1993
f 4487/4925/1994 4077/4924/1994 4489/4927/1994 4798/4926/1994
f 3955/5507/1995 4487/4925/1995 4798/4926/1995 4163/5508/1995
f 4163/5508/1996 4798/4926/1996 4383/4929/1996 3859/5509/1996
f 4331/4881/1997 3979/4880/1997 4488/4923/1997 4799/4922/1997
f 3843/5510/1998 4331/4881/1998 4799/4922/1998 4307/5511/1998
f 4307/5511/1999 4799/4922/1999 4487/4925/1999 3955/5507/1999
f 4187/4629/2000 3883/4628/2000 4240/4919/2000 4800/4918/2000
f 3979/4880/2001 4187/4629/2001 4800/4918/2001 4488/4923/2001
f 4488/4923/2002 4800/4918/2002 4486/4921/2002 4077/4924/2002
f 4483/4913/2003 4076/4912/2003 4485/4915/2003 4801/4914/2003
f 3915/5512/2004 4483/4913/2004 4801/4914/2004 4123/5513/2004
f 4123/5513/2005 4801/4914/2005 4324/4917/2005 3834/5514/2005
f 4383/4929/2006 4031/4928/2006 4484/4911/2006 4802/4910/2006
f 3859/5509/2007 4383/4929/2007 4802/4910/2007 4267/5515/2007
f 4267/5515/2008 4802/4910/2008 4483/4913/2008 3915/5512/2008
f 4239/4613/2009 3907/4612/2009 4241/4907/2009 4803/4906/2009
f 4031/4928/2010 4239/4613/2010 4803/4906/2010 4484/4911/2010
f 4484/4911/2011 4803/4906/2011 4482/4909/2011 4076/4912/2011
f 4479/4901/2012 4075/4900/2012 4481/4903/2012 4804/4902/2012
f 4036/4884/2013 4479/4901/2013 4804/4902/2013 4388/4623/2013
f 4388/4623/2014 4804/4902/2014 4386/4905/2014 3908/4624/2014
f 4287/5349/2015 3935/5348/2015 4480/4899/2015 4805/4898/2015
f 3879/4580/2016 4287/5349/2016 4805/4898/2016 4244/4883/2016
f 4244/4883/2017 4805/4898/2017 4479/4901/2017 4036/4884/2017
f 4143/4473/2018 3851/4472/2018 4148/4895/2018 4806/4894/2018
f 3935/5348/2019 4143/4473/2019 4806/4894/2019 4480/4899/2019
f 4480/4899/2020 4806/4894/2020 4478/4897/2020 4075/4900/2020
f 4475/4889/2021 4074/4888/2021 4477/4891/2021 4807/4890/2021
f 3967/5516/2022 4475/4889/2022 4807/4890/2022 4175/5517/2022
f 4175/5517/2023 4807/4890/2023 4387/4893/2023 3871/5518/2023
f 4327/5025/2024 3975/5024/2024 4476/4887/2024 4808/4886/2024
f 3838/5482/2025 4327/5025/2025 4808/4886/2025 4319/5519/2025
f 4319/5519/2026 4808/4886/2026 4475/4889/2026 3967/5516/2026
f 4183/4581/2027 3879/4580/2027 4244/4883/2027 4809/4882/2027
f 3975/5024/2028 4183/4581/2028 4809/4882/2028 4476/4887/2028
f 4476/4887/2029 4809/4882/2029 4474/4885/2029 4074/4888/2029
f 4471/4877/2030 4073/4876/2030 4473/4879/2030 4810/4878/2030
f 3927/5520/2031 4471/4877/2031 4810/4878/2031 4135/5521/2031
f 4135/5521/2032 4810/4878/2032 4331/4881/2032 3843/5510/2032
f 4387/4893/2033 4035/4892/2033 4472/4875/2033 4811/4874/2033
f 3871/5518/2034 4387/4893/2034 4811/4874/2034 4279/5522/2034
f 4279/5522/2035 4811/4874/2035 4471/4877/2035 3927/5520/2035
f 4243/4625/2036 3908/4624/2036 4245/4871/2036 4812/4870/2036
f 4035/4892/2037 4243/4625/2037 4812/4870/2037 4472/4875/2037
f 4472/4875/2038 4812/4870/2038 4470/4873/2038 4073/4876/2038
f 4467/4865/2039 4072/4864/2039 4469/4867/2039 4813/4866/2039
f 4040/4848/2040 4467/4865/2040 4813/4866/2040 4392/4635/2040
f 4392/4635/2041 4813/4866/2041 4390/4869/2041 3909/4636/2041
f 4275/5433/2042 3923/5432/2042 4468/4863/2042 4814/4862/2042
f 3867/4664/2043 4275/5433/2043 4814/4862/2043 4248/4847/2043
f 4248/4847/2044 4814/4862/2044 4467/4865/2044 4040/4848/2044
f 4131/4445/2045 3841/4444/2045 4133/4859/2045 4815/4858/2045
f 3923/5432/2046 4131/4445/2046 4815/4858/2046 4468/4863/2046
f 4468/4863/2047 4815/4858/2047 4466/4861/2047 4072/4864/2047
f 4463/4853/2048 4071/4852/2048 4465/4855/2048 4816/4854/2048
f 3940/4896/2049 4463/4853/2049 4816/4854/2049 4292/4619/2049
f 4292/4619/2050 4816/4854/2050 4391/4857/2050 3884/4620/2050
f 4315/4773/2051 3963/4772/2051 4464/4851/2051 4817/4850/2051
f 3851/4472/2052 4315/4773/2052 4817/4850/2052 4148/4895/2052
f 4148/4895/2053 4817/4850/2053 4463/4853/2053 3940/4896/2053
f 4171/4665/2054 3867/4664/2054 4248/4847/2054 4818/4846/2054
f 3963/4772/2055 4171/4665/2055 4818/4846/2055 4464/4851/2055
f 4464/4851/2056 4818/4846/2056 4462/4849/2056 4071/4852/2056
f 4459/4841/2057 4070/4840/2057 4461/4843/2057 4819/4842/2057
f 3980/5388/2058 4459/4841/2058 4819/4842/2058 4332/4455/2058
f 4332/4455/2059 4819/4842/2059 4330/4845/2059 3854/4456/2059
f 4391/4857/2060 4039/4856/2060 4460/4839/2060 4820/4838/2060
f 3884/4620/2061 4391/4857/2061 4820/4838/2061 4188/5387/2061
f 4188/5387/2062 4820/4838/2062 4459/4841/2062 3980/5388/2062
f 4247/4637/2063 3909/4636/2063 4249/4835/2063 4821/4834/2063
f 4039/4856/2064 4247/4637/2064 4821/4834/2064 4460/4839/2064
f 4460/4839/2065 4821/4834/2065 4458/4837/2065 4070/4840/2065
f 4455/4829/2066 4069/4828/2066 4457/4831/2066 4822/4830/2066
f 4044/4812/2067 4455/4829/2067 4822/4830/2067 4396/4647/2067
f 4396/4647/2068 4822/4830/2068 4394/4833/2068 3910/4648/2068
f 4290/5409/2069 3938/5408/2069 4456/4827/2069 4823/4826/2069
f 3882/4640/2070 4290/5409/2070 4823/4826/2070 4252/4811/2070
f 4252/4811/2071 4823/4826/2071 4455/4829/2071 4044/4812/2071
f 4146/4453/2072 3853/4452/2072 4145/4823/2072 4824/4822/2072
f 3938/5408/2073 4146/4453/2073 4824/4822/2073 4456/4827/2073
f 4456/4827/2074 4824/4822/2074 4454/4825/2074 4069/4828/2074
f 4451/4817/2075 4068/4816/2075 4453/4819/2075 4825/4818/2075
f 3941/4932/2076 4451/4817/2076 4825/4818/2076 4293/4607/2076
f 4293/4607/2077 4825/4818/2077 4395/4821/2077 3885/4608/2077
f 4330/4845/2078 3978/4844/2078 4452/4815/2078 4826/4814/2078
f 3854/4456/2079 4330/4845/2079 4826/4814/2079 4149/4931/2079
f 4149/4931/2080 4826/4814/2080 4451/4817/2080 3941/4932/2080
f 4186/4641/2081 3882/4640/2081 4252/4811/2081 4827/4810/2081
f 3978/4844/2082 4186/4641/2082 4827/4810/2082 4452/4815/2082
f 4452/4815/2083 4827/4810/2083 4450/4813/2083 4068/4816/2083
f 4447/4805/2084 4067/4804/2084 4449/4807/2084 4828/4806/2084
f 3981/5376/2085 4447/4805/2085 4828/4806/2085 4333/4459/2085
f 4333/4459/2086 4828/4806/2086 4312/4809/2086 3848/4460/2086
f 4395/4821/2087 4043/4820/2087 4448/4803/2087 4829/4802/2087
f 3885/4608/2088 4395/4821/2088 4829/4802/2088 4189/5375/2088
f 4189/5375/2089 4829/4802/2089 4447/4805/2089 3981/5376/2089
f 4251/4649/2090 3910/4648/2090 4253/4799/2090 4830/4798/2090
f 4043/4820/2091 4251/4649/2091 4830/4798/2091 4448/4803/2091
f 4448/4803/2092 4830/4798/2092 4446/4801/2092 4067/4804/2092
f 4443/4793/2093 4066/4792/2093 4445/4795/2093 4831/4794/2093
f 4048/4776/2094 4443/4793/2094 4831/4794/2094 4400/4659/2094
f 4400/4659/2095 4831/4794/2095 4398/4797/2095 3911/4660/2095
f 4294/5373/2096 3942/5372/2096 4444/4791/2096 4832/4790/2096
f 3886/4604/2097 4294/5373/2097 4832/4790/2097 4256/4775/2097
f 4256/4775/2098 4832/4790/2098 4443/4793/2098 4048/4776/2098
f 4150/4465/2099 3852/4464/2099 4144/4787/2099 4833/4786/2099
f 3942/5372/2100 4150/4465/2100 4833/4786/2100 4444/4791/2100
f 4444/4791/2101 4833/4786/2101 4442/4789/2101 4066/4792/2101
f 4439/4781/2102 4065/4780/2102 4441/4783/2102 4834/4782/2102
f 3945/5040/2103 4439/4781/2103 4834/4782/2103 4297/4571/2103
f 4297/4571/2104 4834/4782/2104 4399/4785/2104 3889/4572/2104
f 4334/4953/2105 3982/4952/2105 4440/4779/2105 4835/4778/2105
f 3855/4468/2106 4334/4953/2106 4835/4778/2106 4153/5039/2106
f 4153/5039/2107 4835/4778/2107 4439/4781/2107 3945/5040/2107
f 4190/4605/2108 3886/4604/2108 4256/4775/2108 4836/4774/2108
f 3982/4952/2109 4190/4605/2109 4836/4774/2109 4440/4779/2109
f 4440/4779/2110 4836/4774/2110 4438/4777/2110 4065/4780/2110
f 4435/4769/2111 4064/4768/2111 4437/4771/2111 4837/4770/2111
f 3985/5340/2112 4435/4769/2112 4837/4770/2112 4337/4471/2112
f 4337/4471/2113 4837/4770/2113 4315/4773/2113 3851/4472/2113
f 4399/4785/2114 4047/4784/2114 4436/4767/2114 4838/4766/2114
f 3889/4572/2115 4399/4785/2115 4838/4766/2115 4193/5339/2115
f 4193/5339/2116 4838/4766/2116 4435/4769/2116 3985/5340/2116
f 4255/4661/2117 3911/4660/2117 4257/4763/2117 4839/4762/2117
f 4047/4784/2118 4255/4661/2118 4839/4762/2118 4436/4767/2118
f 4436/4767/2119 4839/4762/2119 4434/4765/2119 4064/4768/2119
f 4431/4757/2120 4063/4756/2120 4433/4759/2120 4840/4758/2120
f 4052/4740/2121 4431/4757/2121 4840/4758/2121 4404/4671/2121
f 4404/4671/2122 4840/4758/2122 4402/4761/2122 3912/4672/2122
f 4298/5337/2123 3946/5336/2123 4432/4755/2123 4841/4754/2123
f 3890/4568/2124 4298/5337/2124 4841/4754/2124 4260/4739/2124
f 4260/4739/2125 4841/4754/2125 4431/4757/2125 4052/4740/2125
f 4154/4477/2126 3845/4476/2126 4137/4751/2126 4842/4750/2126
f 3946/5336/2127 4154/4477/2127 4842/4750/2127 4432/4755/2127
f 4432/4755/2128 4842/4750/2128 4430/4753/2128 4063/4756/2128
f 4427/4745/2129 4062/4744/2129 4429/4747/2129 4843/4746/2129
f 3949/5148/2130 4427/4745/2130 4843/4746/2130 4301/4535/2130
f 4301/4535/2131 4843/4746/2131 4403/4749/2131 3893/4536/2131
f 4338/5061/2132 3986/5060/2132 4428/4743/2132 4844/4742/2132
f 3856/4480/2133 4338/5061/2133 4844/4742/2133 4157/5147/2133
f 4157/5147/2134 4844/4742/2134 4427/4745/2134 3949/5148/2134
f 4194/4569/2135 3890/4568/2135 4260/4739/2135 4845/4738/2135
f 3986/5060/2136 4194/4569/2136 4845/4738/2136 4428/4743/2136
f 4428/4743/2137 4845/4738/2137 4426/4741/2137 4062/4744/2137
f 4423/4733/2138 4061/4732/2138 4425/4735/2138 4846/4734/2138
f 3989/5304/2139 4423/4733/2139 4846/4734/2139 4341/4483/2139
f 4341/4483/2140 4846/4734/2140 4314/4737/2140 3850/4484/2140
f 4403/4749/2141 4051/4748/2141 4424/4731/2141 4847/4730/2141
f 3893/4536/2142 4403/4749/2142 4847/4730/2142 4197/5303/2142
f 4197/5303/2143 4847/4730/2143 4423/4733/2143 3989/5304/2143
f 4259/4673/2144 3912/4672/2144 4261/4727/2144 4848/4726/2144
f 4051/4748/2145 4259/4673/2145 4848/4726/2145 4424/4731/2145
f 4424/4731/2146 4848/4726/2146 4422/4729/2146 4061/4732/2146
f 4419/4721/2147 4060/4720/2147 4421/4723/2147 4849/4722/2147
f 4056/4704/2148 4419/4721/2148 4849/4722/2148 4408/4683/2148
f 4408/4683/2149 4849/4722/2149 4406/4725/2149 3913/4684/2149
f 4302/5301/2150 3950/5300/2150 4420/4719/2150 4850/4718/2150
f 3894/4532/2151 4302/5301/2151 4850/4718/2151 4264/4703/2151
f 4264/4703/2152 4850/4718/2152 4419/4721/2152 4056/4704/2152
f 4158/4489/2153 3849/4488/2153 4141/4715/2153 4851/4714/2153
f 3950/5300/2154 4158/4489/2154 4851/4714/2154 4420/4719/2154
f 4420/4719/2155 4851/4714/2155 4418/4717/2155 4060/4720/2155
f 4415/4709/2156 4059/4708/2156 4417/4711/2156 4852/4710/2156
f 3953/5256/2157 4415/4709/2157 4852/4710/2157 4305/4499/2157
f 4305/4499/2158 4852/4710/2158 4407/4713/2158 3897/4500/2158
f 4342/5169/2159 3990/5168/2159 4416/4707/2159 4853/4706/2159
f 3857/4492/2160 4342/5169/2160 4853/4706/2160 4161/5255/2160
f 4161/5255/2161 4853/4706/2161 4415/4709/2161 3953/5256/2161
f 4198/4533/2162 3894/4532/2162 4264/4703/2162 4854/4702/2162
f 3990/5168/2163 4198/4533/2163 4854/4702/2163 4416/4707/2163
f 4416/4707/2164 4854/4702/2164 4414/4705/2164 4059/4708/2164
f 4411/4697/2165 4058/4696/2165 4413/4699/2165 4855/4698/2165
f 3993/5268/2166 4411/4697/2166 4855/4698/2166 4345/4495/2166
f 4345/4495/2167 4855/4698/2167 4308/4701/2167 3844/4496/2167
f 4407/4713/2168 4055/4712/2168 4412/4695/2168 4856/4694/2168
f 3897/4500/2169 4407/4713/2169 4856/4694/2169 4201/5267/2169
f 4201/5267/2170 4856/4694/2170 4411/4697/2170 3993/5268/2170
f 4263/4685/2171 3913/4684/2171 4265/4691/2171 4857/4690/2171
f 4055/4712/2172 4263/4685/2172 4857/4690/2172 4412/4695/2172
f 4412/4695/2173 4857/4690/2173 4410/4693/2173 4058/4696/2173
f 4410/4693/2174 4057/4692/2174 4409/4687/2174 4858/4686/2174
f 4058/4696/2175 4410/4693/2175 4858/4686/2175 4413/4699/2175
f 4413/4699/2176 4858/4686/2176 4164/4689/2176 3956/4700/2176
f 4414/4705/2177 4056/4704/2177 4408/4683/2177 4859/4682/2177
f 4059/4708/2178 4414/4705/2178 4859/4682/2178 4417/4711/2178
f 4417/4711/2179 4859/4682/2179 4263/4685/2179 4055/4712/2179
f 4418/4717/2180 3933/4716/2180 4285/4679/2180 4860/4678/2180
f 4060/4720/2181 4418/4717/2181 4860/4678/2181 4421/4723/2181
f 4421/4723/2182 4860/4678/2182 4262/4681/2182 4054/4724/2182
f 4422/4729/2183 4053/4728/2183 4405/4675/2183 4861/4674/2183
f 4061/4732/2184 4422/4729/2184 4861/4674/2184 4425/4735/2184
f 4425/4735/2185 4861/4674/2185 4170/4677/2185 3962/4736/2185
f 4426/4741/2186 4052/4740/2186 4404/4671/2186 4862/4670/2186
f 4062/4744/2187 4426/4741/2187 4862/4670/2187 4429/4747/2187
f 4429/4747/2188 4862/4670/2188 4259/4673/2188 4051/4748/2188
f 4430/4753/2189 3929/4752/2189 4281/4667/2189 4863/4666/2189
f 4063/4756/2190 4430/4753/2190 4863/4666/2190 4433/4759/2190
f 4433/4759/2191 4863/4666/2191 4258/4669/2191 4050/4760/2191
f 4434/4765/2192 4049/4764/2192 4401/4663/2192 4864/4662/2192
f 4064/4768/2193 4434/4765/2193 4864/4662/2193 4437/4771/2193
f 4437/4771/2194 4864/4662/2194 4171/4665/2194 3963/4772/2194
f 4438/4777/2195 4048/4776/2195 4400/4659/2195 4865/4658/2195
f 4065/4780/2196 4438/4777/2196 4865/4658/2196 4441/4783/2196
f 4441/4783/2197 4865/4658/2197 4255/4661/2197 4047/4784/2197
f 4442/4789/2198 3936/4788/2198 4288/4655/2198 4866/4654/2198
f 4066/4792/2199 4442/4789/2199 4866/4654/2199 4445/4795/2199
f 4445/4795/2200 4866/4654/2200 4254/4657/2200 4046/4796/2200
f 4446/4801/2201 4045/4800/2201 4397/4651/2201 4867/4650/2201
f 4067/4804/2202 4446/4801/2202 4867/4650/2202 4449/4807/2202
f 4449/4807/2203 4867/4650/2203 4168/4653/2203 3960/4808/2203
f 4450/4813/2204 4044/4812/2204 4396/4647/2204 4868/4646/2204
f 4068/4816/2205 4450/4813/2205 4868/4646/2205 4453/4819/2205
f 4453/4819/2206 4868/4646/2206 4251/4649/2206 4043/4820/2206
f 4454/4825/2207 3937/4824/2207 4289/4643/2207 4869/4642/2207
f 4069/4828/2208 4454/4825/2208 4869/4642/2208 4457/4831/2208
f 4457/4831/2209 4869/4642/2209 4250/4645/2209 4042/4832/2209
f 4458/4837/2210 4041/4836/2210 4393/4639/2210 4870/4638/2210
f 4070/4840/2211 4458/4837/2211 4870/4638/2211 4461/4843/2211
f 4461/4843/2212 4870/4638/2212 4186/4641/2212 3978/4844/2212
f 4462/4849/2213 4040/4848/2213 4392/4635/2213 4871/4634/2213
f 4071/4852/2214 4462/4849/2214 4871/4634/2214 4465/4855/2214
f 4465/4855/2215 4871/4634/2215 4247/4637/2215 4039/4856/2215
f 4466/4861/2216 3925/4860/2216 4277/4631/2216 4872/4630/2216
f 4072/4864/2217 4466/4861/2217 4872/4630/2217 4469/4867/2217
f 4469/4867/2218 4872/4630/2218 4246/4633/2218 4038/4868/2218
f 4470/4873/2219 4037/4872/2219 4389/4627/2219 4873/4626/2219
f 4073/4876/2220 4470/4873/2220 4873/4626/2220 4473/4879/2220
f 4473/4879/2221 4873/4626/2221 4187/4629/2221 3979/4880/2221
f 4474/4885/2222 4036/4884/2222 4388/4623/2222 4874/4622/2222
f 4074/4888/2223 4474/4885/2223 4874/4622/2223 4477/4891/2223
f 4477/4891/2224 4874/4622/2224 4243/4625/2224 4035/4892/2224
f 4478/4897/2225 3940/4896/2225 4292/4619/2225 4875/4618/2225
f 4075/4900/2226 4478/4897/2226 4875/4618/2226 4481/4903/2226
f 4481/4903/2227 4875/4618/2227 4242/4621/2227 4034/4904/2227
f 4482/4909/2228 4033/4908/2228 4385/4615/2228 4876/4614/2228
f 4076/4912/2229 4482/4909/2229 4876/4614/2229 4485/4915/2229
f 4485/4915/2230 4876/4614/2230 4180/4617/2230 3972/4916/2230
f 4486/4921/2231 4032/4920/2231 4384/4611/2231 4877/4610/2231
f 4077/4924/2232 4486/4921/2232 4877/4610/2232 4489/4927/2232
f 4489/4927/2233 4877/4610/2233 4239/4613/2233 4031/4928/2233
f 4490/4933/2234 3941/4932/2234 4293/4607/2234 4878/4606/2234
f 4078/4936/2235 4490/4933/2235 4878/4606/2235 4493/4939/2235
f 4493/4939/2236 4878/4606/2236 4238/4609/2236 4030/4940/2236
f 4494/4945/2237 4029/4944/2237 4381/4603/2237 4879/4602/2237
f 4079/4948/2238 4494/4945/2238 4879/4602/2238 4497/4951/2238
f 4497/4951/2239 4879/4602/2239 4190/4605/2239 3982/4952/2239
f 4498/4957/2240 4028/4956/2240 4380/4599/2240 4880/4598/2240
f 4080/4960/2241 4498/4957/2241 4880/4598/2241 4501/4963/2241
f 4501/4963/2242 4880/4598/2242 4235/4601/2242 4027/4964/2242
f 4502/4969/2243 3924/4968/2243 4276/4595/2243 4881/4594/2243
f 4081/4972/2244 4502/4969/2244 4881/4594/2244 4505/4975/2244
f 4505/4975/2245 4881/4594/2245 4234/4597/2245 4026/4976/2245
f 4506/4981/2246 4025/4980/2246 4377/4591/2246 4882/4590/2246
f 4082/4984/2247 4506/4981/2247 4882/4590/2247 4509/4987/2247
f 4509/4987/2248 4882/4590/2248 4191/4593/2248 3983/4988/2248
f 4510/4993/2249 4024/4992/2249 4376/4587/2249 4883/4586/2249
f 4083/4996/2250 4510/4993/2250 4883/4586/2250 4513/4999/2250
f 4513/4999/2251 4883/4586/2251 4231/4589/2251 4023/5000/2251
f 4514/5005/2252 3944/5004/2252 4296/4583/2252 4884/4582/2252
f 4084/5008/2253 4514/5005/2253 4884/4582/2253 4517/5011/2253
f 4517/5011/2254 4884/4582/2254 4230/4585/2254 4022/5012/2254
f 4518/5017/2255 4021/5016/2255 4373/4579/2255 4885/4578/2255
f 4085/5020/2256 4518/5017/2256 4885/4578/2256 4521/5023/2256
f 4521/5023/2257 4885/4578/2257 4183/4581/2257 3975/5024/2257
f 4522/5029/2258 4020/5028/2258 4372/4575/2258 4886/4574/2258
f 4086/5032/2259 4522/5029/2259 4886/4574/2259 4525/5035/2259
f 4525/5035/2260 4886/4574/2260 4227/4577/2260 4019/5036/2260
f 4526/5041/2261 3945/5040/2261 4297/4571/2261 4887/4570/2261
f 4087/5044/2262 4526/5041/2262 4887/4570/2262 4529/5047/2262
f 4529/5047/2263 4887/4570/2263 4226/4573/2263 4018/5048/2263
f 4530/5053/2264 4017/5052/2264 4369/4567/2264 4888/4566/2264
f 4088/5056/2265 4530/5053/2265 4888/4566/2265 4533/5059/2265
f 4533/5059/2266 4888/4566/2266 4194/4569/2266 3986/5060/2266
f 4534/5065/2267 4016/5064/2267 4368/4563/2267 4889/4562/2267
f 4089/5068/2268 4534/5065/2268 4889/4562/2268 4537/5071/2268
f 4537/5071/2269 4889/4562/2269 4223/4565/2269 4015/5072/2269
f 4538/5077/2270 3917/5076/2270 4269/4559/2270 4890/4558/2270
f 4090/5080/2271 4538/5077/2271 4890/4558/2271 4541/5083/2271
f 4541/5083/2272 4890/4558/2272 4222/4561/2272 4014/5084/2272
f 4542/5089/2273 4013/5088/2273 4365/4555/2273 4891/4554/2273
f 4091/5092/2274 4542/5089/2274 4891/4554/2274 4545/5095/2274
f 4545/5095/2275 4891/4554/2275 4195/4557/2275 3987/5096/2275
f 4546/5101/2276 4012/5100/2276 4364/4551/2276 4892/4550/2276
f 4092/5104/2277 4546/5101/2277 4892/4550/2277 4549/5107/2277
f 4549/5107/2278 4892/4550/2278 4219/4553/2278 4011/5108/2278
f 4550/5113/2279 3948/5112/2279 4300/4547/2279 4893/4546/2279
f 4093/5116/2280 4550/5113/2280 4893/4546/2280 4553/5119/2280
f 4553/5119/2281 4893/4546/2281 4218/4549/2281 4010/5120/2281
f 4554/5125/2282 4009/5124/2282 4361/4543/2282 4894/4542/2282
f 4094/5128/2283 4554/5125/2283 4894/4542/2283 4557/5131/2283
f 4557/5131/2284 4894/4542/2284 4182/4545/2284 3974/5132/2284
f 4558/5137/2285 4008/5136/2285 4360/4539/2285 4895/4538/2285
f 4095/5140/2286 4558/5137/2286 4895/4538/2286 4561/5143/2286
f 4561/5143/2287 4895/4538/2287 4215/4541/2287 4007/5144/2287
f 4562/5149/2288 3949/5148/2288 4301/4535/2288 4896/4534/2288
f 4096/5152/2289 4562/5149/2289 4896/4534/2289 4565/5155/2289
f 4565/5155/2290 4896/4534/2290 4214/4537/2290 4006/5156/2290
f 4566/5161/2291 4005/5160/2291 4357/4531/2291 4897/4530/2291
f 4097/5164/2292 4566/5161/2292 4897/4530/2292 4569/5167/2292
f 4569/5167/2293 4897/4530/2293 4198/4533/2293 3990/5168/2293
f 4570/5173/2294 4004/5172/2294 4356/4527/2294 4898/4526/2294
f 4098/5176/2295 4570/5173/2295 4898/4526/2295 4573/5179/2295
f 4573/5179/2296 4898/4526/2296 4211/4529/2296 4003/5180/2296
f 4574/5185/2297 3921/5184/2297 4273/4523/2297 4899/4522/2297
f 4099/5188/2298 4574/5185/2298 4899/4522/2298 4577/5191/2298
f 4577/5191/2299 4899/4522/2299 4210/4525/2299 4002/5192/2299
f 4578/5197/2300 4001/5196/2300 4353/4519/2300 4900/4518/2300
f 4100/5200/2301 4578/5197/2301 4900/4518/2301 4581/5203/2301
f 4581/5203/2302 4900/4518/2302 4199/4521/2302 3991/5204/2302
f 4582/5209/2303 4000/5208/2303 4352/4515/2303 4901/4514/2303
f 4101/5212/2304 4582/5209/2304 4901/4514/2304 4585/5215/2304
f 4585/5215/2305 4901/4514/2305 4207/4517/2305 3999/5216/2305
f 4586/5221/2306 3952/5220/2306 4304/4511/2306 4902/4510/2306
f 4102/5224/2307 4586/5221/2307 4902/4510/2307 4589/5227/2307
f 4589/5227/2308 4902/4510/2308 4206/4513/2308 3998/5228/2308
f 4590/5233/2309 3997/5232/2309 4349/4507/2309 4903/4506/2309
f 4103/5236/2310 4590/5233/2310 4903/4506/2310 4593/5239/2310
f 4593/5239/2311 4903/4506/2311 4176/4509/2311 3968/5240/2311
f 4594/5245/2312 3996/5244/2312 4348/4503/2312 4904/4502/2312
f 4104/5248/2313 4594/5245/2313 4904/4502/2313 4597/5251/2313
f 4597/5251/2314 4904/4502/2314 4203/4505/2314 3995/5252/2314
f 4598/5257/2315 3953/5256/2315 4305/4499/2315 4905/4498/2315
f 4105/5260/2316 4598/5257/2316 4905/4498/2316 4601/5263/2316
f 4601/5263/2317 4905/4498/2317 4202/4501/2317 3994/5264/2317
f 4602/5269/2318 3993/5268/2318 4345/4495/2318 4906/4494/2318
f 4106/5272/2319 4602/5269/2319 4906/4494/2319 4605/5275/2319
f 4605/5275/2320 4906/4494/2320 4136/4497/2320 3928/5276/2320
f 4606/5281/2321 3992/5280/2321 4344/4491/2321 4907/4490/2321
f 4107/5284/2322 4606/5281/2322 4907/4490/2322 4609/5287/2322
f 4609/5287/2323 4907/4490/2323 4159/4493/2323 3951/5288/2323
f 4610/5293/2324 3961/5292/2324 4313/4487/2324 4908/4486/2324
f 4108/5296/2325 4610/5293/2325 4908/4486/2325 4613/5299/2325
f 4613/5299/2326 4908/4486/2326 4158/4489/2326 3950/5300/2326
f 4614/5305/2327 3989/5304/2327 4341/4483/2327 4909/4482/2327
f 4109/5308/2328 4614/5305/2328 4909/4482/2328 4617/5311/2328
f 4617/5311/2329 4909/4482/2329 4142/4485/2329 3934/5312/2329
f 4618/5317/2330 3988/5316/2330 4340/4479/2330 4910/4478/2330
f 4110/5320/2331 4618/5317/2331 4910/4478/2331 4621/5323/2331
f 4621/5323/2332 4910/4478/2332 4155/4481/2332 3947/5324/2332
f 4622/5329/2333 3957/5328/2333 4309/4475/2333 4911/4474/2333
f 4111/5332/2334 4622/5329/2334 4911/4474/2334 4625/5335/2334
f 4625/5335/2335 4911/4474/2335 4154/4477/2335 3946/5336/2335
f 4626/5341/2336 3985/5340/2336 4337/4471/2336 4912/4470/2336
f 4112/5344/2337 4626/5341/2337 4912/4470/2337 4629/5347/2337
f 4629/5347/2338 4912/4470/2338 4143/4473/2338 3935/5348/2338
f 4630/5353/2339 3984/5352/2339 4336/4467/2339 4913/4466/2339
f 4113/5356/2340 4630/5353/2340 4913/4466/2340 4633/5359/2340
f 4633/5359/2341 4913/4466/2341 4151/4469/2341 3943/5360/2341
f 4634/5365/2342 3964/5364/2342 4316/4463/2342 4914/4462/2342
f 4114/5368/2343 4634/5365/2343 4914/4462/2343 4637/5371/2343
f 4637/5371/2344 4914/4462/2344 4150/4465/2344 3942/5372/2344
f 4638/5377/2345 3981/5376/2345 4333/4459/2345 4915/4458/2345
f 4115/5380/2346 4638/5377/2346 4915/4458/2346 4641/5383/2346
f 4641/5383/2347 4915/4458/2347 4140/4461/2347 3932/5384/2347
f 4642/5389/2348 3980/5388/2348 4332/4455/2348 4916/4454/2348
f 4116/5392/2349 4642/5389/2349 4916/4454/2349 4645/5395/2349
f 4645/5395/2350 4916/4454/2350 4147/4457/2350 3939/5396/2350
f 4646/5401/2351 3965/5400/2351 4317/4451/2351 4917/4450/2351
f 4117/5404/2352 4646/5401/2352 4917/4450/2352 4649/5407/2352
f 4649/5407/2353 4917/4450/2353 4146/4453/2353 3938/5408/2353
f 4650/5413/2354 3977/5412/2354 4329/4447/2354 4918/4446/2354
f 4118/5416/2355 4650/5413/2355 4918/4446/2355 4653/5419/2355
f 4653/5419/2356 4918/4446/2356 4128/4449/2356 3920/5420/2356
f 4654/5425/2357 3976/5424/2357 4328/4443/2357 4919/4442/2357
f 4119/5428/2358 4654/5425/2358 4919/4442/2358 4657/5431/2358
f 4657/5431/2359 4919/4442/2359 4131/4445/2359 3923/5432/2359
f 4658/5437/2360 3969/5436/2360 4321/4439/2360 4920/4438/2360
f 4120/5440/2361 4658/5437/2361 4920/4438/2361 4661/5443/2361
f 4661/5443/2362 4920/4438/2362 4130/4441/2362 3922/5444/2362
f 4662/5449/2363 3973/5448/2363 4325/4435/2363 4921/4434/2363
f 4121/5452/2364 4662/5449/2364 4921/4434/2364 4665/5455/2364
f 4665/5455/2365 4921/4434/2365 4124/4437/2365 3916/5456/2365
