# MagicaVoxel @ Ephtracy

# group
o 

# material
mtllib ship-0.mtl
usemtl palette

# normals
vn -1 0 0
vn 1 0 0
vn 0 0 1
vn 0 0 -1
vn 0 -1 0
vn 0 1 0

# texcoords
vt 0.130859 0.5
vt 0.134766 0.5
vt 0.138672 0.5
vt 0.142578 0.5
vt 0.146484 0.5

# verts
v -5 -0.3 5
v -5 -0.3 -5
v -5 0.7 -1.7
v -5 0.7 -1.8
v -5 0.7 -3.2
v -5 0.7 -3.3
v -5 0.7 -4.2
v -5 0.7 -4.4
v -5 0.7 -5
v -5 0.8 4.8
v -5 0.8 3.9
v -5 0.8 2.8
v -5 0.8 1.2
v -5 0.8 0.7
v -5 0.8 -0.4
v -5 0.8 -1.2
v -5 0.8 -1.7
v -5 0.8 -1.8
v -5 0.8 -2
v -5 0.8 -3.2
v -5 0.8 -3.3
v -5 0.8 -3.4
v -5 0.8 -4.2
v -5 0.8 -4.4
v -5 0.9 5
v -5 0.9 4.8
v -5 0.9 3.9
v -5 0.9 2.8
v -5 0.9 1.2
v -5 0.9 0.7
v -5 0.9 -0.4
v -5 0.9 -1.2
v -5 0.9 -2
v -5 0.9 -3.2
v -5 0.9 -3.4
v -5 0.9 -4.2
v -5 1 5
v -5 1 4.8
v -5 1 3.9
v -5 1 2.8
v -5 1 1.2
v -5 1 0.7
v -4.9 0.7 -1.7
v -4.9 0.7 -1.8
v -4.9 0.7 -3.2
v -4.9 0.7 -3.3
v -4.9 0.8 -1.7
v -4.9 0.8 -1.8
v -4.9 0.8 -3.2
v -4.9 0.8 -3.3
v -4.9 0.8 -3.4
v -4.9 0.8 -4.2
v -4.9 0.8 -4.3
v -4.9 0.9 -3.2
v -4.9 0.9 -3.4
v -4.9 0.9 -4.2
v -4.9 0.9 -4.3
v -4.8 0.7 -4.8
v -4.8 0.7 -5
v -4.8 0.8 0.7
v -4.8 0.8 0.6
v -4.8 0.8 -1.9
v -4.8 0.8 -2
v -4.8 0.8 -4.3
v -4.8 0.8 -4.4
v -4.8 0.8 -4.8
v -4.8 0.8 -5
v -4.8 0.9 0.7
v -4.8 0.9 0.6
v -4.8 0.9 -1.9
v -4.8 0.9 -2
v -4.8 0.9 -4.3
v -4.8 0.9 -4.4
v -4.7 0.8 0.6
v -4.7 0.8 0.5
v -4.7 0.8 -1.8
v -4.7 0.8 -1.9
v -4.7 0.8 -4.8
v -4.7 0.8 -5
v -4.7 0.9 0.6
v -4.7 0.9 0.5
v -4.7 0.9 -1.8
v -4.7 0.9 -1.9
v -4.7 0.9 -4.8
v -4.7 0.9 -5
v -4.6 0.8 0.5
v -4.6 0.8 0.4
v -4.6 0.8 -1.5
v -4.6 0.8 -1.8
v -4.6 0.9 0.5
v -4.6 0.9 0.4
v -4.6 0.9 -1.5
v -4.6 0.9 -1.8
v -4.6 0.9 -2.3
v -4.6 1 -1.8
v -4.6 1 -2.3
v -4.5 0.7 -4.4
v -4.5 0.7 -4.8
v -4.5 0.8 -4.4
v -4.5 0.8 -4.6
v -4.5 0.8 -4.8
v -4.5 0.9 -1.7
v -4.5 0.9 -1.8
v -4.5 0.9 -2.3
v -4.5 0.9 -2.5
v -4.5 0.9 -4.4
v -4.5 0.9 -4.6
v -4.5 1 -1.7
v -4.5 1 -1.8
v -4.5 1 -2.3
v -4.5 1 -2.5
v -4.4 0.8 -1.1
v -4.4 0.8 -1.5
v -4.4 0.8 -4.6
v -4.4 0.8 -4.7
v -4.4 0.9 -1.1
v -4.4 0.9 -1.5
v -4.4 0.9 -2.5
v -4.4 0.9 -2.6
v -4.4 0.9 -4.6
v -4.4 0.9 -4.7
v -4.4 1 -2.5
v -4.4 1 -2.6
v -4.3 0.8 0.4
v -4.3 0.8 -0.2
v -4.3 0.8 -0.9
v -4.3 0.8 -1.1
v -4.3 0.8 -4.7
v -4.3 0.8 -4.8
v -4.3 0.9 0.4
v -4.3 0.9 -0.2
v -4.3 0.9 -0.9
v -4.3 0.9 -1.1
v -4.3 0.9 -4.7
v -4.3 0.9 -4.8
v -4.2 0.8 -0.2
v -4.2 0.8 -0.3
v -4.2 0.8 -0.8
v -4.2 0.8 -0.9
v -4.2 0.8 -2.9
v -4.2 0.8 -3.1
v -4.2 0.9 -0.2
v -4.2 0.9 -0.3
v -4.2 0.9 -0.8
v -4.2 0.9 -0.9
v -4.2 0.9 -2.9
v -4.2 0.9 -3.1
v -4.1 0.8 -3.1
v -4.1 0.8 -3.2
v -4.1 0.9 -3.1
v -4.1 0.9 -3.2
v -4 0.8 -3.2
v -4 0.8 -3.4
v -4 0.9 -3.2
v -4 0.9 -3.4
v -3.9 0.8 -0.3
v -3.9 0.8 -0.5
v -3.9 0.8 -3.4
v -3.9 0.8 -3.5
v -3.9 0.8 -3.8
v -3.9 0.8 -4
v -3.9 0.9 -0.3
v -3.9 0.9 -0.5
v -3.9 0.9 -3.4
v -3.9 0.9 -3.5
v -3.9 0.9 -3.8
v -3.9 0.9 -4
v -3.8 0.8 -0.5
v -3.8 0.8 -0.8
v -3.8 0.8 -3.5
v -3.8 0.8 -3.8
v -3.8 0.9 -0.5
v -3.8 0.9 -0.8
v -3.8 0.9 -3.5
v -3.8 0.9 -3.8
v -3.8 0.9 -4.6
v -3.8 0.9 -4.8
v -3.8 1 -4.6
v -3.8 1 -4.8
v -3.7 0.9 -4.8
v -3.7 0.9 -4.9
v -3.7 1 -4.8
v -3.7 1 -4.9
v -3.6 0.8 -1.2
v -3.6 0.8 -1.3
v -3.6 0.9 -1.2
v -3.6 0.9 -1.3
v -3.6 0.9 -3.9
v -3.6 0.9 -4.1
v -3.6 1 -3.9
v -3.6 1 -4.1
v -3.5 0.8 -1.3
v -3.5 0.8 -1.4
v -3.5 0.9 -1.3
v -3.5 0.9 -1.4
v -3.5 0.9 -3.8
v -3.5 0.9 -3.9
v -3.5 1 -3.8
v -3.5 1 -3.9
v -3.4 0.8 -1.4
v -3.4 0.8 -1.5
v -3.4 0.9 -1.4
v -3.4 0.9 -1.5
v -3.1 0.8 -1.5
v -3.1 0.8 -3.1
v -3.1 0.9 -1.5
v -3.1 0.9 -3.1
v -3 0.8 -3.1
v -3 0.8 -3.2
v -3 0.9 -3.1
v -3 0.9 -3.2
v -2.9 0.8 -3.2
v -2.9 0.8 -3.3
v -2.9 0.9 -3.2
v -2.9 0.9 -3.3
v -2.8 0.9 -3.8
v -2.8 0.9 -4
v -2.8 1 -3.8
v -2.8 1 -4
v -2.7 0.9 4.4
v -2.7 0.9 4.3
v -2.7 1 4.4
v -2.7 1 4.3
v -2.6 0.9 4.3
v -2.6 0.9 4
v -2.6 1 4.3
v -2.6 1 4
v -2.5 0.8 0.6
v -2.5 0.8 0.5
v -2.5 0.9 4
v -2.5 0.9 3.9
v -2.5 0.9 0.6
v -2.5 0.9 0.5
v -2.5 0.9 -4.9
v -2.5 0.9 -5
v -2.5 1 4
v -2.5 1 3.9
v -2.5 1 -4.9
v -2.5 1 -5
v -2.4 0.8 0.5
v -2.4 0.8 -0.5
v -2.4 0.8 -3.3
v -2.4 0.8 -3.4
v -2.4 0.9 3.9
v -2.4 0.9 3.8
v -2.4 0.9 2.2
v -2.4 0.9 2.1
v -2.4 0.9 0.5
v -2.4 0.9 -0.5
v -2.4 0.9 -3.3
v -2.4 0.9 -3.4
v -2.4 1 3.9
v -2.4 1 3.8
v -2.4 1 2.2
v -2.4 1 2.1
v -2.3 0.8 -3.4
v -2.3 0.8 -3.6
v -2.3 0.9 3.8
v -2.3 0.9 3.7
v -2.3 0.9 2.3
v -2.3 0.9 2.2
v -2.3 0.9 2.1
v -2.3 0.9 2
v -2.3 0.9 -3.4
v -2.3 0.9 -3.6
v -2.3 1 3.8
v -2.3 1 3.7
v -2.3 1 2.3
v -2.3 1 2.2
v -2.3 1 2.1
v -2.3 1 2
v -2.2 0.5 -3.8
v -2.2 0.5 -3.9
v -2.2 0.6 -3.8
v -2.2 0.6 -3.9
v -2.2 0.6 -4
v -2.2 0.7 -0.9
v -2.2 0.7 -1
v -2.2 0.7 -3.6
v -2.2 0.7 -3.7
v -2.2 0.7 -4
v -2.2 0.7 -4.1
v -2.2 0.8 -0.9
v -2.2 0.8 -1
v -2.2 0.8 -3.6
v -2.2 0.8 -3.7
v -2.2 0.8 -3.9
v -2.2 0.8 -4
v -2.2 0.8 -4.1
v -2.2 0.9 3.7
v -2.2 0.9 3.6
v -2.2 0.9 2.5
v -2.2 0.9 2.3
v -2.2 0.9 -4
v -2.2 0.9 -4.1
v -2.2 1 3.7
v -2.2 1 3.6
v -2.2 1 2.5
v -2.2 1 2.3
v -2.1 0.7 -3.7
v -2.1 0.7 -3.8
v -2.1 0.8 -3.7
v -2.1 0.8 -3.8
v -2.1 0.9 3.6
v -2.1 0.9 3.3
v -2.1 0.9 2.8
v -2.1 0.9 2.5
v -2.1 1 3.6
v -2.1 1 3.3
v -2.1 1 2.8
v -2.1 1 2.5
v -2 0.6 -3.8
v -2 0.6 -3.9
v -2 0.7 -3.8
v -2 0.7 -3.9
v -2 0.9 3.3
v -2 0.9 2.8
v -2 1 3.3
v -2 1 2.8
v -1.9 0.7 -3.8
v -1.9 0.7 -3.9
v -1.9 0.8 1.3
v -1.9 0.8 0.9
v -1.9 0.8 -0.5
v -1.9 0.8 -0.9
v -1.9 0.8 -3.8
v -1.9 0.8 -3.9
v -1.9 0.9 1.3
v -1.9 0.9 0.9
v -1.9 0.9 -0.5
v -1.9 0.9 -0.9
v -1.8 0.8 -1.7
v -1.8 0.8 -2.8
v -1.8 0.9 -1.7
v -1.8 0.9 -2.8
v -1.7 0.7 -1
v -1.7 0.7 -1.1
v -1.7 0.8 -1
v -1.7 0.8 -1.1
v -1.7 0.8 -3.6
v -1.7 0.8 -3.7
v -1.7 0.8 -4
v -1.7 0.8 -4.1
v -1.7 0.9 0.4
v -1.7 0.9 -0.2
v -1.7 0.9 -0.3
v -1.7 0.9 -0.4
v -1.7 0.9 -3.6
v -1.7 0.9 -3.7
v -1.7 0.9 -4
v -1.7 0.9 -4.1
v -1.7 1 0.4
v -1.7 1 -0.2
v -1.7 1 -0.3
v -1.7 1 -0.4
v -1.6 0.7 -1.1
v -1.6 0.7 -1.2
v -1.6 0.8 -0.9
v -1.6 0.8 -1.1
v -1.6 0.8 -1.2
v -1.6 0.8 -3.7
v -1.6 0.8 -3.9
v -1.6 0.9 -0.2
v -1.6 0.9 -0.3
v -1.6 0.9 -0.4
v -1.6 0.9 -0.5
v -1.6 0.9 -0.9
v -1.6 0.9 -1.1
v -1.6 0.9 -3.7
v -1.6 0.9 -3.9
v -1.6 1 -0.2
v -1.6 1 -0.3
v -1.6 1 -0.4
v -1.6 1 -0.5
v -1.5 0.9 0.5
v -1.5 0.9 0.4
v -1.5 0.9 -0.5
v -1.5 0.9 -0.7
v -1.5 1 0.5
v -1.5 1 0.4
v -1.5 1 -0.5
v -1.5 1 -0.7
v -1.3 0.7 -4.1
v -1.3 0.7 -4.4
v -1.3 0.7 -4.5
v -1.3 0.7 -4.9
v -1.3 0.8 -4.1
v -1.3 0.8 -4.4
v -1.3 0.8 -4.5
v -1.3 0.8 -4.9
v -1.3 0.9 0.7
v -1.3 0.9 0.5
v -1.3 0.9 -0.7
v -1.3 0.9 -0.8
v -1.3 1 0.7
v -1.3 1 0.5
v -1.3 1 -0.7
v -1.3 1 -0.8
v -1.2 0.8 -4.1
v -1.2 0.8 -4.9
v -1.2 0.8 -5
v -1.2 0.9 -4.1
v -1.2 0.9 -5
v -1.2 1 -0.6
v -1.2 1 -0.7
v -1.2 1.1 -0.6
v -1.2 1.1 -0.7
v -1.1 0.7 -1.2
v -1.1 0.7 -1.9
v -1.1 0.8 -1.2
v -1.1 0.8 -1.9
v -1.1 0.8 -3.2
v -1.1 0.8 -3.3
v -1.1 0.8 -3.8
v -1.1 0.8 -3.9
v -1.1 0.9 0.8
v -1.1 0.9 0.7
v -1.1 0.9 -0.8
v -1.1 0.9 -0.9
v -1.1 0.9 -3.2
v -1.1 0.9 -3.3
v -1.1 0.9 -3.8
v -1.1 0.9 -3.9
v -1.1 0.9 -4.9
v -1.1 0.9 -5
v -1.1 1 0.8
v -1.1 1 0.7
v -1.1 1 -0.8
v -1.1 1 -0.9
v -1.1 1 -4.9
v -1.1 1 -5
v -0.9 0.7 -3.7
v -0.9 0.7 -3.8
v -0.9 0.7 -4.1
v -0.9 0.7 -4.2
v -0.9 0.8 -3.7
v -0.9 0.8 -3.8
v -0.9 0.8 -4.1
v -0.9 0.8 -4.2
v -0.9 0.9 1
v -0.9 0.9 0.8
v -0.9 0.9 -0.9
v -0.9 0.9 -1
v -0.9 1 1
v -0.9 1 0.8
v -0.9 1 -0.9
v -0.9 1 -1
v -0.8 0.7 -3.8
v -0.8 0.7 -4.1
v -0.8 0.8 -3.8
v -0.8 0.8 -3.9
v -0.8 0.8 -4.1
v -0.8 1 -0.8
v -0.8 1 -0.9
v -0.8 1.1 -0.8
v -0.8 1.1 -0.9
v -0.7 0.8 5
v -0.7 0.8 4.8
v -0.7 0.8 -3.9
v -0.7 0.8 -4.1
v -0.7 0.9 5
v -0.7 0.9 4.8
v -0.7 0.9 -3.9
v -0.7 0.9 -4.1
v -0.6 0.7 -4.9
v -0.6 0.7 -5
v -0.6 0.8 -3
v -0.6 0.8 -3.2
v -0.6 0.8 -4.9
v -0.6 0.8 -5
v -0.6 0.9 3.2
v -0.6 0.9 3.1
v -0.6 0.9 -1
v -0.6 0.9 -1.1
v -0.6 0.9 -3
v -0.6 0.9 -3.2
v -0.6 1 3.2
v -0.6 1 3.1
v -0.6 1 -1
v -0.6 1 -1.1
v -0.5 0.8 3.4
v -0.5 0.8 3.3
v -0.5 0.8 -2.9
v -0.5 0.8 -3
v -0.5 0.8 -4.9
v -0.5 0.8 -5
v -0.5 0.9 3.4
v -0.5 0.9 3.3
v -0.5 0.9 3.2
v -0.5 0.9 3.1
v -0.5 0.9 3
v -0.5 0.9 1.1
v -0.5 0.9 1
v -0.5 0.9 -2.9
v -0.5 0.9 -3
v -0.5 0.9 -4.9
v -0.5 0.9 -5
v -0.5 1 3.3
v -0.5 1 3.2
v -0.5 1 3.1
v -0.5 1 3
v -0.5 1 1.1
v -0.5 1 1
v -0.4 0.9 3
v -0.4 0.9 2.9
v -0.4 0.9 -4.9
v -0.4 0.9 -5
v -0.4 1 3
v -0.4 1 2.9
v -0.4 1 -4.9
v -0.4 1 -5
v -0.3 0.9 2.9
v -0.3 0.9 2.8
v -0.3 1 2.9
v -0.3 1 2.8
v -0.2 0.8 1.8
v -0.2 0.8 1.7
v -0.2 0.9 2.8
v -0.2 0.9 2.7
v -0.2 0.9 1.8
v -0.2 0.9 1.7
v -0.2 1 2.8
v -0.2 1 2.7
v -0.0999999 0.8 1.7
v -0.0999999 0.8 1.6
v -0.0999999 0.8 -4.1
v -0.0999999 0.8 -4.2
v -0.0999999 0.9 2.7
v -0.0999999 0.9 2.6
v -0.0999999 0.9 1.7
v -0.0999999 0.9 1.6
v -0.0999999 0.9 1.2
v -0.0999999 0.9 1.1
v -0.0999999 0.9 -4.1
v -0.0999999 0.9 -4.2
v -0.0999999 1 2.7
v -0.0999999 1 2.6
v -0.0999999 1 1.2
v -0.0999999 1 1.1
v -0.0999999 1 1
v -0.0999999 1 0.9
v -0.0999999 1.1 1
v -0.0999999 1.1 0.9
v 0 0.7 -2.8
v 0 0.7 -2.9
v 0 0.8 4.8
v 0 0.8 4.5
v 0 0.8 -2
v 0 0.8 -2.8
v 0 0.8 -2.9
v 0 0.9 4.8
v 0 0.9 4.5
v 0 0.9 2.6
v 0 0.9 2.4
v 0 0.9 -2
v 0 0.9 -2.9
v 0 1 2.6
v 0 1 2.4
v 0.1 0.8 4.5
v 0.1 0.8 4.4
v 0.1 0.8 -1.1
v 0.1 0.8 -1.3
v 0.1 0.9 4.5
v 0.1 0.9 4.4
v 0.1 0.9 2.4
v 0.1 0.9 2.2
v 0.1 0.9 0.9
v 0.1 0.9 0.8
v 0.1 0.9 -1.1
v 0.1 0.9 -1.3
v 0.1 0.9 -2.3
v 0.1 0.9 -2.4
v 0.1 1 2.4
v 0.1 1 2.2
v 0.1 1 0.9
v 0.1 1 0.8
v 0.1 1 -2.3
v 0.1 1 -2.4
v 0.2 0.6 3.2
v 0.2 0.6 3.1
v 0.2 0.7 3.2
v 0.2 0.7 3.1
v 0.2 0.8 4.4
v 0.2 0.8 4.3
v 0.2 0.8 3.2
v 0.2 0.8 3.1
v 0.2 0.8 -3.7
v 0.2 0.8 -3.8
v 0.2 0.8 -4.1
v 0.2 0.8 -4.2
v 0.2 0.9 4.4
v 0.2 0.9 4.3
v 0.2 0.9 2.2
v 0.2 0.9 1.8
v 0.2 0.9 -2.4
v 0.2 0.9 -2.5
v 0.2 0.9 -3.7
v 0.2 0.9 -3.8
v 0.2 0.9 -4.1
v 0.2 0.9 -4.2
v 0.2 1 2.2
v 0.2 1 1.8
v 0.2 1 -2.4
v 0.2 1 -2.5
v 0.3 0.5 3.2
v 0.3 0.5 3.1
v 0.3 0.6 3.2
v 0.3 0.6 3.1
v 0.3 0.7 3.6
v 0.3 0.7 3.5
v 0.3 0.8 3.6
v 0.3 0.8 3.5
v 0.3 0.8 -3.8
v 0.3 0.8 -4.1
v 0.3 0.9 1.8
v 0.3 0.9 1.7
v 0.3 0.9 -2.2
v 0.3 0.9 -2.3
v 0.3 0.9 -3.8
v 0.3 0.9 -4.1
v 0.3 0.9 -4.9
v 0.3 0.9 -5
v 0.3 1 1.8
v 0.3 1 1.7
v 0.3 1 -2.2
v 0.3 1 -2.3
v 0.3 1 -4.9
v 0.3 1 -5
v 0.4 0.8 4.3
v 0.4 0.8 4.1
v 0.4 0.8 -1.1
v 0.4 0.8 -1.2
v 0.4 0.9 4.3
v 0.4 0.9 4.1
v 0.4 0.9 1.7
v 0.4 0.9 1.6
v 0.4 0.9 -1.1
v 0.4 0.9 -1.2
v 0.4 0.9 -2.5
v 0.4 0.9 -2.6
v 0.4 1 1.7
v 0.4 1 1.6
v 0.4 1 -2.5
v 0.4 1 -2.6
v 0.5 0.8 4.1
v 0.5 0.8 4
v 0.5 0.8 1.2
v 0.5 0.8 1.1
v 0.5 0.8 0.6
v 0.5 0.8 0.5
v 0.5 0.9 4.1
v 0.5 0.9 4
v 0.5 0.9 1.2
v 0.5 0.9 1.1
v 0.5 0.9 0.6
v 0.5 0.9 0.5
v 0.5 0.9 -2.6
v 0.5 0.9 -2.7
v 0.5 1 -2.6
v 0.5 1 -2.7
v 0.6 0.7 4
v 0.6 0.7 3.9
v 0.6 0.7 3.7
v 0.6 0.7 3.6
v 0.6 0.8 4
v 0.6 0.8 3.9
v 0.6 0.8 3.7
v 0.6 0.8 3.6
v 0.6 0.9 -2.7
v 0.6 0.9 -2.8
v 0.6 0.9 -4.8
v 0.6 0.9 -4.9
v 0.6 1 -2.7
v 0.6 1 -2.8
v 0.6 1 -4.8
v 0.6 1 -4.9
v 0.7 0.7 3.9
v 0.7 0.7 3.7
v 0.7 0.8 4
v 0.7 0.8 3.9
v 0.7 0.8 3.7
v 0.7 0.8 1.3
v 0.7 0.8 1.2
v 0.7 0.8 -1
v 0.7 0.8 -1.1
v 0.7 0.9 4
v 0.7 0.9 3.9
v 0.7 0.9 1.3
v 0.7 0.9 1.2
v 0.7 0.9 -1
v 0.7 0.9 -1.1
v 0.7 0.9 -4.7
v 0.7 0.9 -4.8
v 0.7 1 -4.7
v 0.7 1 -4.8
v 0.8 0.8 3.9
v 0.8 0.8 3.7
v 0.8 0.9 3.9
v 0.8 0.9 3.7
v 0.8 0.9 -2.8
v 0.8 0.9 -3
v 0.8 0.9 -4.1
v 0.8 0.9 -4.2
v 0.8 0.9 -4.6
v 0.8 0.9 -4.7
v 0.8 1 -2.8
v 0.8 1 -3
v 0.8 1 -4.1
v 0.8 1 -4.2
v 0.8 1 -4.6
v 0.8 1 -4.7
v 0.9 0.8 3.7
v 0.9 0.8 3.5
v 0.9 0.9 3.7
v 0.9 0.9 3.5
v 0.9 0.9 -3
v 0.9 0.9 -3.6
v 0.9 0.9 -4
v 0.9 0.9 -4.1
v 0.9 0.9 -4.2
v 0.9 0.9 -4.3
v 0.9 0.9 -4.5
v 0.9 0.9 -4.6
v 0.9 1 -3
v 0.9 1 -3.6
v 0.9 1 -4
v 0.9 1 -4.1
v 0.9 1 -4.2
v 0.9 1 -4.3
v 0.9 1 -4.5
v 0.9 1 -4.6
v 1 0.8 3.5
v 1 0.8 3.4
v 1 0.9 3.5
v 1 0.9 3.4
v 1 0.9 -3.6
v 1 0.9 -4
v 1 1 -3.6
v 1 1 -4
v 1.1 0.8 1.6
v 1.1 0.8 1.3
v 1.1 0.8 -0.9
v 1.1 0.8 -1
v 1.1 0.9 4.3
v 1.1 0.9 4.1
v 1.1 0.9 1.6
v 1.1 0.9 1.3
v 1.1 0.9 1.2
v 1.1 0.9 -0.9
v 1.1 0.9 -1
v 1.1 1 4.3
v 1.1 1 4.1
v 1.1 1 1.3
v 1.1 1 1.2
v 1.2 0.8 4.3
v 1.2 0.8 4.2
v 1.2 0.8 3.4
v 1.2 0.8 3.3
v 1.2 0.8 1.7
v 1.2 0.8 1.6
v 1.2 0.9 4.4
v 1.2 0.9 4.3
v 1.2 0.9 4.2
v 1.2 0.9 3.4
v 1.2 0.9 3.3
v 1.2 0.9 1.7
v 1.2 0.9 1.6
v 1.2 0.9 1.2
v 1.2 0.9 1.1
v 1.2 1 4.4
v 1.2 1 4.3
v 1.2 1 1.2
v 1.2 1 1.1
v 1.3 0.7 4.1
v 1.3 0.7 4
v 1.3 0.8 4.2
v 1.3 0.8 4.1
v 1.3 0.8 4
v 1.3 0.8 3.3
v 1.3 0.8 3.2
v 1.3 0.8 2.8
v 1.3 0.8 2.7
v 1.3 0.8 -4.2
v 1.3 0.8 -4.3
v 1.3 0.8 -4.5
v 1.3 0.8 -4.6
v 1.3 0.9 4.2
v 1.3 0.9 4.1
v 1.3 0.9 4
v 1.3 0.9 3.9
v 1.3 0.9 3.3
v 1.3 0.9 3.2
v 1.3 0.9 2.8
v 1.3 0.9 2.7
v 1.3 0.9 -4.2
v 1.3 0.9 -4.3
v 1.3 0.9 -4.5
v 1.3 0.9 -4.6
v 1.3 1 4
v 1.3 1 3.9
v 1.4 0.8 4.1
v 1.4 0.8 4
v 1.4 0.8 3.2
v 1.4 0.8 3.1
v 1.4 0.8 2.9
v 1.4 0.8 2.8
v 1.4 0.8 2.7
v 1.4 0.8 2.6
v 1.4 0.8 -2.1
v 1.4 0.8 -2.2
v 1.4 0.8 -4.3
v 1.4 0.8 -4.5
v 1.4 0.9 4.1
v 1.4 0.9 4
v 1.4 0.9 3.9
v 1.4 0.9 3.8
v 1.4 0.9 3.2
v 1.4 0.9 3.1
v 1.4 0.9 2.9
v 1.4 0.9 2.8
v 1.4 0.9 2.7
v 1.4 0.9 2.6
v 1.4 0.9 1.4
v 1.4 0.9 1.3
v 1.4 0.9 -2.1
v 1.4 0.9 -2.2
v 1.4 0.9 -4.3
v 1.4 0.9 -4.5
v 1.4 1 4.1
v 1.4 1 4
v 1.4 1 3.9
v 1.4 1 3.8
v 1.4 1 1.4
v 1.4 1 1.3
v 1.5 0.6 2.4
v 1.5 0.6 2.2
v 1.5 0.7 2.4
v 1.5 0.7 2.2
v 1.5 0.8 4
v 1.5 0.8 3.9
v 1.5 0.8 3.1
v 1.5 0.8 2.9
v 1.5 0.8 2.6
v 1.5 0.8 2.5
v 1.5 0.9 4
v 1.5 0.9 3.9
v 1.5 0.9 3.1
v 1.5 0.9 2.9
v 1.5 0.9 2.6
v 1.5 0.9 2.5
v 1.6 0.8 3.9
v 1.6 0.8 3.8
v 1.6 0.8 3.6
v 1.6 0.8 3.5
v 1.6 0.8 2.5
v 1.6 0.8 2.3
v 1.6 0.8 -0.8
v 1.6 0.8 -0.9
v 1.6 0.9 3.9
v 1.6 0.9 3.8
v 1.6 0.9 3.6
v 1.6 0.9 3.5
v 1.6 0.9 2.5
v 1.6 0.9 2.3
v 1.6 0.9 -0.8
v 1.6 0.9 -0.9
v 1.7 0.8 3.8
v 1.7 0.8 3.6
v 1.7 0.9 3.8
v 1.7 0.9 3.7
v 1.7 0.9 3.6
v 1.7 1 3.8
v 1.7 1 3.7
v 1.8 0.8 -1.1
v 1.8 0.8 -1.2
v 1.8 0.9 3.7
v 1.8 0.9 3.6
v 1.8 0.9 -1.1
v 1.8 0.9 -1.2
v 1.8 0.9 -4.6
v 1.8 0.9 -5
v 1.8 1 3.7
v 1.8 1 3.6
v 1.8 1 -4.6
v 1.8 1 -5
v 1.9 0.8 2.3
v 1.9 0.8 2.2
v 1.9 0.8 1
v 1.9 0.8 0.9
v 1.9 0.8 -0.7
v 1.9 0.8 -0.8
v 1.9 0.9 3.6
v 1.9 0.9 3.5
v 1.9 0.9 2.3
v 1.9 0.9 2.2
v 1.9 0.9 1
v 1.9 0.9 0.9
v 1.9 0.9 -0.7
v 1.9 0.9 -0.8
v 1.9 1 3.6
v 1.9 1 3.5
v 2 0.8 2.2
v 2 0.8 2
v 2 0.9 3.5
v 2 0.9 3.3
v 2 0.9 2.2
v 2 0.9 2
v 2 0.9 -2.8
v 2 0.9 -2.9
v 2 1 3.5
v 2 1 3.3
v 2 1 -2.8
v 2 1 -2.9
v 2.1 0.7 -4.1
v 2.1 0.7 -4.3
v 2.1 0.8 2
v 2.1 0.8 1.9
v 2.1 0.8 1
v 2.1 0.8 0.9
v 2.1 0.8 -2.6
v 2.1 0.8 -2.7
v 2.1 0.8 -4.1
v 2.1 0.8 -4.3
v 2.1 0.9 3.2
v 2.1 0.9 3
v 2.1 0.9 2
v 2.1 0.9 1.9
v 2.1 0.9 1
v 2.1 0.9 0.9
v 2.1 0.9 -2.6
v 2.1 0.9 -2.7
v 2.1 0.9 -2.9
v 2.1 0.9 -3
v 2.1 1 3.2
v 2.1 1 3
v 2.1 1 -2.9
v 2.1 1 -3
v 2.2 0.8 -1.2
v 2.2 0.8 -1.3
v 2.2 0.8 -4
v 2.2 0.8 -4.1
v 2.2 0.8 -4.3
v 2.2 0.8 -4.4
v 2.2 0.9 -1.2
v 2.2 0.9 -1.3
v 2.2 0.9 -3
v 2.2 0.9 -3.3
v 2.2 0.9 -4
v 2.2 0.9 -4.1
v 2.2 0.9 -4.3
v 2.2 0.9 -4.4
v 2.2 1 -3
v 2.2 1 -3.3
v 2.3 0.8 0.9
v 2.3 0.8 0.8
v 2.3 0.8 -0.6
v 2.3 0.8 -0.7
v 2.3 0.8 -4.1
v 2.3 0.8 -4.3
v 2.3 0.9 0.9
v 2.3 0.9 0.8
v 2.3 0.9 -0.6
v 2.3 0.9 -0.7
v 2.3 0.9 -3.3
v 2.3 0.9 -3.5
v 2.3 0.9 -4.1
v 2.3 0.9 -4.3
v 2.3 1 -3.3
v 2.3 1 -3.5
v 2.4 0.9 -3.5
v 2.4 0.9 -3.8
v 2.4 1 -3.5
v 2.4 1 -3.8
v 2.5 0.8 0.8
v 2.5 0.8 0.7
v 2.5 0.8 -0.5
v 2.5 0.8 -0.6
v 2.5 0.9 0.8
v 2.5 0.9 0.7
v 2.5 0.9 -0.5
v 2.5 0.9 -0.6
v 2.6 0.9 -4.8
v 2.6 0.9 -5
v 2.6 1 -4.8
v 2.6 1 -5
v 2.7 0.8 1
v 2.7 0.8 0.9
v 2.7 0.8 0.5
v 2.7 0.8 0.4
v 2.7 0.9 1
v 2.7 0.9 0.9
v 2.7 0.9 0.5
v 2.7 0.9 0.4
v 2.8 0.8 2.3
v 2.8 0.8 1.5
v 2.8 0.8 0.4
v 2.8 0.8 0.3
v 2.8 0.8 -0.2
v 2.8 0.8 -0.4
v 2.8 0.9 2.3
v 2.8 0.9 1.5
v 2.8 0.9 0.4
v 2.8 0.9 0.3
v 2.8 0.9 -0.2
v 2.8 0.9 -0.4
v 2.9 0.8 2.8
v 2.9 0.8 2.4
v 2.9 0.8 1.5
v 2.9 0.8 1.3
v 2.9 0.8 0.3
v 2.9 0.8 0.2
v 2.9 0.8 -0.1
v 2.9 0.8 -0.2
v 2.9 0.9 2.8
v 2.9 0.9 2.4
v 2.9 0.9 1.5
v 2.9 0.9 1.3
v 2.9 0.9 0.3
v 2.9 0.9 0.2
v 2.9 0.9 -0.1
v 2.9 0.9 -0.2
v 3 0.8 1.3
v 3 0.8 1.2
v 3 0.8 0.2
v 3 0.8 -0.1
v 3 0.9 1.3
v 3 0.9 1.2
v 3 0.9 0.2
v 3 0.9 -0.1
v 3 1 0.2
v 3 1 -0.1
v 3.1 0.8 1
v 3.1 0.8 0.6
v 3.1 0.8 0.5
v 3.1 0.8 0.3
v 3.1 0.8 -0.1
v 3.1 0.8 -0.7
v 3.1 0.9 2.5
v 3.1 0.9 2.4
v 3.1 0.9 1
v 3.1 0.9 0.6
v 3.1 0.9 0.5
v 3.1 0.9 0.3
v 3.1 0.9 -0.1
v 3.1 0.9 -0.7
v 3.1 1 2.5
v 3.1 1 2.4
v 3.2 0.8 1.1
v 3.2 0.8 1
v 3.2 0.8 0.6
v 3.2 0.8 0.5
v 3.2 0.9 2.4
v 3.2 0.9 2.3
v 3.2 0.9 2
v 3.2 0.9 1.9
v 3.2 0.9 1.1
v 3.2 0.9 1
v 3.2 0.9 0.9
v 3.2 0.9 0.6
v 3.2 0.9 0.5
v 3.2 0.9 -0.1
v 3.2 0.9 -0.2
v 3.2 1 2.4
v 3.2 1 2.3
v 3.2 1 2
v 3.2 1 1.9
v 3.2 1 0.9
v 3.2 1 0.5
v 3.2 1 -0.1
v 3.2 1 -0.2
v 3.3 0.9 2.3
v 3.3 0.9 2
v 3.3 0.9 1.9
v 3.3 0.9 1.8
v 3.3 0.9 1.3
v 3.3 0.9 1.2
v 3.3 0.9 -4.7
v 3.3 0.9 -4.8
v 3.3 1 2.3
v 3.3 1 2
v 3.3 1 1.9
v 3.3 1 1.8
v 3.3 1 1.3
v 3.3 1 1.2
v 3.3 1 -4.7
v 3.3 1 -4.8
v 3.4 0.8 0.4
v 3.4 0.8 0.3
v 3.4 0.9 1.8
v 3.4 0.9 1.3
v 3.4 0.9 0.4
v 3.4 0.9 0.3
v 3.4 0.9 -4.6
v 3.4 0.9 -4.7
v 3.4 1 1.8
v 3.4 1 1.3
v 3.4 1 -4.6
v 3.4 1 -4.7
v 3.5 0.8 0.3
v 3.5 0.8 0.0999999
v 3.5 0.9 0.3
v 3.5 0.9 0.0999999
v 3.6 0.8 1.3
v 3.6 0.8 1.2
v 3.6 0.8 0.0999999
v 3.6 0.8 0
v 3.6 0.8 -0.7
v 3.6 0.8 -1.1
v 3.6 0.9 1.3
v 3.6 0.9 1.2
v 3.6 0.9 0.0999999
v 3.6 0.9 0
v 3.6 0.9 -0.7
v 3.6 0.9 -1.1
v 3.7 0.8 1.2
v 3.7 0.8 1.1
v 3.7 0.8 0
v 3.7 0.8 -0.7
v 3.7 0.9 1.2
v 3.7 0.9 1.1
v 3.7 0.9 0
v 3.7 0.9 -0.7
v 4.1 0.8 -0.1
v 4.1 0.8 -0.3
v 4.1 0.9 -0.1
v 4.1 0.9 -0.3
v 4.2 0.8 -0.3
v 4.2 0.8 -0.8
v 4.2 0.9 -0.3
v 4.2 0.9 -0.8
v 4.3 0.8 3.1
v 4.3 0.8 2.1
v 4.3 0.8 -0.8
v 4.3 0.8 -0.9
v 4.3 0.9 3.1
v 4.3 0.9 2.1
v 4.3 0.9 -0.8
v 4.3 0.9 -0.9
v 4.4 0.8 0.7
v 4.4 0.8 0.5
v 4.4 0.8 -0.9
v 4.4 0.8 -1.4
v 4.4 0.9 0.7
v 4.4 0.9 0.5
v 4.4 0.9 -0.9
v 4.4 0.9 -1.4
v 4.5 0.8 1.5
v 4.5 0.8 0.7
v 4.5 0.8 -1.4
v 4.5 0.8 -1.5
v 4.5 0.9 1.5
v 4.5 0.9 0.7
v 4.5 0.9 0.3
v 4.5 0.9 -0.4
v 4.5 0.9 -1.4
v 4.5 0.9 -1.5
v 4.5 1 0.3
v 4.5 1 -0.4
v 4.6 0.8 1.7
v 4.6 0.8 1.6
v 4.6 0.9 1.7
v 4.6 0.9 1.6
v -4.8 0.9 0.8
v -4.8 0.9 0.7
v -4.8 1 0.8
v -4.8 1 0.7
v -4.7 0.8 -1.1
v -4.7 0.8 -1.2
v -4.7 0.9 3.9
v -4.7 0.9 2.8
v -4.7 0.9 1.2
v -4.7 0.9 0.8
v -4.7 0.9 -1.1
v -4.7 0.9 -1.2
v -4.7 1 3.9
v -4.7 1 2.8
v -4.7 1 1.2
v -4.7 1 0.8
v -4.6 0.8 -0.4
v -4.6 0.8 -0.5
v -4.6 0.8 -1
v -4.6 0.8 -1.1
v -4.6 0.9 -0.4
v -4.6 0.9 -0.5
v -4.6 0.9 -1
v -4.6 0.9 -1.1
v -4.5 0.8 -0.5
v -4.5 0.8 -1
v -4.5 0.9 -0.5
v -4.5 0.9 -1
v -4.4 0.9 5
v -4.4 0.9 4.8
v -4.4 1 5
v -4.4 1 4.8
v -4.3 0.8 -2.9
v -4.3 0.8 -3.6
v -4.3 0.9 -2.9
v -4.3 0.9 -3.6
v -4.2 0.8 -3.6
v -4.2 0.8 -3.8
v -4.2 0.9 -3.6
v -4.2 0.9 -3.8
v -4.1 0.8 -3.8
v -4.1 0.8 -3.9
v -4.1 0.9 -1.7
v -4.1 0.9 -1.8
v -4.1 0.9 -3.8
v -4.1 0.9 -3.9
v -4.1 1 -1.7
v -4.1 1 -1.8
v -4 0.8 -3.9
v -4 0.8 -4
v -4 0.9 -1.8
v -4 0.9 -2
v -4 0.9 -2.5
v -4 0.9 -2.6
v -4 0.9 -3.9
v -4 0.9 -4
v -4 1 -1.8
v -4 1 -2
v -4 1 -2.5
v -4 1 -2.6
v -3.9 0.9 -2
v -3.9 0.9 -2.5
v -3.9 1 -2
v -3.9 1 -2.5
v -3.7 0.8 -1.2
v -3.7 0.8 -1.5
v -3.7 0.9 -1.2
v -3.7 0.9 -1.5
v -3.7 0.9 -4.6
v -3.7 0.9 -4.7
v -3.7 1 -4.6
v -3.7 1 -4.7
v -3.6 0.8 -1.5
v -3.6 0.8 -1.7
v -3.6 0.8 -2.9
v -3.6 0.8 -3.1
v -3.6 0.9 -1.5
v -3.6 0.9 -1.7
v -3.6 0.9 -2.9
v -3.6 0.9 -3.1
v -3.6 0.9 -4.7
v -3.6 0.9 -4.8
v -3.6 1 -4.7
v -3.6 1 -4.8
v -3.5 0.8 -1.7
v -3.5 0.8 -2.1
v -3.5 0.8 -3.1
v -3.5 0.8 -3.2
v -3.5 0.9 -1.7
v -3.5 0.9 -2.1
v -3.5 0.9 -3.1
v -3.5 0.9 -3.2
v -3.5 0.9 -4
v -3.5 0.9 -4.1
v -3.5 0.9 -4.8
v -3.5 0.9 -4.9
v -3.5 1 -4
v -3.5 1 -4.1
v -3.5 1 -4.8
v -3.5 1 -4.9
v -3.4 0.8 -3.2
v -3.4 0.8 -3.4
v -3.4 0.9 -3.2
v -3.4 0.9 -3.4
v -3.4 0.9 -3.9
v -3.4 0.9 -4
v -3.4 1 -3.9
v -3.4 1 -4
v -3.3 0.8 -2.1
v -3.3 0.8 -2.2
v -3.3 0.8 -2.8
v -3.3 0.8 -2.9
v -3.3 0.9 -2.1
v -3.3 0.9 -2.2
v -3.3 0.9 -2.8
v -3.3 0.9 -2.9
v -3.2 0.8 -2.2
v -3.2 0.8 -2.8
v -3.2 0.8 -3.4
v -3.2 0.8 -3.5
v -3.2 0.9 -2.2
v -3.2 0.9 -2.8
v -3.2 0.9 -3.4
v -3.2 0.9 -3.5
v -3.2 0.9 -3.8
v -3.2 0.9 -3.9
v -3.2 1 -3.8
v -3.2 1 -3.9
v -3.1 0.8 -3.5
v -3.1 0.8 -3.6
v -3.1 0.9 -3.5
v -3.1 0.9 -3.6
v -2.8 0.8 -3.6
v -2.8 0.8 -3.7
v -2.8 0.9 -3.6
v -2.8 0.9 -3.7
v -2.7 0.8 0
v -2.7 0.8 -1.3
v -2.7 0.8 -3.7
v -2.7 0.8 -3.8
v -2.7 0.9 0
v -2.7 0.9 -1.3
v -2.7 0.9 -3.7
v -2.7 0.9 -3.8
v -2.7 0.9 -4
v -2.7 1 -3.8
v -2.7 1 -4
v -2.6 0.8 0.6
v -2.6 0.8 0
v -2.6 0.8 -1.3
v -2.6 0.8 -1.4
v -2.6 0.9 0.6
v -2.6 0.9 0
v -2.6 0.9 -1.3
v -2.6 0.9 -1.4
v -2.5 0.6 -3.8
v -2.5 0.6 -3.9
v -2.5 0.7 -3.7
v -2.5 0.7 -3.8
v -2.5 0.8 -1.4
v -2.5 0.8 -1.5
v -2.5 0.8 -1.8
v -2.5 0.8 -2.6
v -2.5 0.8 -3.7
v -2.5 0.8 -3.8
v -2.5 0.8 -3.9
v -2.5 0.9 -1.4
v -2.5 0.9 -1.5
v -2.5 0.9 -1.8
v -2.5 0.9 -2.6
v -2.4 0.5 -3.8
v -2.4 0.5 -3.9
v -2.4 0.6 -3.8
v -2.4 0.6 -3.9
v -2.4 0.7 -3.6
v -2.4 0.7 -3.7
v -2.4 0.7 -3.9
v -2.4 0.7 -4
v -2.4 0.8 -1.5
v -2.4 0.8 -1.8
v -2.4 0.8 -3.6
v -2.4 0.8 -3.7
v -2.4 0.8 -3.8
v -2.4 0.8 -3.9
v -2.4 0.8 -4
v -2.4 0.9 4.4
v -2.4 0.9 4.3
v -2.4 0.9 -1.5
v -2.4 0.9 -1.8
v -2.4 0.9 -3.8
v -2.4 0.9 -3.9
v -2.4 1 4.4
v -2.4 1 4.3
v -2.3 0.6 -3.9
v -2.3 0.6 -4
v -2.3 0.7 -0.9
v -2.3 0.7 -1.6
v -2.3 0.7 -3.9
v -2.3 0.7 -4
v -2.3 0.7 -4.1
v -2.3 0.8 -0.9
v -2.3 0.8 -1.6
v -2.3 0.8 -3.9
v -2.3 0.8 -4
v -2.3 0.8 -4.1
v -2.3 0.9 4.3
v -2.3 0.9 4.2
v -2.3 0.9 -3.9
v -2.3 0.9 -4.1
v -2.3 1 4.3
v -2.3 1 4.2
v -2.2 0.9 4.2
v -2.2 0.9 4.1
v -2.2 0.9 2.1
v -2.2 0.9 2
v -2.2 1 4.2
v -2.2 1 4.1
v -2.2 1 2.1
v -2.2 1 2
v -2.1 0.8 1.3
v -2.1 0.8 1.2
v -2.1 0.8 -2.6
v -2.1 0.8 -2.7
v -2.1 0.9 4.1
v -2.1 0.9 4
v -2.1 0.9 2.2
v -2.1 0.9 2.1
v -2.1 0.9 1.3
v -2.1 0.9 1.2
v -2.1 0.9 -2.6
v -2.1 0.9 -2.7
v -2.1 1 4.1
v -2.1 1 4
v -2.1 1 2.2
v -2.1 1 2.1
v -2 0.8 1.2
v -2 0.8 0.9
v -2 0.8 -2.7
v -2 0.8 -2.8
v -2 0.9 4
v -2 0.9 3.9
v -2 0.9 1.2
v -2 0.9 0.9
v -2 0.9 -2.7
v -2 0.9 -2.8
v -2 1 4
v -2 1 3.9
v -1.9 0.8 -4
v -1.9 0.8 -4.1
v -1.9 0.9 3.9
v -1.9 0.9 3.7
v -1.9 0.9 -4
v -1.9 0.9 -4.1
v -1.9 1 3.9
v -1.9 1 3.7
v -1.8 0.8 -2.8
v -1.8 0.8 -2.9
v -1.8 0.9 3.7
v -1.8 0.9 3.4
v -1.8 0.9 2.5
v -1.8 0.9 2.2
v -1.8 0.9 -2.8
v -1.8 0.9 -2.9
v -1.8 1 3.7
v -1.8 1 3.4
v -1.8 1 2.5
v -1.8 1 2.2
v -1.7 0.9 3.4
v -1.7 0.9 3.2
v -1.7 0.9 3
v -1.7 0.9 2.5
v -1.7 1 3.4
v -1.7 1 3.2
v -1.7 1 3
v -1.7 1 2.5
v -1.6 0.8 5
v -1.6 0.8 4.9
v -1.6 0.8 -2.9
v -1.6 0.8 -3
v -1.6 0.9 5
v -1.6 0.9 4.9
v -1.6 0.9 3.2
v -1.6 0.9 3
v -1.6 0.9 -2.9
v -1.6 0.9 -3
v -1.6 1 3.2
v -1.6 1 3
v -1.5 0.8 -2.1
v -1.5 0.8 -2.8
v -1.5 0.8 -3
v -1.5 0.8 -3.1
v -1.5 0.8 -3.8
v -1.5 0.8 -3.9
v -1.5 0.9 -2.1
v -1.5 0.9 -2.8
v -1.5 0.9 -3
v -1.5 0.9 -3.1
v -1.5 0.9 -3.8
v -1.5 0.9 -3.9
v -1.4 0.7 -1.6
v -1.4 0.7 -1.7
v -1.4 0.7 -3.8
v -1.4 0.7 -4
v -1.4 0.7 -4.1
v -1.4 0.7 -4.4
v -1.4 0.7 -4.5
v -1.4 0.7 -4.9
v -1.4 0.8 -1.6
v -1.4 0.8 -1.7
v -1.4 0.8 -2.1
v -1.4 0.8 -3.8
v -1.4 0.8 -4
v -1.4 0.8 -4.1
v -1.4 0.8 -4.4
v -1.4 0.8 -4.5
v -1.4 0.8 -4.9
v -1.4 0.8 -5
v -1.4 0.9 -1.7
v -1.4 0.9 -2.1
v -1.4 0.9 -4
v -1.4 0.9 -4.9
v -1.4 0.9 -5
v -1.4 1 -4.9
v -1.4 1 -5
v -1.3 0.7 -1.7
v -1.3 0.7 -1.8
v -1.3 0.7 -3.7
v -1.3 0.7 -3.8
v -1.3 0.7 -4
v -1.3 0.7 -4.1
v -1.3 0.8 -1.7
v -1.3 0.8 -1.8
v -1.3 0.8 -3.1
v -1.3 0.8 -3.2
v -1.3 0.8 -3.7
v -1.3 0.8 -3.8
v -1.3 0.8 -4
v -1.3 0.8 -4.1
v -1.3 0.9 -3.1
v -1.3 0.9 -3.2
v -1.2 0.7 -1.8
v -1.2 0.7 -1.9
v -1.2 0.8 -1.8
v -1.2 0.8 -1.9
v -1.2 0.8 -3.2
v -1.2 0.8 -3.3
v -1.2 0.9 0
v -1.2 0.9 -0.1
v -1.2 0.9 -3.2
v -1.2 0.9 -3.3
v -1.2 1 0
v -1.2 1 -0.1
v -1.1 0.7 -4.1
v -1.1 0.7 -4.2
v -1.1 0.8 4.9
v -1.1 0.8 4.8
v -1.1 0.8 -4.1
v -1.1 0.8 -4.2
v -1.1 0.9 4.9
v -1.1 0.9 4.8
v -1.1 0.9 0.0999999
v -1.1 0.9 0
v -1.1 1 0.0999999
v -1.1 1 0
v -1.1 1 -0.6
v -1.1 1 -0.7
v -1.1 1.1 -0.6
v -1.1 1.1 -0.7
v -1 0.9 0.2
v -1 0.9 0.0999999
v -1 0.9 -0.1
v -1 0.9 -0.2
v -1 1 0.2
v -1 1 0.0999999
v -1 1 -0.1
v -1 1 -0.2
v -0.9 0.8 -4.9
v -0.9 0.8 -5
v -0.9 0.9 0.3
v -0.9 0.9 0.2
v -0.9 0.9 -0.2
v -0.9 0.9 -0.3
v -0.9 0.9 -4.9
v -0.9 0.9 -5
v -0.9 1 0.3
v -0.9 1 0.2
v -0.9 1 -0.2
v -0.9 1 -0.3
v -0.9 1 -4.9
v -0.9 1 -5
v -0.8 0.7 -4.9
v -0.8 0.7 -5
v -0.8 0.8 4.8
v -0.8 0.8 4.7
v -0.8 0.8 -4.9
v -0.8 0.8 -5
v -0.8 0.9 4.8
v -0.8 0.9 4.7
v -0.8 0.9 -0.3
v -0.8 0.9 -0.4
v -0.8 1 -0.3
v -0.8 1 -0.4
v -0.7 0.8 4.7
v -0.7 0.8 4.5
v -0.7 0.9 4.7
v -0.7 0.9 4.5
v -0.7 0.9 0.5
v -0.7 0.9 0.3
v -0.7 0.9 -0.4
v -0.7 0.9 -0.5
v -0.7 1 0.5
v -0.7 1 0.3
v -0.7 1 -0.4
v -0.7 1 -0.5
v -0.6 0.8 3.5
v -0.6 0.8 3.3
v -0.6 0.8 0.3
v -0.6 0.8 0
v -0.6 0.8 -3.9
v -0.6 0.8 -4.1
v -0.6 0.9 3.5
v -0.6 0.9 3.3
v -0.6 0.9 0.3
v -0.6 0.9 0
v -0.6 0.9 -0.5
v -0.6 0.9 -0.6
v -0.6 0.9 -3.9
v -0.6 0.9 -4.1
v -0.6 1 -0.5
v -0.6 1 -0.6
v -0.5 0.8 3.8
v -0.5 0.8 3.5
v -0.5 0.8 0
v -0.5 0.8 -0.1
v -0.5 0.8 -3.8
v -0.5 0.8 -3.9
v -0.5 0.8 -4.1
v -0.5 0.8 -4.2
v -0.5 0.9 3.8
v -0.5 0.9 3.5
v -0.5 0.9 0.6
v -0.5 0.9 0.5
v -0.5 0.9 0
v -0.5 0.9 -0.1
v -0.5 0.9 -0.6
v -0.5 0.9 -0.8
v -0.5 0.9 -3.8
v -0.5 0.9 -3.9
v -0.5 0.9 -4.1
v -0.5 0.9 -4.2
v -0.5 1 0.6
v -0.5 1 0.5
v -0.5 1 -0.6
v -0.5 1 -0.8
v -0.5 1 -0.9
v -0.5 1.1 -0.8
v -0.5 1.1 -0.9
v -0.4 0.8 4.5
v -0.4 0.8 3.8
v -0.4 0.8 -0.1
v -0.4 0.8 -0.5
v -0.4 0.8 -3.7
v -0.4 0.8 -3.8
v -0.4 0.9 4.5
v -0.4 0.9 3.8
v -0.4 0.9 -0.1
v -0.4 0.9 -0.5
v -0.4 0.9 -0.8
v -0.4 0.9 -1.1
v -0.4 0.9 -3.7
v -0.4 0.9 -3.8
v -0.4 1 -0.8
v -0.4 1 -1.1
v -0.3 0.7 -2.8
v -0.3 0.7 -2.9
v -0.3 0.8 1.8
v -0.3 0.8 1.4
v -0.3 0.8 -2.8
v -0.3 0.8 -2.9
v -0.3 0.9 1.8
v -0.3 0.9 1.4
v -0.2 0.8 -0.5
v -0.2 0.8 -0.8
v -0.2 0.9 3.3
v -0.2 0.9 3.2
v -0.2 0.9 -0.5
v -0.2 0.9 -0.8
v -0.2 0.9 -4.9
v -0.2 0.9 -5
v -0.2 1 3.3
v -0.2 1 3.2
v -0.2 1 -4.9
v -0.2 1 -5
v -0.0999999 0.8 0.4
v -0.0999999 0.8 0.3
v -0.0999999 0.9 3.2
v -0.0999999 0.9 3.1
v -0.0999999 0.9 0.4
v -0.0999999 0.9 0.3
v -0.0999999 1 3.2
v -0.0999999 1 3.1
v 0 0.7 3.9
v 0 0.7 3.6
v 0 0.8 3.9
v 0 0.8 3.6
v 0 0.8 1.4
v 0 0.8 1.1
v 0 0.8 0.5
v 0 0.8 0.4
v 0 0.8 -0.8
v 0 0.8 -0.9
v 0 0.8 -4.1
v 0 0.8 -4.2
v 0 0.9 3.1
v 0 0.9 3
v 0 0.9 1.4
v 0 0.9 1.2
v 0 0.9 1.1
v 0 0.9 0.6
v 0 0.9 0.5
v 0 0.9 0.4
v 0 0.9 -0.8
v 0 0.9 -0.9
v 0 0.9 -4.1
v 0 0.9 -4.2
v 0 1 3.1
v 0 1 3
v 0 1 1.2
v 0 1 1
v 0 1 0.9
v 0 1 0.6
v 0 1.1 1
v 0 1.1 0.9
v 0.1 0.6 3.2
v 0.1 0.6 3.1
v 0.1 0.7 4
v 0.1 0.7 3.9
v 0.1 0.7 3.6
v 0.1 0.7 3.5
v 0.1 0.7 3.2
v 0.1 0.7 3.1
v 0.1 0.8 4
v 0.1 0.8 3.9
v 0.1 0.8 3.6
v 0.1 0.8 3.5
v 0.1 0.8 3.4
v 0.1 0.8 3.3
v 0.1 0.8 3.2
v 0.1 0.8 3.1
v 0.1 0.9 3.4
v 0.1 0.9 3.3
v 0.1 0.9 3
v 0.1 0.9 2.8
v 0.1 1 3
v 0.1 1 2.8
v 0.2 0.5 3.2
v 0.2 0.5 3.1
v 0.2 0.6 3.2
v 0.2 0.6 3.1
v 0.2 0.8 3.3
v 0.2 0.8 2.8
v 0.2 0.8 -0.9
v 0.2 0.8 -1
v 0.2 0.9 3.3
v 0.2 0.9 2.8
v 0.2 0.9 2.7
v 0.2 0.9 -0.9
v 0.2 0.9 -1
v 0.2 1 2.8
v 0.2 1 2.7
v 0.3 0.8 2.8
v 0.3 0.8 2.6
v 0.3 0.8 0.6
v 0.3 0.8 0.5
v 0.3 0.8 -1
v 0.3 0.8 -1.2
v 0.3 0.9 2.8
v 0.3 0.9 2.7
v 0.3 0.9 2.6
v 0.3 0.9 2.5
v 0.3 0.9 0.6
v 0.3 0.9 0.5
v 0.3 0.9 -1
v 0.3 0.9 -1.2
v 0.3 1 2.7
v 0.3 1 2.5
v 0.4 0.8 2.6
v 0.4 0.8 2.3
v 0.4 0.9 2.6
v 0.4 0.9 2.5
v 0.4 0.9 2.3
v 0.4 0.9 2.2
v 0.4 0.9 0.9
v 0.4 0.9 0.8
v 0.4 1 2.5
v 0.4 1 2.2
v 0.4 1 0.9
v 0.4 1 0.8
v 0.5 0.8 2.3
v 0.5 0.8 2.2
v 0.5 0.8 1.8
v 0.5 0.9 2.3
v 0.5 0.9 2.2
v 0.5 0.9 1.8
v 0.5 0.9 1.6
v 0.5 1 2.2
v 0.5 1 1.6
v 0.6 0.8 1.8
v 0.6 0.8 1.6
v 0.6 0.9 1.8
v 0.6 0.9 1.6
v 0.6 0.9 -2.2
v 0.6 0.9 -2.3
v 0.6 1 -2.2
v 0.6 1 -2.3
v 0.7 0.9 -2.3
v 0.7 0.9 -2.4
v 0.7 1 -2.3
v 0.7 1 -2.4
v 0.8 0.8 0.8
v 0.8 0.8 0.5
v 0.8 0.9 0.8
v 0.8 0.9 0.5
v 0.9 0.8 4.2
v 0.9 0.8 3.9
v 0.9 0.9 4.2
v 0.9 0.9 3.9
v 0.9 0.9 -2.4
v 0.9 0.9 -2.5
v 0.9 1 -2.4
v 0.9 1 -2.5
v 1 0.8 4.3
v 1 0.8 4.2
v 1 0.8 3.9
v 1 0.8 3.8
v 1 0.8 -4.3
v 1 0.8 -4.5
v 1 0.9 4.3
v 1 0.9 4.2
v 1 0.9 3.9
v 1 0.9 3.8
v 1 0.9 -2.5
v 1 0.9 -2.6
v 1 0.9 -4.3
v 1 0.9 -4.5
v 1 0.9 -5
v 1 1 -2.5
v 1 1 -2.6
v 1 1 -4.5
v 1 1 -5
v 1.1 0.7 4.1
v 1.1 0.7 4
v 1.1 0.8 4.1
v 1.1 0.8 4
v 1.1 0.8 3.8
v 1.1 0.8 3.7
v 1.1 0.8 -4.2
v 1.1 0.8 -4.3
v 1.1 0.8 -4.5
v 1.1 0.8 -4.6
v 1.1 0.9 3.8
v 1.1 0.9 3.7
v 1.1 0.9 -2.6
v 1.1 0.9 -2.8
v 1.1 0.9 -4.1
v 1.1 0.9 -4.2
v 1.1 0.9 -4.3
v 1.1 0.9 -4.5
v 1.1 0.9 -4.6
v 1.1 1 -2.6
v 1.1 1 -2.8
v 1.1 1 -4.1
v 1.1 1 -4.3
v 1.2 0.8 3.7
v 1.2 0.8 3.6
v 1.2 0.8 -2
v 1.2 0.8 -2.1
v 1.2 0.9 3.7
v 1.2 0.9 3.6
v 1.2 0.9 -2
v 1.2 0.9 -2.1
v 1.2 0.9 -2.8
v 1.2 0.9 -3
v 1.2 0.9 -4
v 1.2 0.9 -4.1
v 1.2 1 -2.8
v 1.2 1 -3
v 1.2 1 -4
v 1.2 1 -4.1
v 1.3 0.8 3.6
v 1.3 0.8 3.5
v 1.3 0.8 0.9
v 1.3 0.8 0.8
v 1.3 0.8 -2.1
v 1.3 0.8 -2.2
v 1.3 0.9 3.6
v 1.3 0.9 3.5
v 1.3 0.9 0.9
v 1.3 0.9 0.8
v 1.3 0.9 -2.1
v 1.3 0.9 -2.2
v 1.3 0.9 -3
v 1.3 0.9 -4
v 1.3 1 -3
v 1.3 1 -4
v 1.4 0.6 2.4
v 1.4 0.6 2.2
v 1.4 0.7 2.4
v 1.4 0.7 2.2
v 1.5 0.9 4.4
v 1.5 0.9 4.3
v 1.5 1 4.4
v 1.5 1 4.3
v 1.6 0.8 1.7
v 1.6 0.8 1.6
v 1.6 0.9 4.3
v 1.6 0.9 4.2
v 1.6 0.9 1.7
v 1.6 0.9 1.6
v 1.6 0.9 1.2
v 1.6 0.9 1.1
v 1.6 1 4.3
v 1.6 1 4.2
v 1.6 1 1.2
v 1.6 1 1.1
v 1.7 0.8 1.6
v 1.7 0.8 1.4
v 1.7 0.8 1.3
v 1.7 0.8 -1.1
v 1.7 0.8 -1.2
v 1.7 0.9 4.2
v 1.7 0.9 4.1
v 1.7 0.9 1.6
v 1.7 0.9 1.4
v 1.7 0.9 1.3
v 1.7 0.9 1.2
v 1.7 0.9 -1.1
v 1.7 0.9 -1.2
v 1.7 1 4.2
v 1.7 1 4.1
v 1.7 1 1.4
v 1.7 1 1.2
v 1.8 0.8 1
v 1.8 0.8 0.9
v 1.8 0.8 -2.1
v 1.8 0.8 -2.2
v 1.8 0.9 4.1
v 1.8 0.9 4
v 1.8 0.9 1
v 1.8 0.9 0.9
v 1.8 0.9 -2.1
v 1.8 0.9 -2.2
v 1.8 1 4.1
v 1.8 1 4
v 1.9 0.8 -2.2
v 1.9 0.8 -2.6
v 1.9 0.8 -4.1
v 1.9 0.8 -4.3
v 1.9 0.9 4
v 1.9 0.9 3.8
v 1.9 0.9 -2.2
v 1.9 0.9 -2.6
v 1.9 0.9 -4.1
v 1.9 0.9 -4.3
v 1.9 1 4
v 1.9 1 3.8
v 2 0.7 -4.1
v 2 0.7 -4.3
v 2 0.8 1.3
v 2 0.8 1.2
v 2 0.8 1
v 2 0.8 0.9
v 2 0.8 -1.2
v 2 0.8 -1.3
v 2 0.8 -2.6
v 2 0.8 -2.7
v 2 0.8 -4
v 2 0.8 -4.1
v 2 0.8 -4.3
v 2 0.8 -4.4
v 2 0.9 3.8
v 2 0.9 3.6
v 2 0.9 1.3
v 2 0.9 1.2
v 2 0.9 1
v 2 0.9 0.9
v 2 0.9 -1.2
v 2 0.9 -1.3
v 2 0.9 -2.6
v 2 0.9 -2.7
v 2 0.9 -4
v 2 0.9 -4.1
v 2 0.9 -4.3
v 2 0.9 -4.4
v 2 1 3.8
v 2 1 3.6
v 2.1 0.9 3.6
v 2.1 0.9 3.3
v 2.1 0.9 -2.8
v 2.1 0.9 -2.9
v 2.1 0.9 -4.6
v 2.1 0.9 -5
v 2.1 1 3.6
v 2.1 1 3.3
v 2.1 1 -2.8
v 2.1 1 -2.9
v 2.1 1 -4.6
v 2.1 1 -5
v 2.2 0.9 3.2
v 2.2 0.9 3
v 2.2 1 3.2
v 2.2 1 3
v 2.3 0.8 -0.8
v 2.3 0.8 -0.9
v 2.3 0.9 -0.8
v 2.3 0.9 -0.9
v 2.3 0.9 -2.9
v 2.3 0.9 -3
v 2.3 1 -2.9
v 2.3 1 -3
v 2.4 0.8 -0.7
v 2.4 0.8 -0.8
v 2.4 0.9 -0.7
v 2.4 0.9 -0.8
v 2.4 0.9 -3
v 2.4 0.9 -3.1
v 2.4 1 -3
v 2.4 1 -3.1
v 2.5 0.8 1
v 2.5 0.8 0.9
v 2.5 0.9 1
v 2.5 0.9 0.9
v 2.5 0.9 -3.1
v 2.5 0.9 -3.2
v 2.5 0.9 -3.7
v 2.5 0.9 -3.8
v 2.5 1 -3.1
v 2.5 1 -3.2
v 2.5 1 -3.7
v 2.5 1 -3.8
v 2.6 0.8 2
v 2.6 0.8 1.9
v 2.6 0.8 1.2
v 2.6 0.8 1.1
v 2.6 0.8 -0.6
v 2.6 0.8 -0.7
v 2.6 0.8 -2.6
v 2.6 0.8 -2.7
v 2.6 0.9 2
v 2.6 0.9 1.9
v 2.6 0.9 1.2
v 2.6 0.9 1.1
v 2.6 0.9 -0.6
v 2.6 0.9 -0.7
v 2.6 0.9 -2.6
v 2.6 0.9 -2.7
v 2.6 0.9 -3.2
v 2.6 0.9 -3.7
v 2.6 1 -3.2
v 2.6 1 -3.7
v 2.7 0.8 2.3
v 2.7 0.8 2
v 2.7 0.8 0.9
v 2.7 0.8 0.7
v 2.7 0.8 -0.5
v 2.7 0.8 -0.6
v 2.7 0.8 -0.9
v 2.7 0.8 -1
v 2.7 0.9 2.3
v 2.7 0.9 2
v 2.7 0.9 0.9
v 2.7 0.9 0.7
v 2.7 0.9 -0.5
v 2.7 0.9 -0.6
v 2.7 0.9 -0.9
v 2.7 0.9 -1
v 2.8 0.8 2.8
v 2.8 0.8 2.4
v 2.8 0.8 1.1
v 2.8 0.8 0.9
v 2.8 0.8 -1
v 2.8 0.8 -1.1
v 2.8 0.8 -1.2
v 2.8 0.8 -1.3
v 2.8 0.8 -2.7
v 2.8 0.8 -2.8
v 2.8 0.9 2.8
v 2.8 0.9 2.4
v 2.8 0.9 1.1
v 2.8 0.9 0.9
v 2.8 0.9 -1
v 2.8 0.9 -1.1
v 2.8 0.9 -1.2
v 2.8 0.9 -1.3
v 2.8 0.9 -2.7
v 2.8 0.9 -2.8
v 2.9 0.8 0.5
v 2.9 0.8 0.4
v 2.9 0.8 -0.3
v 2.9 0.8 -0.4
v 2.9 0.9 0.5
v 2.9 0.9 0.4
v 2.9 0.9 -0.3
v 2.9 0.9 -0.4
v 3 0.8 0.4
v 3 0.8 0.3
v 3 0.8 -0.1
v 3 0.8 -0.3
v 3 0.8 -2.8
v 3 0.8 -2.9
v 3 0.9 0.4
v 3 0.9 0.3
v 3 0.9 -0.1
v 3 0.9 -0.3
v 3 0.9 -2.8
v 3 0.9 -2.9
v 3.1 0.8 -1.1
v 3.1 0.8 -1.2
v 3.1 0.9 0.2
v 3.1 0.9 0.0999999
v 3.1 0.9 0
v 3.1 0.9 -0.1
v 3.1 0.9 -1.1
v 3.1 0.9 -1.2
v 3.1 1 0.2
v 3.1 1 0.0999999
v 3.1 1 0
v 3.1 1 -0.1
v 3.2 0.8 -0.6
v 3.2 0.8 -0.7
v 3.2 0.9 0.0999999
v 3.2 0.9 0
v 3.2 0.9 -0.6
v 3.2 0.9 -0.7
v 3.2 1 0.0999999
v 3.2 1 0
v 3.3 0.8 0.4
v 3.3 0.8 -0.1
v 3.3 0.8 -0.2
v 3.3 0.8 -0.6
v 3.3 0.8 -2.9
v 3.3 0.8 -3
v 3.3 0.9 2.5
v 3.3 0.9 2.4
v 3.3 0.9 0.9
v 3.3 0.9 0.5
v 3.3 0.9 0.4
v 3.3 0.9 -0.1
v 3.3 0.9 -0.2
v 3.3 0.9 -0.6
v 3.3 0.9 -2.9
v 3.3 0.9 -3
v 3.3 1 2.5
v 3.3 1 2.4
v 3.3 1 0.9
v 3.3 1 0.5
v 3.3 1 -0.1
v 3.3 1 -0.2
v 3.4 0.9 2.4
v 3.4 0.9 2.3
v 3.4 1 2.4
v 3.4 1 2.3
v 3.5 0.8 1.3
v 3.5 0.8 1.2
v 3.5 0.8 -3
v 3.5 0.8 -3.1
v 3.5 0.9 2.3
v 3.5 0.9 2
v 3.5 0.9 1.3
v 3.5 0.9 1.2
v 3.5 0.9 -3
v 3.5 0.9 -3.1
v 3.5 1 2.3
v 3.5 1 2
v 3.5 1 1.3
v 3.5 1 1.2
v 3.6 0.9 2
v 3.6 0.9 1.3
v 3.6 1 2
v 3.6 1 1.3
v 3.7 0.8 -0.8
v 3.7 0.8 -1.1
v 3.7 0.8 -3.1
v 3.7 0.8 -3.2
v 3.7 0.9 -0.8
v 3.7 0.9 -1.1
v 3.7 0.9 -3.1
v 3.7 0.9 -3.2
v 3.8 0.8 -0.1
v 3.8 0.8 -0.2
v 3.8 0.8 -0.3
v 3.8 0.8 -0.8
v 3.8 0.9 -0.1
v 3.8 0.9 -0.2
v 3.8 0.9 -0.3
v 3.8 0.9 -0.8
v 3.9 0.8 1
v 3.9 0.8 0.6
v 3.9 0.8 -0.2
v 3.9 0.8 -0.3
v 3.9 0.9 1
v 3.9 0.9 0.6
v 3.9 0.9 -0.2
v 3.9 0.9 -0.3
v 4 0.8 0.6
v 4 0.8 0.5
v 4 0.9 0.6
v 4 0.9 0.5
v 4 0.9 -4.6
v 4 0.9 -4.7
v 4 1 -4.6
v 4 1 -4.7
v 4.1 0.8 3.1
v 4.1 0.8 2.3
v 4.1 0.8 -3.2
v 4.1 0.8 -3.3
v 4.1 0.9 3.1
v 4.1 0.9 2.3
v 4.1 0.9 -3.2
v 4.1 0.9 -3.3
v 4.1 0.9 -4.7
v 4.1 0.9 -5
v 4.1 1 -4.7
v 4.1 1 -5
v 4.2 0.7 -2.4
v 4.2 0.7 -2.5
v 4.2 0.8 2.3
v 4.2 0.8 2.1
v 4.2 0.8 -2.4
v 4.2 0.8 -2.5
v 4.2 0.9 2.3
v 4.2 0.9 2.1
v 4.3 0.7 -2.5
v 4.3 0.7 -2.6
v 4.3 0.8 1.1
v 4.3 0.8 1
v 4.3 0.8 -2.5
v 4.3 0.8 -2.6
v 4.3 0.9 1.1
v 4.3 0.9 1
v 4.4 0.7 -2.6
v 4.4 0.7 -2.7
v 4.4 0.8 1.5
v 4.4 0.8 1.1
v 4.4 0.8 -2.6
v 4.4 0.8 -2.7
v 4.4 0.8 -3.3
v 4.4 0.8 -3.4
v 4.4 0.9 1.5
v 4.4 0.9 1.1
v 4.4 0.9 -3.3
v 4.4 0.9 -3.4
v 4.5 0.7 -2.3
v 4.5 0.7 -2.4
v 4.5 0.7 -2.7
v 4.5 0.7 -2.8
v 4.5 0.8 1.8
v 4.5 0.8 1.6
v 4.5 0.8 -2.3
v 4.5 0.8 -2.4
v 4.5 0.8 -2.7
v 4.5 0.8 -2.8
v 4.5 0.9 1.8
v 4.5 0.9 1.6
v 4.6 0.7 -1.5
v 4.6 0.7 -2.3
v 4.6 0.7 -2.8
v 4.6 0.7 -2.9
v 4.6 0.8 -1.5
v 4.6 0.8 -2.3
v 4.6 0.8 -2.8
v 4.6 0.8 -2.9
v 4.6 0.8 -3.4
v 4.6 0.8 -3.5
v 4.6 0.9 -0.3
v 4.6 0.9 -0.4
v 4.6 0.9 -3.4
v 4.6 0.9 -3.5
v 4.6 1 -0.3
v 4.6 1 -0.4
v 4.7 0.7 -2.9
v 4.7 0.7 -3.1
v 4.7 0.8 -2.9
v 4.7 0.8 -3.1
v 4.7 0.8 -3.5
v 4.7 0.8 -3.6
v 4.7 0.9 0.3
v 4.7 0.9 0.2
v 4.7 0.9 -0.2
v 4.7 0.9 -0.3
v 4.7 0.9 -3.5
v 4.7 0.9 -3.6
v 4.7 1 0.3
v 4.7 1 0.2
v 4.7 1 -0.2
v 4.7 1 -0.3
v 4.8 0.7 -3.1
v 4.8 0.7 -3.3
v 4.8 0.8 1.9
v 4.8 0.8 1.8
v 4.8 0.8 -3.1
v 4.8 0.8 -3.3
v 4.8 0.8 -3.6
v 4.8 0.8 -3.7
v 4.8 0.9 1.9
v 4.8 0.9 1.8
v 4.8 0.9 0.2
v 4.8 0.9 -0.2
v 4.8 0.9 -3.6
v 4.8 0.9 -3.7
v 4.8 1 0.2
v 4.8 1 -0.2
v 4.9 0.7 -3.3
v 4.9 0.7 -3.6
v 4.9 0.8 3.6
v 4.9 0.8 3.5
v 4.9 0.8 3
v 4.9 0.8 2.4
v 4.9 0.8 2
v 4.9 0.8 1.9
v 4.9 0.8 -3.3
v 4.9 0.8 -3.6
v 4.9 0.8 -3.7
v 4.9 0.8 -3.8
v 4.9 0.9 3.6
v 4.9 0.9 3.5
v 4.9 0.9 3
v 4.9 0.9 2.4
v 4.9 0.9 2
v 4.9 0.9 1.9
v 4.9 0.9 -3.7
v 4.9 0.9 -3.8
v 5 -0.3 5
v 5 -0.3 -5
v 5 0.7 -1.5
v 5 0.7 -3.6
v 5 0.7 -3.8
v 5 0.8 5
v 5 0.8 3.6
v 5 0.8 3.5
v 5 0.8 3
v 5 0.8 2.4
v 5 0.8 2
v 5 0.8 1.7
v 5 0.8 -1.5
v 5 0.8 -3.6
v 5 0.8 -3.8
v 5 0.8 -5
v 5 0.9 5
v 5 0.9 3.6
v 5 0.9 3.5
v 5 0.9 3
v 5 0.9 2.4
v 5 0.9 2
v 5 0.9 1.7
v 5 0.9 -1.5
v 5 0.9 -3.8
v 5 0.9 -5
v -5 -0.3 5
v -5 0.9 5
v -5 1 5
v -4.4 0.8 5
v -4.4 0.9 5
v -4.4 1 5
v -1.6 0.7 5
v -1.6 0.8 5
v -1.6 0.9 5
v -0.7 0.7 5
v -0.7 0.8 5
v -0.7 0.9 5
v 5 -0.3 5
v 5 0.8 5
v 5 0.9 5
v -1.6 0.8 4.9
v -1.6 0.9 4.9
v -1.1 0.8 4.9
v -1.1 0.9 4.9
v -1.1 0.8 4.8
v -1.1 0.9 4.8
v -0.8 0.8 4.8
v -0.8 0.9 4.8
v -0.8 0.8 4.7
v -0.8 0.9 4.7
v -0.7 0.8 4.7
v -0.7 0.9 4.7
v -0.7 0.8 4.5
v -0.7 0.9 4.5
v -0.4 0.8 4.5
v -0.4 0.9 4.5
v -2.7 0.9 4.4
v -2.7 1 4.4
v -2.4 0.9 4.4
v -2.4 1 4.4
v 1.2 0.9 4.4
v 1.2 1 4.4
v 1.5 0.9 4.4
v 1.5 1 4.4
v -2.4 0.9 4.3
v -2.4 1 4.3
v -2.3 0.9 4.3
v -2.3 1 4.3
v 1.1 0.9 4.3
v 1.1 1 4.3
v 1.2 0.9 4.3
v 1.2 1 4.3
v 1.5 0.9 4.3
v 1.5 1 4.3
v 1.6 0.9 4.3
v 1.6 1 4.3
v -2.3 0.9 4.2
v -2.3 1 4.2
v -2.2 0.9 4.2
v -2.2 1 4.2
v 1.6 0.9 4.2
v 1.6 1 4.2
v 1.7 0.9 4.2
v 1.7 1 4.2
v -2.2 0.9 4.1
v -2.2 1 4.1
v -2.1 0.9 4.1
v -2.1 1 4.1
v 1.7 0.9 4.1
v 1.7 1 4.1
v 1.8 0.9 4.1
v 1.8 1 4.1
v -2.1 0.9 4
v -2.1 1 4
v -2 0.9 4
v -2 1 4
v 1.1 0.7 4
v 1.1 0.8 4
v 1.3 0.7 4
v 1.3 0.8 4
v 1.3 0.9 4
v 1.3 1 4
v 1.4 0.9 4
v 1.4 1 4
v 1.8 0.9 4
v 1.8 1 4
v 1.9 0.9 4
v 1.9 1 4
v -5 0.9 3.9
v -5 1 3.9
v -4.7 0.9 3.9
v -4.7 1 3.9
v -2 0.9 3.9
v -2 1 3.9
v -1.9 0.9 3.9
v -1.9 1 3.9
v 0.9 0.8 3.9
v 0.9 0.9 3.9
v 1 0.8 3.9
v 1 0.9 3.9
v 1 0.8 3.8
v 1 0.9 3.8
v 1.1 0.8 3.8
v 1.1 0.9 3.8
v 1.9 0.9 3.8
v 1.9 1 3.8
v 2 0.9 3.8
v 2 1 3.8
v -1.9 0.9 3.7
v -1.9 1 3.7
v -1.8 0.9 3.7
v -1.8 1 3.7
v 0.6 0.7 3.7
v 0.6 0.8 3.7
v 0.7 0.7 3.7
v 0.7 0.8 3.7
v 1.1 0.8 3.7
v 1.1 0.9 3.7
v 1.2 0.8 3.7
v 1.2 0.9 3.7
v 0 0.7 3.6
v 0 0.8 3.6
v 0.1 0.7 3.6
v 0.1 0.8 3.6
v 0.3 0.7 3.6
v 0.3 0.8 3.6
v 0.6 0.7 3.6
v 0.6 0.8 3.6
v 1.2 0.8 3.6
v 1.2 0.9 3.6
v 1.3 0.8 3.6
v 1.3 0.9 3.6
v 1.6 0.8 3.6
v 1.6 0.9 3.6
v 1.7 0.8 3.6
v 1.7 0.9 3.6
v 2 0.9 3.6
v 2 1 3.6
v 2.1 0.9 3.6
v 2.1 1 3.6
v 0.1 0.7 3.5
v 0.1 0.8 3.5
v 0.3 0.7 3.5
v 0.3 0.8 3.5
v 1.3 0.8 3.5
v 1.3 0.9 3.5
v 1.6 0.8 3.5
v 1.6 0.9 3.5
v 4.9 0.8 3.5
v 4.9 0.9 3.5
v 5 0.8 3.5
v 5 0.9 3.5
v -1.8 0.9 3.4
v -1.8 1 3.4
v -1.7 0.9 3.4
v -1.7 1 3.4
v -0.5 0.8 3.4
v -0.5 0.9 3.4
v 0.1 0.8 3.4
v 0.1 0.9 3.4
v -0.6 0.8 3.3
v -0.6 0.9 3.3
v -0.5 0.8 3.3
v -0.5 0.9 3.3
v -0.5 1 3.3
v -0.2 0.9 3.3
v -0.2 1 3.3
v 0.1 0.8 3.3
v 0.1 0.9 3.3
v 0.2 0.8 3.3
v 0.2 0.9 3.3
v -1.7 0.9 3.2
v -1.7 1 3.2
v -1.6 0.9 3.2
v -1.6 1 3.2
v -0.6 0.9 3.2
v -0.6 1 3.2
v -0.5 0.9 3.2
v -0.5 1 3.2
v -0.2 0.9 3.2
v -0.2 1 3.2
v -0.0999999 0.9 3.2
v -0.0999999 1 3.2
v 2.1 0.9 3.2
v 2.1 1 3.2
v 2.2 0.9 3.2
v 2.2 1 3.2
v -0.0999999 0.9 3.1
v -0.0999999 1 3.1
v 0 0.9 3.1
v 0 1 3.1
v 0.1 0.6 3.1
v 0.1 0.7 3.1
v 0.1 0.8 3.1
v 0.2 0.5 3.1
v 0.2 0.6 3.1
v 0.2 0.7 3.1
v 0.2 0.8 3.1
v 0.3 0.5 3.1
v 0.3 0.6 3.1
v 0 0.9 3
v 0 1 3
v 0.1 0.9 3
v 0.1 1 3
v 1.4 0.8 2.9
v 1.4 0.9 2.9
v 1.5 0.8 2.9
v 1.5 0.9 2.9
v -2.1 0.9 2.8
v -2.1 1 2.8
v -2 0.9 2.8
v -2 1 2.8
v 0.1 0.9 2.8
v 0.1 1 2.8
v 0.2 0.8 2.8
v 0.2 0.9 2.8
v 0.2 1 2.8
v 0.3 0.8 2.8
v 0.3 0.9 2.8
v 1.3 0.8 2.8
v 1.3 0.9 2.8
v 1.4 0.8 2.8
v 1.4 0.9 2.8
v 0.2 0.9 2.7
v 0.2 1 2.7
v 0.3 0.9 2.7
v 0.3 1 2.7
v 0.3 0.8 2.6
v 0.3 0.9 2.6
v 0.4 0.8 2.6
v 0.4 0.9 2.6
v -2.2 0.9 2.5
v -2.2 1 2.5
v -2.1 0.9 2.5
v -2.1 1 2.5
v 0.3 0.9 2.5
v 0.3 1 2.5
v 0.4 0.9 2.5
v 0.4 1 2.5
v 3.1 0.9 2.5
v 3.1 1 2.5
v 3.3 0.9 2.5
v 3.3 1 2.5
v 2.8 0.8 2.4
v 2.8 0.9 2.4
v 2.9 0.8 2.4
v 2.9 0.9 2.4
v 3.3 0.9 2.4
v 3.3 1 2.4
v 3.4 0.9 2.4
v 3.4 1 2.4
v 4.9 0.8 2.4
v 4.9 0.9 2.4
v 5 0.8 2.4
v 5 0.9 2.4
v -2.3 0.9 2.3
v -2.3 1 2.3
v -2.2 0.9 2.3
v -2.2 1 2.3
v 0.4 0.8 2.3
v 0.4 0.9 2.3
v 0.5 0.8 2.3
v 0.5 0.9 2.3
v 3.4 0.9 2.3
v 3.4 1 2.3
v 3.5 0.9 2.3
v 3.5 1 2.3
v 4.1 0.8 2.3
v 4.1 0.9 2.3
v 4.2 0.8 2.3
v 4.2 0.9 2.3
v -2.4 0.9 2.2
v -2.4 1 2.2
v -2.3 0.9 2.2
v -2.3 1 2.2
v 0.4 0.9 2.2
v 0.4 1 2.2
v 0.5 0.9 2.2
v 0.5 1 2.2
v 1.4 0.6 2.2
v 1.4 0.7 2.2
v 1.5 0.6 2.2
v 1.5 0.7 2.2
v 4.2 0.8 2.1
v 4.2 0.9 2.1
v 4.3 0.8 2.1
v 4.3 0.9 2.1
v 3.2 0.9 2
v 3.2 1 2
v 3.3 0.9 2
v 3.3 1 2
v 3.5 0.9 2
v 3.5 1 2
v 3.6 0.9 2
v 3.6 1 2
v 0.5 0.8 1.8
v 0.5 0.9 1.8
v 0.6 0.8 1.8
v 0.6 0.9 1.8
v 1.2 0.8 1.7
v 1.2 0.9 1.7
v 1.6 0.8 1.7
v 1.6 0.9 1.7
v 4.6 0.8 1.7
v 4.6 0.9 1.7
v 4.9 0.8 1.7
v 5 0.8 1.7
v 5 0.9 1.7
v 1.1 0.8 1.6
v 1.1 0.9 1.6
v 1.2 0.8 1.6
v 1.2 0.9 1.6
v 1.6 0.8 1.6
v 1.6 0.9 1.6
v 1.7 0.8 1.6
v 1.7 0.9 1.6
v 4.5 0.8 1.6
v 4.5 0.9 1.6
v 4.6 0.8 1.6
v 4.6 0.9 1.6
v -0.3 0.8 1.4
v -0.3 0.9 1.4
v 0 0.8 1.4
v 0 0.9 1.4
v 1.4 0.9 1.4
v 1.4 1 1.4
v 1.7 0.9 1.4
v 1.7 1 1.4
v 0.7 0.8 1.3
v 0.7 0.9 1.3
v 1.1 0.8 1.3
v 1.1 0.9 1.3
v 1.1 1 1.3
v 1.4 0.9 1.3
v 1.4 1 1.3
v 1.7 0.8 1.3
v 1.7 0.9 1.3
v 2 0.8 1.3
v 2 0.9 1.3
v 3.3 0.9 1.3
v 3.3 1 1.3
v 3.4 0.9 1.3
v 3.4 1 1.3
v -5 0.9 1.2
v -5 1 1.2
v -4.7 0.9 1.2
v -4.7 1 1.2
v -2.1 0.8 1.2
v -2.1 0.9 1.2
v -2 0.8 1.2
v -2 0.9 1.2
v -0.0999999 0.9 1.2
v -0.0999999 1 1.2
v 0 0.9 1.2
v 0 1 1.2
v 0.5 0.8 1.2
v 0.5 0.9 1.2
v 0.7 0.8 1.2
v 0.7 0.9 1.2
v 2 0.8 1.2
v 2 0.9 1.2
v 2.6 0.8 1.2
v 2.6 0.9 1.2
v -0.5 0.9 1.1
v -0.5 1 1.1
v -0.0999999 0.9 1.1
v -0.0999999 1 1.1
v 0 0.8 1.1
v 0 0.9 1.1
v 0.5 0.8 1.1
v 0.5 0.9 1.1
v 2.6 0.8 1.1
v 2.6 0.9 1.1
v 2.8 0.8 1.1
v 2.8 0.9 1.1
v 3.2 0.8 1.1
v 3.2 0.9 1.1
v 3.7 0.8 1.1
v 3.7 0.9 1.1
v -0.9 0.9 1
v -0.9 1 1
v -0.5 0.9 1
v -0.5 1 1
v -0.0999999 1 1
v -0.0999999 1.1 1
v 0 1 1
v 0 1.1 1
v 3.1 0.8 1
v 3.1 0.9 1
v 3.2 0.8 1
v 3.2 0.9 1
v -2 0.8 0.9
v -2 0.9 0.9
v -1.9 0.8 0.9
v -1.9 0.9 0.9
v 0.1 0.9 0.9
v 0.1 1 0.9
v 0.4 0.9 0.9
v 0.4 1 0.9
v 2.5 0.8 0.9
v 2.5 0.9 0.9
v 2.7 0.8 0.9
v 2.7 0.9 0.9
v 3.2 0.9 0.9
v 3.2 1 0.9
v 3.3 0.9 0.9
v 3.3 1 0.9
v -1.1 0.9 0.8
v -1.1 1 0.8
v -0.9 0.9 0.8
v -0.9 1 0.8
v -1.3 0.9 0.7
v -1.3 1 0.7
v -1.1 0.9 0.7
v -1.1 1 0.7
v 4.4 0.8 0.7
v 4.4 0.9 0.7
v 4.5 0.8 0.7
v 4.5 0.9 0.7
v 3.9 0.8 0.6
v 3.9 0.9 0.6
v 4 0.8 0.6
v 4 0.9 0.6
v -1.5 0.9 0.5
v -1.5 1 0.5
v -1.3 0.9 0.5
v -1.3 1 0.5
v 2.7 0.8 0.5
v 2.7 0.9 0.5
v 2.9 0.8 0.5
v 2.9 0.9 0.5
v 3.1 0.8 0.5
v 3.1 0.9 0.5
v 3.2 0.8 0.5
v 3.2 0.9 0.5
v 4 0.8 0.5
v 4 0.9 0.5
v 4.4 0.8 0.5
v 4.4 0.9 0.5
v -1.7 0.9 0.4
v -1.7 1 0.4
v -1.5 0.9 0.4
v -1.5 1 0.4
v 2.9 0.8 0.4
v 2.9 0.9 0.4
v 3 0.8 0.4
v 3 0.9 0.4
v 3 0.8 0.3
v 3 0.9 0.3
v 3.1 0.8 0.3
v 3.1 0.9 0.3
v 4.5 0.9 0.3
v 4.5 1 0.3
v 4.7 0.9 0.3
v 4.7 1 0.3
v 3 0.9 0.2
v 3 1 0.2
v 3.1 0.9 0.2
v 3.1 1 0.2
v 4.7 0.9 0.2
v 4.7 1 0.2
v 4.8 0.9 0.2
v 4.8 1 0.2
v 3.1 0.9 0.0999999
v 3.1 1 0.0999999
v 3.2 0.9 0.0999999
v 3.2 1 0.0999999
v -0.6 0.8 0
v -0.6 0.9 0
v -0.5 0.8 0
v -0.5 0.9 0
v -1.2 0.9 -0.1
v -1.2 1 -0.1
v -1 0.9 -0.1
v -1 1 -0.1
v -0.5 0.8 -0.1
v -0.5 0.9 -0.1
v -0.4 0.8 -0.1
v -0.4 0.9 -0.1
v 2.9 0.8 -0.1
v 2.9 0.9 -0.1
v 3 0.8 -0.1
v 3 0.9 -0.1
v 3.2 0.9 -0.1
v 3.2 1 -0.1
v 3.3 0.9 -0.1
v 3.3 1 -0.1
v -1 0.9 -0.2
v -1 1 -0.2
v -0.9 0.9 -0.2
v -0.9 1 -0.2
v 2.8 0.8 -0.2
v 2.8 0.9 -0.2
v 2.9 0.8 -0.2
v 2.9 0.9 -0.2
v 3.8 0.8 -0.2
v 3.8 0.9 -0.2
v 3.9 0.8 -0.2
v 3.9 0.9 -0.2
v -1.7 0.9 -0.3
v -1.7 1 -0.3
v -1.6 0.9 -0.3
v -1.6 1 -0.3
v -0.9 0.9 -0.3
v -0.9 1 -0.3
v -0.8 0.9 -0.3
v -0.8 1 -0.3
v -5 0.8 -0.4
v -5 0.9 -0.4
v -4.9 0.8 -0.4
v -4.6 0.8 -0.4
v -4.6 0.9 -0.4
v -0.8 0.9 -0.4
v -0.8 1 -0.4
v -0.7 0.9 -0.4
v -0.7 1 -0.4
v -4.6 0.8 -0.5
v -4.6 0.9 -0.5
v -4.5 0.8 -0.5
v -4.5 0.9 -0.5
v -0.7 0.9 -0.5
v -0.7 1 -0.5
v -0.6 0.9 -0.5
v -0.6 1 -0.5
v -0.4 0.8 -0.5
v -0.4 0.9 -0.5
v -0.2 0.8 -0.5
v -0.2 0.9 -0.5
v 2.5 0.8 -0.5
v 2.5 0.9 -0.5
v 2.7 0.8 -0.5
v 2.7 0.9 -0.5
v -1.2 1 -0.6
v -1.2 1.1 -0.6
v -1.1 1 -0.6
v -1.1 1.1 -0.6
v -0.6 0.9 -0.6
v -0.6 1 -0.6
v -0.5 0.9 -0.6
v -0.5 1 -0.6
v 2.3 0.8 -0.6
v 2.3 0.9 -0.6
v 2.5 0.8 -0.6
v 2.5 0.9 -0.6
v 1.9 0.8 -0.7
v 1.9 0.9 -0.7
v 2.3 0.8 -0.7
v 2.3 0.9 -0.7
v 3.6 0.8 -0.7
v 3.6 0.9 -0.7
v 3.7 0.8 -0.7
v 3.7 0.9 -0.7
v -4.2 0.8 -0.8
v -4.2 0.9 -0.8
v -3.8 0.8 -0.8
v -3.8 0.9 -0.8
v -0.8 1 -0.8
v -0.8 1.1 -0.8
v -0.5 0.9 -0.8
v -0.5 1 -0.8
v -0.5 1.1 -0.8
v -0.4 0.9 -0.8
v -0.4 1 -0.8
v -0.2 0.8 -0.8
v -0.2 0.9 -0.8
v 0 0.8 -0.8
v 0 0.9 -0.8
v 1.6 0.8 -0.8
v 1.6 0.9 -0.8
v 1.9 0.8 -0.8
v 1.9 0.9 -0.8
v -4.3 0.8 -0.9
v -4.3 0.9 -0.9
v -4.2 0.8 -0.9
v -4.2 0.9 -0.9
v 0 0.8 -0.9
v 0 0.9 -0.9
v 0.2 0.8 -0.9
v 0.2 0.9 -0.9
v 1.1 0.8 -0.9
v 1.1 0.9 -0.9
v 1.6 0.8 -0.9
v 1.6 0.9 -0.9
v 2.3 0.8 -0.9
v 2.3 0.9 -0.9
v 2.7 0.8 -0.9
v 2.7 0.9 -0.9
v 0.2 0.8 -1
v 0.2 0.9 -1
v 0.3 0.8 -1
v 0.3 0.9 -1
v 0.7 0.8 -1
v 0.7 0.9 -1
v 1.1 0.8 -1
v 1.1 0.9 -1
v 2.7 0.8 -1
v 2.7 0.9 -1
v 2.8 0.8 -1
v 2.8 0.9 -1
v -4.4 0.8 -1.1
v -4.4 0.9 -1.1
v -4.3 0.8 -1.1
v -4.3 0.9 -1.1
v 0.4 0.8 -1.1
v 0.4 0.9 -1.1
v 0.7 0.8 -1.1
v 0.7 0.9 -1.1
v 2.8 0.8 -1.1
v 2.8 0.9 -1.1
v 3.1 0.8 -1.1
v 3.1 0.9 -1.1
v 0.3 0.8 -1.2
v 0.3 0.9 -1.2
v 0.4 0.8 -1.2
v 0.4 0.9 -1.2
v 1.7 0.8 -1.2
v 1.7 0.9 -1.2
v 1.8 0.8 -1.2
v 1.8 0.9 -1.2
v -2.7 0.8 -1.3
v -2.7 0.9 -1.3
v -2.6 0.8 -1.3
v -2.6 0.9 -1.3
v -2.6 0.8 -1.4
v -2.6 0.9 -1.4
v -2.5 0.8 -1.4
v -2.5 0.9 -1.4
v -4.6 0.8 -1.5
v -4.6 0.9 -1.5
v -4.4 0.8 -1.5
v -4.4 0.9 -1.5
v -3.7 0.8 -1.5
v -3.7 0.9 -1.5
v -3.6 0.8 -1.5
v -3.6 0.9 -1.5
v -2.5 0.8 -1.5
v -2.5 0.9 -1.5
v -2.4 0.8 -1.5
v -2.4 0.9 -1.5
v -2.3 0.7 -1.6
v -2.3 0.8 -1.6
v -1.4 0.7 -1.6
v -1.4 0.8 -1.6
v -4.5 0.9 -1.7
v -4.5 1 -1.7
v -4.1 0.9 -1.7
v -4.1 1 -1.7
v -3.6 0.8 -1.7
v -3.6 0.9 -1.7
v -3.5 0.8 -1.7
v -3.5 0.9 -1.7
v -1.8 0.8 -1.7
v -1.8 0.9 -1.7
v -1.4 0.7 -1.7
v -1.4 0.8 -1.7
v -1.4 0.9 -1.7
v -1.3 0.7 -1.7
v -1.3 0.8 -1.7
v -5 0.7 -1.8
v -5 0.8 -1.8
v -4.9 0.7 -1.8
v -4.9 0.8 -1.8
v -4.7 0.8 -1.8
v -4.7 0.9 -1.8
v -4.6 0.8 -1.8
v -4.6 0.9 -1.8
v -4.6 1 -1.8
v -4.5 0.9 -1.8
v -4.5 1 -1.8
v -4.1 0.9 -1.8
v -4.1 1 -1.8
v -4 0.9 -1.8
v -4 1 -1.8
v -1.3 0.7 -1.8
v -1.3 0.8 -1.8
v -1.2 0.7 -1.8
v -1.2 0.8 -1.8
v -4.8 0.8 -1.9
v -4.8 0.9 -1.9
v -4.7 0.8 -1.9
v -4.7 0.9 -1.9
v -1.2 0.7 -1.9
v -1.2 0.8 -1.9
v -1.1 0.7 -1.9
v -1.1 0.8 -1.9
v -5 0.8 -2
v -5 0.9 -2
v -4.9 0.8 -2
v -4.8 0.8 -2
v -4.8 0.9 -2
v -4 0.9 -2
v -4 1 -2
v -3.9 0.9 -2
v -3.9 1 -2
v 0 0.8 -2
v 0 0.9 -2
v 1.2 0.8 -2
v 1.2 0.9 -2
v -3.5 0.8 -2.1
v -3.5 0.9 -2.1
v -3.3 0.8 -2.1
v -3.3 0.9 -2.1
v 1.2 0.8 -2.1
v 1.2 0.9 -2.1
v 1.3 0.8 -2.1
v 1.3 0.9 -2.1
v 1.4 0.8 -2.1
v 1.4 0.9 -2.1
v 1.8 0.8 -2.1
v 1.8 0.9 -2.1
v -3.3 0.8 -2.2
v -3.3 0.9 -2.2
v -3.2 0.8 -2.2
v -3.2 0.9 -2.2
v 0.3 0.9 -2.2
v 0.3 1 -2.2
v 0.6 0.9 -2.2
v 0.6 1 -2.2
v 1.3 0.8 -2.2
v 1.3 0.9 -2.2
v 1.4 0.8 -2.2
v 1.4 0.9 -2.2
v 1.8 0.8 -2.2
v 1.8 0.9 -2.2
v 1.9 0.8 -2.2
v 1.9 0.9 -2.2
v 0.1 0.9 -2.3
v 0.1 1 -2.3
v 0.3 0.9 -2.3
v 0.3 1 -2.3
v 0.6 0.9 -2.3
v 0.6 1 -2.3
v 0.7 0.9 -2.3
v 0.7 1 -2.3
v 0.7 0.9 -2.4
v 0.7 1 -2.4
v 0.9 0.9 -2.4
v 0.9 1 -2.4
v 0.9 0.9 -2.5
v 0.9 1 -2.5
v 1 0.9 -2.5
v 1 1 -2.5
v 4.2 0.7 -2.5
v 4.2 0.8 -2.5
v 4.3 0.7 -2.5
v 4.3 0.8 -2.5
v -2.5 0.8 -2.6
v -2.5 0.9 -2.6
v -2.1 0.8 -2.6
v -2.1 0.9 -2.6
v 1 0.9 -2.6
v 1 1 -2.6
v 1.1 0.9 -2.6
v 1.1 1 -2.6
v 1.9 0.8 -2.6
v 1.9 0.9 -2.6
v 2 0.8 -2.6
v 2 0.9 -2.6
v 2.1 0.8 -2.6
v 2.1 0.9 -2.6
v 2.6 0.8 -2.6
v 2.6 0.9 -2.6
v 4.3 0.7 -2.6
v 4.3 0.8 -2.6
v 4.4 0.7 -2.6
v 4.4 0.8 -2.6
v -2.1 0.8 -2.7
v -2.1 0.9 -2.7
v -2 0.8 -2.7
v -2 0.9 -2.7
v 2 0.8 -2.7
v 2 0.9 -2.7
v 2.1 0.8 -2.7
v 2.1 0.9 -2.7
v 2.6 0.8 -2.7
v 2.6 0.9 -2.7
v 2.8 0.8 -2.7
v 2.8 0.9 -2.7
v 4.4 0.7 -2.7
v 4.4 0.8 -2.7
v 4.5 0.7 -2.7
v 4.5 0.8 -2.7
v -2 0.8 -2.8
v -2 0.9 -2.8
v -1.8 0.8 -2.8
v -1.8 0.9 -2.8
v 1.1 0.9 -2.8
v 1.1 1 -2.8
v 1.2 0.9 -2.8
v 1.2 1 -2.8
v 2 0.9 -2.8
v 2 1 -2.8
v 2.1 0.9 -2.8
v 2.1 1 -2.8
v 2.8 0.8 -2.8
v 2.8 0.9 -2.8
v 3 0.8 -2.8
v 3 0.9 -2.8
v 4.5 0.7 -2.8
v 4.5 0.8 -2.8
v 4.6 0.7 -2.8
v 4.6 0.8 -2.8
v -1.8 0.8 -2.9
v -1.8 0.9 -2.9
v -1.6 0.8 -2.9
v -1.6 0.9 -2.9
v -0.5 0.8 -2.9
v -0.5 0.9 -2.9
v -0.3 0.7 -2.9
v -0.3 0.8 -2.9
v 0 0.7 -2.9
v 0 0.8 -2.9
v 0 0.9 -2.9
v 2.1 0.9 -2.9
v 2.1 1 -2.9
v 2.3 0.9 -2.9
v 2.3 1 -2.9
v 3 0.8 -2.9
v 3 0.9 -2.9
v 3.3 0.8 -2.9
v 3.3 0.9 -2.9
v 4.6 0.7 -2.9
v 4.6 0.8 -2.9
v 4.7 0.7 -2.9
v 4.7 0.8 -2.9
v -1.6 0.8 -3
v -1.6 0.9 -3
v -1.5 0.8 -3
v -1.5 0.9 -3
v -0.6 0.8 -3
v -0.6 0.9 -3
v -0.5 0.8 -3
v -0.5 0.9 -3
v 1.2 0.9 -3
v 1.2 1 -3
v 1.3 0.9 -3
v 1.3 1 -3
v 2.3 0.9 -3
v 2.3 1 -3
v 2.4 0.9 -3
v 2.4 1 -3
v 3.3 0.8 -3
v 3.3 0.9 -3
v 3.5 0.8 -3
v 3.5 0.9 -3
v -3.6 0.8 -3.1
v -3.6 0.9 -3.1
v -3.5 0.8 -3.1
v -3.5 0.9 -3.1
v -1.5 0.8 -3.1
v -1.5 0.9 -3.1
v -1.3 0.8 -3.1
v -1.3 0.9 -3.1
v 2.4 0.9 -3.1
v 2.4 1 -3.1
v 2.5 0.9 -3.1
v 2.5 1 -3.1
v 3.5 0.8 -3.1
v 3.5 0.9 -3.1
v 3.7 0.8 -3.1
v 3.7 0.9 -3.1
v 4.7 0.7 -3.1
v 4.7 0.8 -3.1
v 4.8 0.7 -3.1
v 4.8 0.8 -3.1
v -3.5 0.8 -3.2
v -3.5 0.9 -3.2
v -3.4 0.8 -3.2
v -3.4 0.9 -3.2
v -1.3 0.8 -3.2
v -1.3 0.9 -3.2
v -1.2 0.8 -3.2
v -1.2 0.9 -3.2
v -1.1 0.8 -3.2
v -1.1 0.9 -3.2
v -0.6 0.8 -3.2
v -0.6 0.9 -3.2
v 2.5 0.9 -3.2
v 2.5 1 -3.2
v 2.6 0.9 -3.2
v 2.6 1 -3.2
v 3.7 0.8 -3.2
v 3.7 0.9 -3.2
v 4.1 0.8 -3.2
v 4.1 0.9 -3.2
v -5 0.7 -3.3
v -5 0.8 -3.3
v -4.9 0.7 -3.3
v -4.9 0.8 -3.3
v -1.2 0.8 -3.3
v -1.2 0.9 -3.3
v -1.1 0.8 -3.3
v -1.1 0.9 -3.3
v 4.1 0.8 -3.3
v 4.1 0.9 -3.3
v 4.4 0.8 -3.3
v 4.4 0.9 -3.3
v 4.8 0.7 -3.3
v 4.8 0.8 -3.3
v 4.9 0.7 -3.3
v 4.9 0.8 -3.3
v -5 0.8 -3.4
v -5 0.9 -3.4
v -4.9 0.8 -3.4
v -4.9 0.9 -3.4
v -3.4 0.8 -3.4
v -3.4 0.9 -3.4
v -3.2 0.8 -3.4
v -3.2 0.9 -3.4
v 4.4 0.8 -3.4
v 4.4 0.9 -3.4
v 4.6 0.8 -3.4
v 4.6 0.9 -3.4
v -3.2 0.8 -3.5
v -3.2 0.9 -3.5
v -3.1 0.8 -3.5
v -3.1 0.9 -3.5
v 4.6 0.8 -3.5
v 4.6 0.9 -3.5
v 4.7 0.8 -3.5
v 4.7 0.9 -3.5
v -4.3 0.8 -3.6
v -4.3 0.9 -3.6
v -4.2 0.8 -3.6
v -4.2 0.9 -3.6
v -3.1 0.8 -3.6
v -3.1 0.9 -3.6
v -2.8 0.8 -3.6
v -2.8 0.9 -3.6
v 4.7 0.8 -3.6
v 4.7 0.9 -3.6
v 4.8 0.8 -3.6
v 4.8 0.9 -3.6
v 4.9 0.7 -3.6
v 4.9 0.8 -3.6
v 5 0.7 -3.6
v 5 0.8 -3.6
v -2.8 0.8 -3.7
v -2.8 0.9 -3.7
v -2.7 0.8 -3.7
v -2.7 0.9 -3.7
v 4.8 0.8 -3.7
v 4.8 0.9 -3.7
v 4.9 0.8 -3.7
v 4.9 0.9 -3.7
v -4.2 0.8 -3.8
v -4.2 0.9 -3.8
v -4.1 0.8 -3.8
v -4.1 0.9 -3.8
v -3.9 0.8 -3.8
v -3.9 0.9 -3.8
v -3.8 0.8 -3.8
v -3.8 0.9 -3.8
v -3.5 0.9 -3.8
v -3.5 1 -3.8
v -3.2 0.9 -3.8
v -3.2 1 -3.8
v -2.8 0.9 -3.8
v -2.8 1 -3.8
v -2.7 0.8 -3.8
v -2.7 0.9 -3.8
v -2.7 1 -3.8
v -2.5 0.8 -3.8
v -2.4 0.8 -3.8
v -2.4 0.9 -3.8
v 4.9 0.8 -3.8
v 4.9 0.9 -3.8
v 5 0.8 -3.8
v 5 0.9 -3.8
v -4.1 0.8 -3.9
v -4.1 0.9 -3.9
v -4 0.8 -3.9
v -4 0.9 -3.9
v -3.6 0.9 -3.9
v -3.6 1 -3.9
v -3.5 0.9 -3.9
v -3.5 1 -3.9
v -2.5 0.6 -3.9
v -2.5 0.8 -3.9
v -2.4 0.5 -3.9
v -2.4 0.6 -3.9
v -2.4 0.7 -3.9
v -2.4 0.8 -3.9
v -2.4 0.9 -3.9
v -2.3 0.6 -3.9
v -2.3 0.7 -3.9
v -2.3 0.8 -3.9
v -2.3 0.9 -3.9
v -2.2 0.5 -3.9
v -2.2 0.6 -3.9
v -2.2 0.8 -3.9
v -2 0.6 -3.9
v -2 0.7 -3.9
v -1.9 0.7 -3.9
v -1.9 0.8 -3.9
v -4 0.8 -4
v -4 0.9 -4
v -3.9 0.8 -4
v -3.9 0.9 -4
v -2.4 0.7 -4
v -2.4 0.8 -4
v -2.3 0.6 -4
v -2.3 0.7 -4
v -2.3 0.8 -4
v -2.2 0.6 -4
v -2.2 0.7 -4
v -2.2 0.8 -4
v -2.2 0.9 -4
v -1.9 0.8 -4
v -1.9 0.9 -4
v -1.7 0.8 -4
v -1.7 0.9 -4
v -1.4 0.7 -4
v -1.4 0.8 -4
v -1.4 0.9 -4
v -1.3 0.7 -4
v -1.3 0.8 -4
v 0.9 0.9 -4
v 0.9 1 -4
v 1 0.9 -4
v 1 1 -4
v -2.3 0.7 -4.1
v -2.3 0.8 -4.1
v -2.3 0.9 -4.1
v -2.2 0.7 -4.1
v -2.2 0.8 -4.1
v -2.2 0.9 -4.1
v -1.9 0.8 -4.1
v -1.9 0.9 -4.1
v -1.7 0.8 -4.1
v -1.7 0.9 -4.1
v -1.3 0.7 -4.1
v -1.3 0.8 -4.1
v -1.2 0.8 -4.1
v -1.2 0.9 -4.1
v -1.1 0.7 -4.1
v -1.1 0.8 -4.1
v -0.9 0.7 -4.1
v -0.9 0.8 -4.1
v -0.8 0.7 -4.1
v -0.8 0.8 -4.1
v -0.7 0.8 -4.1
v -0.7 0.9 -4.1
v -0.6 0.8 -4.1
v -0.6 0.9 -4.1
v -0.5 0.8 -4.1
v -0.5 0.9 -4.1
v -0.0999999 0.8 -4.1
v -0.0999999 0.9 -4.1
v 0 0.8 -4.1
v 0 0.9 -4.1
v 0.2 0.8 -4.1
v 0.2 0.9 -4.1
v 0.3 0.8 -4.1
v 0.3 0.9 -4.1
v 0.8 0.9 -4.1
v 0.8 1 -4.1
v 0.9 0.9 -4.1
v 0.9 1 -4.1
v -1.1 0.7 -4.2
v -1.1 0.8 -4.2
v -0.9 0.7 -4.2
v -0.9 0.8 -4.2
v -0.5 0.8 -4.2
v -0.5 0.9 -4.2
v -0.0999999 0.8 -4.2
v -0.0999999 0.9 -4.2
v 0 0.8 -4.2
v 0 0.9 -4.2
v 0.2 0.8 -4.2
v 0.2 0.9 -4.2
v 1.9 0.8 -4.3
v 1.9 0.9 -4.3
v 2 0.7 -4.3
v 2 0.8 -4.3
v 2 0.9 -4.3
v 2.1 0.7 -4.3
v 2.1 0.8 -4.3
v 2.2 0.8 -4.3
v 2.2 0.9 -4.3
v 2.3 0.8 -4.3
v 2.3 0.9 -4.3
v -1.4 0.7 -4.4
v -1.4 0.8 -4.4
v -1.3 0.7 -4.4
v -1.3 0.8 -4.4
v 2 0.8 -4.4
v 2 0.9 -4.4
v 2.2 0.8 -4.4
v 2.2 0.9 -4.4
v 0.9 0.9 -4.5
v 0.9 1 -4.5
v 1 0.8 -4.5
v 1 0.9 -4.5
v 1 1 -4.5
v 1.1 0.8 -4.5
v 1.1 0.9 -4.5
v 1.3 0.8 -4.5
v 1.3 0.9 -4.5
v 1.4 0.8 -4.5
v 1.4 0.9 -4.5
v -3.8 0.9 -4.6
v -3.8 1 -4.6
v -3.7 0.9 -4.6
v -3.7 1 -4.6
v 0.8 0.9 -4.6
v 0.8 1 -4.6
v 0.9 0.9 -4.6
v 0.9 1 -4.6
v 1.1 0.8 -4.6
v 1.1 0.9 -4.6
v 1.3 0.8 -4.6
v 1.3 0.9 -4.6
v 1.8 0.9 -4.6
v 1.8 1 -4.6
v 2.1 0.9 -4.6
v 2.1 1 -4.6
v 3.4 0.9 -4.6
v 3.4 1 -4.6
v 4 0.9 -4.6
v 4 1 -4.6
v -3.7 0.9 -4.7
v -3.7 1 -4.7
v -3.6 0.9 -4.7
v -3.6 1 -4.7
v 0.7 0.9 -4.7
v 0.7 1 -4.7
v 0.8 0.9 -4.7
v 0.8 1 -4.7
v 3.3 0.9 -4.7
v 3.3 1 -4.7
v 3.4 0.9 -4.7
v 3.4 1 -4.7
v 4 0.9 -4.7
v 4 1 -4.7
v 4.1 0.9 -4.7
v 4.1 1 -4.7
v -4.8 0.7 -4.8
v -4.8 0.8 -4.8
v -4.7 0.8 -4.8
v -4.7 0.9 -4.8
v -4.5 0.7 -4.8
v -4.5 0.8 -4.8
v -4.3 0.8 -4.8
v -4.3 0.9 -4.8
v -3.6 0.9 -4.8
v -3.6 1 -4.8
v -3.5 0.9 -4.8
v -3.5 1 -4.8
v 0.6 0.9 -4.8
v 0.6 1 -4.8
v 0.7 0.9 -4.8
v 0.7 1 -4.8
v 2.6 0.9 -4.8
v 2.6 1 -4.8
v 3.3 0.9 -4.8
v 3.3 1 -4.8
v -2.5 0.9 -4.9
v -2.5 1 -4.9
v -1.4 0.7 -4.9
v -1.4 0.8 -4.9
v -1.4 0.9 -4.9
v -1.4 1 -4.9
v -1.3 0.7 -4.9
v -1.3 0.8 -4.9
v -1.1 0.9 -4.9
v -1.1 1 -4.9
v -0.9 0.9 -4.9
v -0.9 1 -4.9
v -0.4 0.9 -4.9
v -0.4 1 -4.9
v -0.2 0.9 -4.9
v -0.2 1 -4.9
v 0.3 0.9 -4.9
v 0.3 1 -4.9
v 0.6 0.9 -4.9
v 0.6 1 -4.9
v -5 0.9 4.8
v -5 1 4.8
v -4.4 0.9 4.8
v -4.4 1 4.8
v -0.7 0.8 4.8
v -0.7 0.9 4.8
v 0 0.8 4.8
v 0 0.9 4.8
v 0 0.8 4.5
v 0 0.9 4.5
v 0.1 0.8 4.5
v 0.1 0.9 4.5
v 0.1 0.8 4.4
v 0.1 0.9 4.4
v 0.2 0.8 4.4
v 0.2 0.9 4.4
v -2.7 0.9 4.3
v -2.7 1 4.3
v -2.6 0.9 4.3
v -2.6 1 4.3
v 0.2 0.8 4.3
v 0.2 0.9 4.3
v 0.4 0.8 4.3
v 0.4 0.9 4.3
v 1 0.8 4.3
v 1 0.9 4.3
v 1.1 0.9 4.3
v 1.2 0.8 4.3
v 1.2 0.9 4.3
v 0.9 0.8 4.2
v 0.9 0.9 4.2
v 1 0.8 4.2
v 1 0.9 4.2
v 1.2 0.8 4.2
v 1.2 0.9 4.2
v 1.3 0.8 4.2
v 1.3 0.9 4.2
v 0.4 0.8 4.1
v 0.4 0.9 4.1
v 0.5 0.8 4.1
v 0.5 0.9 4.1
v 1.1 0.7 4.1
v 1.1 0.8 4.1
v 1.1 0.9 4.1
v 1.1 1 4.1
v 1.3 0.7 4.1
v 1.3 0.8 4.1
v 1.3 0.9 4.1
v 1.4 0.8 4.1
v 1.4 0.9 4.1
v 1.4 1 4.1
v -2.6 0.9 4
v -2.6 1 4
v -2.5 0.9 4
v -2.5 1 4
v 0.1 0.7 4
v 0.1 0.8 4
v 0.5 0.8 4
v 0.5 0.9 4
v 0.6 0.7 4
v 0.6 0.8 4
v 0.7 0.8 4
v 0.7 0.9 4
v 1.4 0.8 4
v 1.4 0.9 4
v 1.5 0.8 4
v 1.5 0.9 4
v -2.5 0.9 3.9
v -2.5 1 3.9
v -2.4 0.9 3.9
v -2.4 1 3.9
v 0 0.7 3.9
v 0 0.8 3.9
v 0.1 0.7 3.9
v 0.1 0.8 3.9
v 0.6 0.7 3.9
v 0.6 0.8 3.9
v 0.7 0.7 3.9
v 0.7 0.8 3.9
v 0.7 0.9 3.9
v 0.8 0.8 3.9
v 0.8 0.9 3.9
v 1.3 0.9 3.9
v 1.3 1 3.9
v 1.4 0.9 3.9
v 1.4 1 3.9
v 1.5 0.8 3.9
v 1.5 0.9 3.9
v 1.6 0.8 3.9
v 1.6 0.9 3.9
v -2.4 0.9 3.8
v -2.4 1 3.8
v -2.3 0.9 3.8
v -2.3 1 3.8
v -0.5 0.8 3.8
v -0.5 0.9 3.8
v -0.4 0.8 3.8
v -0.4 0.9 3.8
v 1.4 0.9 3.8
v 1.4 1 3.8
v 1.6 0.8 3.8
v 1.6 0.9 3.8
v 1.7 0.8 3.8
v 1.7 0.9 3.8
v 1.7 1 3.8
v -2.3 0.9 3.7
v -2.3 1 3.7
v -2.2 0.9 3.7
v -2.2 1 3.7
v 0.8 0.8 3.7
v 0.8 0.9 3.7
v 0.9 0.8 3.7
v 0.9 0.9 3.7
v 1.7 0.9 3.7
v 1.7 1 3.7
v 1.8 0.9 3.7
v 1.8 1 3.7
v -2.2 0.9 3.6
v -2.2 1 3.6
v -2.1 0.9 3.6
v -2.1 1 3.6
v 1.8 0.9 3.6
v 1.8 1 3.6
v 1.9 0.9 3.6
v 1.9 1 3.6
v 4.9 0.8 3.6
v 4.9 0.9 3.6
v 5 0.8 3.6
v 5 0.9 3.6
v -0.6 0.8 3.5
v -0.6 0.9 3.5
v -0.5 0.8 3.5
v -0.5 0.9 3.5
v 0.9 0.8 3.5
v 0.9 0.9 3.5
v 1 0.8 3.5
v 1 0.9 3.5
v 1.9 0.9 3.5
v 1.9 1 3.5
v 2 0.9 3.5
v 2 1 3.5
v 1 0.8 3.4
v 1 0.9 3.4
v 1.2 0.8 3.4
v 1.2 0.9 3.4
v -2.1 0.9 3.3
v -2.1 1 3.3
v -2 0.9 3.3
v -2 1 3.3
v 1.2 0.8 3.3
v 1.2 0.9 3.3
v 1.3 0.8 3.3
v 1.3 0.9 3.3
v 2 0.9 3.3
v 2 1 3.3
v 2.1 0.9 3.3
v 2.1 1 3.3
v 0.1 0.6 3.2
v 0.1 0.7 3.2
v 0.1 0.8 3.2
v 0.2 0.5 3.2
v 0.2 0.6 3.2
v 0.2 0.7 3.2
v 0.2 0.8 3.2
v 0.3 0.5 3.2
v 0.3 0.6 3.2
v 1.3 0.8 3.2
v 1.3 0.9 3.2
v 1.4 0.8 3.2
v 1.4 0.9 3.2
v -0.6 0.9 3.1
v -0.6 1 3.1
v -0.5 0.9 3.1
v -0.5 1 3.1
v 1.4 0.8 3.1
v 1.4 0.9 3.1
v 1.5 0.8 3.1
v 1.5 0.9 3.1
v 4.1 0.8 3.1
v 4.1 0.9 3.1
v 4.3 0.8 3.1
v 4.3 0.9 3.1
v -1.7 0.9 3
v -1.7 1 3
v -1.6 0.9 3
v -1.6 1 3
v -0.5 0.9 3
v -0.5 1 3
v -0.4 0.9 3
v -0.4 1 3
v 2.1 0.9 3
v 2.1 1 3
v 2.2 0.9 3
v 2.2 1 3
v 4.9 0.8 3
v 4.9 0.9 3
v 5 0.8 3
v 5 0.9 3
v -0.4 0.9 2.9
v -0.4 1 2.9
v -0.3 0.9 2.9
v -0.3 1 2.9
v -5 0.9 2.8
v -5 1 2.8
v -4.7 0.9 2.8
v -4.7 1 2.8
v -0.3 0.9 2.8
v -0.3 1 2.8
v -0.2 0.9 2.8
v -0.2 1 2.8
v 2.8 0.8 2.8
v 2.8 0.9 2.8
v 2.9 0.8 2.8
v 2.9 0.9 2.8
v -0.2 0.9 2.7
v -0.2 1 2.7
v -0.0999999 0.9 2.7
v -0.0999999 1 2.7
v 1.3 0.8 2.7
v 1.3 0.9 2.7
v 1.4 0.8 2.7
v 1.4 0.9 2.7
v -0.0999999 0.9 2.6
v -0.0999999 1 2.6
v 0 0.9 2.6
v 0 1 2.6
v 1.4 0.8 2.6
v 1.4 0.9 2.6
v 1.5 0.8 2.6
v 1.5 0.9 2.6
v -1.8 0.9 2.5
v -1.8 1 2.5
v -1.7 0.9 2.5
v -1.7 1 2.5
v 1.5 0.8 2.5
v 1.5 0.9 2.5
v 1.6 0.8 2.5
v 1.6 0.9 2.5
v 0 0.9 2.4
v 0 1 2.4
v 0.1 0.9 2.4
v 0.1 1 2.4
v 1.4 0.6 2.4
v 1.4 0.7 2.4
v 1.5 0.6 2.4
v 1.5 0.7 2.4
v 3.1 0.9 2.4
v 3.1 1 2.4
v 3.2 0.9 2.4
v 3.2 1 2.4
v 1.6 0.8 2.3
v 1.6 0.9 2.3
v 1.9 0.8 2.3
v 1.9 0.9 2.3
v 2.7 0.8 2.3
v 2.7 0.9 2.3
v 2.8 0.8 2.3
v 2.8 0.9 2.3
v 3.2 0.9 2.3
v 3.2 1 2.3
v 3.3 0.9 2.3
v 3.3 1 2.3
v -2.1 0.9 2.2
v -2.1 1 2.2
v -1.8 0.9 2.2
v -1.8 1 2.2
v 0.1 0.9 2.2
v 0.1 1 2.2
v 0.2 0.9 2.2
v 0.2 1 2.2
v 1.9 0.8 2.2
v 1.9 0.9 2.2
v 2 0.8 2.2
v 2 0.9 2.2
v -2.4 0.9 2.1
v -2.4 1 2.1
v -2.3 0.9 2.1
v -2.3 1 2.1
v -2.2 0.9 2.1
v -2.2 1 2.1
v -2.1 0.9 2.1
v -2.1 1 2.1
v -2.3 0.9 2
v -2.3 1 2
v -2.2 0.9 2
v -2.2 1 2
v 2 0.8 2
v 2 0.9 2
v 2.1 0.8 2
v 2.1 0.9 2
v 2.6 0.8 2
v 2.6 0.9 2
v 2.7 0.8 2
v 2.7 0.9 2
v 4.9 0.8 2
v 4.9 0.9 2
v 5 0.8 2
v 5 0.9 2
v 2.1 0.8 1.9
v 2.1 0.9 1.9
v 2.6 0.8 1.9
v 2.6 0.9 1.9
v 3.2 0.9 1.9
v 3.2 1 1.9
v 3.3 0.9 1.9
v 3.3 1 1.9
v 4.8 0.8 1.9
v 4.8 0.9 1.9
v 4.9 0.8 1.9
v 4.9 0.9 1.9
v -0.3 0.8 1.8
v -0.3 0.9 1.8
v -0.2 0.8 1.8
v -0.2 0.9 1.8
v 0.2 0.9 1.8
v 0.2 1 1.8
v 0.3 0.9 1.8
v 0.3 1 1.8
v 3.3 0.9 1.8
v 3.3 1 1.8
v 3.4 0.9 1.8
v 3.4 1 1.8
v 4.5 0.8 1.8
v 4.5 0.9 1.8
v 4.8 0.8 1.8
v 4.8 0.9 1.8
v -0.2 0.8 1.7
v -0.2 0.9 1.7
v -0.0999999 0.8 1.7
v -0.0999999 0.9 1.7
v 0.3 0.9 1.7
v 0.3 1 1.7
v 0.4 0.9 1.7
v 0.4 1 1.7
v -0.0999999 0.8 1.6
v -0.0999999 0.9 1.6
v 0.4 0.9 1.6
v 0.4 1 1.6
v 0.5 0.9 1.6
v 0.5 1 1.6
v 0.6 0.8 1.6
v 0.6 0.9 1.6
v 2.8 0.8 1.5
v 2.8 0.9 1.5
v 2.9 0.8 1.5
v 2.9 0.9 1.5
v 4.4 0.8 1.5
v 4.4 0.9 1.5
v 4.5 0.8 1.5
v 4.5 0.9 1.5
v -2.1 0.8 1.3
v -2.1 0.9 1.3
v -1.9 0.8 1.3
v -1.9 0.9 1.3
v 2.9 0.8 1.3
v 2.9 0.9 1.3
v 3 0.8 1.3
v 3 0.9 1.3
v 3.5 0.8 1.3
v 3.5 0.9 1.3
v 3.5 1 1.3
v 3.6 0.8 1.3
v 3.6 0.9 1.3
v 3.6 1 1.3
v 1.1 0.9 1.2
v 1.1 1 1.2
v 1.2 0.9 1.2
v 1.2 1 1.2
v 1.6 0.9 1.2
v 1.6 1 1.2
v 1.7 0.9 1.2
v 1.7 1 1.2
v 3 0.8 1.2
v 3 0.9 1.2
v 3.3 0.8 1.2
v 3.3 0.9 1.2
v 3.3 1 1.2
v 3.5 0.8 1.2
v 3.5 0.9 1.2
v 3.5 1 1.2
v 3.6 0.8 1.2
v 3.6 0.9 1.2
v 3.7 0.8 1.2
v 3.7 0.9 1.2
v 1.2 0.9 1.1
v 1.2 1 1.1
v 1.6 0.9 1.1
v 1.6 1 1.1
v 4.3 0.8 1.1
v 4.3 0.9 1.1
v 4.4 0.8 1.1
v 4.4 0.9 1.1
v 1.8 0.8 1
v 1.8 0.9 1
v 1.9 0.8 1
v 1.9 0.9 1
v 2 0.8 1
v 2 0.9 1
v 2.1 0.8 1
v 2.1 0.9 1
v 2.5 0.8 1
v 2.5 0.9 1
v 2.7 0.8 1
v 2.7 0.9 1
v 3.9 0.8 1
v 3.9 0.9 1
v 4.3 0.8 1
v 4.3 0.9 1
v -0.0999999 1 0.9
v -0.0999999 1.1 0.9
v 0 1 0.9
v 0 1.1 0.9
v 1.3 0.8 0.9
v 1.3 0.9 0.9
v 1.8 0.8 0.9
v 1.8 0.9 0.9
v 1.9 0.8 0.9
v 1.9 0.9 0.9
v 2 0.8 0.9
v 2 0.9 0.9
v 2.1 0.8 0.9
v 2.1 0.9 0.9
v 2.3 0.8 0.9
v 2.3 0.9 0.9
v 2.7 0.8 0.9
v 2.7 0.9 0.9
v 2.8 0.8 0.9
v 2.8 0.9 0.9
v -4.8 0.9 0.8
v -4.8 1 0.8
v -4.7 0.9 0.8
v -4.7 1 0.8
v 0.1 0.9 0.8
v 0.1 1 0.8
v 0.4 0.9 0.8
v 0.4 1 0.8
v 0.8 0.8 0.8
v 0.8 0.9 0.8
v 1.3 0.8 0.8
v 1.3 0.9 0.8
v 2.3 0.8 0.8
v 2.3 0.9 0.8
v 2.5 0.8 0.8
v 2.5 0.9 0.8
v -5 0.8 0.7
v -5 0.9 0.7
v -5 1 0.7
v -4.9 0.8 0.7
v -4.9 0.9 0.7
v -4.8 0.8 0.7
v -4.8 0.9 0.7
v -4.8 1 0.7
v 2.5 0.8 0.7
v 2.5 0.9 0.7
v 2.7 0.8 0.7
v 2.7 0.9 0.7
v -4.8 0.8 0.6
v -4.8 0.9 0.6
v -4.7 0.8 0.6
v -4.7 0.9 0.6
v -2.6 0.8 0.6
v -2.6 0.9 0.6
v -2.5 0.8 0.6
v -2.5 0.9 0.6
v -0.5 0.9 0.6
v -0.5 1 0.6
v 0 0.9 0.6
v 0 1 0.6
v 0.3 0.8 0.6
v 0.3 0.9 0.6
v 0.5 0.8 0.6
v 0.5 0.9 0.6
v 3.1 0.8 0.6
v 3.1 0.9 0.6
v 3.2 0.8 0.6
v 3.2 0.9 0.6
v -4.7 0.8 0.5
v -4.7 0.9 0.5
v -4.6 0.8 0.5
v -4.6 0.9 0.5
v -2.5 0.8 0.5
v -2.5 0.9 0.5
v -2.4 0.8 0.5
v -2.4 0.9 0.5
v -0.7 0.9 0.5
v -0.7 1 0.5
v -0.5 0.9 0.5
v -0.5 1 0.5
v 0 0.8 0.5
v 0 0.9 0.5
v 0.3 0.8 0.5
v 0.3 0.9 0.5
v 0.5 0.8 0.5
v 0.5 0.9 0.5
v 0.8 0.8 0.5
v 0.8 0.9 0.5
v 3.2 0.9 0.5
v 3.2 1 0.5
v 3.3 0.9 0.5
v 3.3 1 0.5
v -4.6 0.8 0.4
v -4.6 0.9 0.4
v -4.3 0.8 0.4
v -4.3 0.9 0.4
v -0.0999999 0.8 0.4
v -0.0999999 0.9 0.4
v 0 0.8 0.4
v 0 0.9 0.4
v 2.7 0.8 0.4
v 2.7 0.9 0.4
v 2.8 0.8 0.4
v 2.8 0.9 0.4
v 3.3 0.8 0.4
v 3.3 0.9 0.4
v 3.4 0.8 0.4
v 3.4 0.9 0.4
v -0.9 0.9 0.3
v -0.9 1 0.3
v -0.7 0.9 0.3
v -0.7 1 0.3
v -0.6 0.8 0.3
v -0.6 0.9 0.3
v -0.0999999 0.8 0.3
v -0.0999999 0.9 0.3
v 2.8 0.8 0.3
v 2.8 0.9 0.3
v 2.9 0.8 0.3
v 2.9 0.9 0.3
v 3.4 0.8 0.3
v 3.4 0.9 0.3
v 3.5 0.8 0.3
v 3.5 0.9 0.3
v -1 0.9 0.2
v -1 1 0.2
v -0.9 0.9 0.2
v -0.9 1 0.2
v 2.9 0.8 0.2
v 2.9 0.9 0.2
v 3 0.8 0.2
v 3 0.9 0.2
v -1.1 0.9 0.0999999
v -1.1 1 0.0999999
v -1 0.9 0.0999999
v -1 1 0.0999999
v 3.5 0.8 0.0999999
v 3.5 0.9 0.0999999
v 3.6 0.8 0.0999999
v 3.6 0.9 0.0999999
v -2.7 0.8 0
v -2.7 0.9 0
v -2.6 0.8 0
v -2.6 0.9 0
v -1.2 0.9 0
v -1.2 1 0
v -1.1 0.9 0
v -1.1 1 0
v 3.1 0.9 0
v 3.1 1 0
v 3.2 0.9 0
v 3.2 1 0
v 3.6 0.8 0
v 3.6 0.9 0
v 3.7 0.8 0
v 3.7 0.9 0
v 3 0.8 -0.1
v 3 0.9 -0.1
v 3 1 -0.1
v 3.1 0.8 -0.1
v 3.1 0.9 -0.1
v 3.1 1 -0.1
v 3.8 0.8 -0.1
v 3.8 0.9 -0.1
v 4.1 0.8 -0.1
v 4.1 0.9 -0.1
v -4.3 0.8 -0.2
v -4.3 0.9 -0.2
v -4.2 0.8 -0.2
v -4.2 0.9 -0.2
v -1.7 0.9 -0.2
v -1.7 1 -0.2
v -1.6 0.9 -0.2
v -1.6 1 -0.2
v 3.2 0.9 -0.2
v 3.2 1 -0.2
v 3.3 0.9 -0.2
v 3.3 1 -0.2
v 4.7 0.9 -0.2
v 4.7 1 -0.2
v 4.8 0.9 -0.2
v 4.8 1 -0.2
v -4.2 0.8 -0.3
v -4.2 0.9 -0.3
v -3.9 0.8 -0.3
v -3.9 0.9 -0.3
v 2.9 0.8 -0.3
v 2.9 0.9 -0.3
v 3 0.8 -0.3
v 3 0.9 -0.3
v 3.8 0.8 -0.3
v 3.8 0.9 -0.3
v 3.9 0.8 -0.3
v 3.9 0.9 -0.3
v 4.1 0.8 -0.3
v 4.1 0.9 -0.3
v 4.2 0.8 -0.3
v 4.2 0.9 -0.3
v 4.6 0.9 -0.3
v 4.6 1 -0.3
v 4.7 0.9 -0.3
v 4.7 1 -0.3
v -1.7 0.9 -0.4
v -1.7 1 -0.4
v -1.6 0.9 -0.4
v -1.6 1 -0.4
v 2.8 0.8 -0.4
v 2.8 0.9 -0.4
v 2.9 0.8 -0.4
v 2.9 0.9 -0.4
v 4.5 0.9 -0.4
v 4.5 1 -0.4
v 4.6 0.9 -0.4
v 4.6 1 -0.4
v -3.9 0.8 -0.5
v -3.9 0.9 -0.5
v -3.8 0.8 -0.5
v -3.8 0.9 -0.5
v -2.4 0.8 -0.5
v -2.4 0.9 -0.5
v -1.9 0.8 -0.5
v -1.9 0.9 -0.5
v -1.6 0.9 -0.5
v -1.6 1 -0.5
v -1.5 0.9 -0.5
v -1.5 1 -0.5
v 2.6 0.8 -0.6
v 2.6 0.9 -0.6
v 2.7 0.8 -0.6
v 2.7 0.9 -0.6
v 3.2 0.8 -0.6
v 3.2 0.9 -0.6
v 3.3 0.8 -0.6
v 3.3 0.9 -0.6
v -1.5 0.9 -0.7
v -1.5 1 -0.7
v -1.3 0.9 -0.7
v -1.3 1 -0.7
v -1.2 1 -0.7
v -1.2 1.1 -0.7
v -1.1 1 -0.7
v -1.1 1.1 -0.7
v 2.4 0.8 -0.7
v 2.4 0.9 -0.7
v 2.6 0.8 -0.7
v 2.6 0.9 -0.7
v 3.1 0.8 -0.7
v 3.1 0.9 -0.7
v 3.2 0.8 -0.7
v 3.2 0.9 -0.7
v -1.3 0.9 -0.8
v -1.3 1 -0.8
v -1.1 0.9 -0.8
v -1.1 1 -0.8
v 2.3 0.8 -0.8
v 2.3 0.9 -0.8
v 2.4 0.8 -0.8
v 2.4 0.9 -0.8
v 3.7 0.8 -0.8
v 3.7 0.9 -0.8
v 3.8 0.8 -0.8
v 3.8 0.9 -0.8
v 4.2 0.8 -0.8
v 4.2 0.9 -0.8
v 4.3 0.8 -0.8
v 4.3 0.9 -0.8
v -2.3 0.7 -0.9
v -2.3 0.8 -0.9
v -2.2 0.7 -0.9
v -2.2 0.8 -0.9
v -1.9 0.8 -0.9
v -1.9 0.9 -0.9
v -1.6 0.8 -0.9
v -1.6 0.9 -0.9
v -1.1 0.9 -0.9
v -1.1 1 -0.9
v -0.9 0.9 -0.9
v -0.9 1 -0.9
v -0.8 1 -0.9
v -0.8 1.1 -0.9
v -0.5 1 -0.9
v -0.5 1.1 -0.9
v 4.3 0.8 -0.9
v 4.3 0.9 -0.9
v 4.4 0.8 -0.9
v 4.4 0.9 -0.9
v -4.6 0.8 -1
v -4.6 0.9 -1
v -4.5 0.8 -1
v -4.5 0.9 -1
v -2.2 0.7 -1
v -2.2 0.8 -1
v -1.7 0.7 -1
v -1.7 0.8 -1
v -0.9 0.9 -1
v -0.9 1 -1
v -0.6 0.9 -1
v -0.6 1 -1
v -4.7 0.8 -1.1
v -4.7 0.9 -1.1
v -4.6 0.8 -1.1
v -4.6 0.9 -1.1
v -1.7 0.7 -1.1
v -1.7 0.8 -1.1
v -1.6 0.7 -1.1
v -1.6 0.8 -1.1
v -1.6 0.9 -1.1
v -0.6 0.9 -1.1
v -0.6 1 -1.1
v -0.4 0.9 -1.1
v -0.4 1 -1.1
v 0.1 0.8 -1.1
v 0.1 0.9 -1.1
v 1.7 0.8 -1.1
v 1.7 0.9 -1.1
v 1.8 0.8 -1.1
v 1.8 0.9 -1.1
v 3.6 0.8 -1.1
v 3.6 0.9 -1.1
v 3.7 0.8 -1.1
v 3.7 0.9 -1.1
v -5 0.8 -1.2
v -5 0.9 -1.2
v -4.9 0.8 -1.2
v -4.7 0.8 -1.2
v -4.7 0.9 -1.2
v -3.7 0.8 -1.2
v -3.7 0.9 -1.2
v -3.6 0.8 -1.2
v -3.6 0.9 -1.2
v -1.6 0.7 -1.2
v -1.6 0.8 -1.2
v -1.1 0.7 -1.2
v -1.1 0.8 -1.2
v 2 0.8 -1.2
v 2 0.9 -1.2
v 2.2 0.8 -1.2
v 2.2 0.9 -1.2
v 2.8 0.8 -1.2
v 2.8 0.9 -1.2
v 3.1 0.8 -1.2
v 3.1 0.9 -1.2
v -3.6 0.8 -1.3
v -3.6 0.9 -1.3
v -3.5 0.8 -1.3
v -3.5 0.9 -1.3
v 0.1 0.8 -1.3
v 0.1 0.9 -1.3
v 2 0.8 -1.3
v 2 0.9 -1.3
v 2.2 0.8 -1.3
v 2.2 0.9 -1.3
v 2.8 0.8 -1.3
v 2.8 0.9 -1.3
v -3.5 0.8 -1.4
v -3.5 0.9 -1.4
v -3.4 0.8 -1.4
v -3.4 0.9 -1.4
v 4.4 0.8 -1.4
v 4.4 0.9 -1.4
v 4.5 0.8 -1.4
v 4.5 0.9 -1.4
v -3.4 0.8 -1.5
v -3.4 0.9 -1.5
v -3.1 0.8 -1.5
v -3.1 0.9 -1.5
v 4.5 0.8 -1.5
v 4.5 0.9 -1.5
v 4.6 0.7 -1.5
v 4.6 0.8 -1.5
v 4.9 0.7 -1.5
v 4.9 0.8 -1.5
v 5 0.7 -1.5
v 5 0.8 -1.5
v 5 0.9 -1.5
v -5 0.7 -1.7
v -5 0.8 -1.7
v -4.9 0.7 -1.7
v -4.9 0.8 -1.7
v -2.5 0.8 -1.8
v -2.5 0.9 -1.8
v -2.4 0.8 -1.8
v -2.4 0.9 -1.8
v -1.5 0.8 -2.1
v -1.5 0.9 -2.1
v -1.4 0.8 -2.1
v -1.4 0.9 -2.1
v -4.6 0.9 -2.3
v -4.6 1 -2.3
v -4.5 0.9 -2.3
v -4.5 1 -2.3
v 4.5 0.7 -2.3
v 4.5 0.8 -2.3
v 4.6 0.7 -2.3
v 4.6 0.8 -2.3
v 0.1 0.9 -2.4
v 0.1 1 -2.4
v 0.2 0.9 -2.4
v 0.2 1 -2.4
v 4.2 0.7 -2.4
v 4.2 0.8 -2.4
v 4.5 0.7 -2.4
v 4.5 0.8 -2.4
v -4.5 0.9 -2.5
v -4.5 1 -2.5
v -4.4 0.9 -2.5
v -4.4 1 -2.5
v -4 0.9 -2.5
v -4 1 -2.5
v -3.9 0.9 -2.5
v -3.9 1 -2.5
v 0.2 0.9 -2.5
v 0.2 1 -2.5
v 0.4 0.9 -2.5
v 0.4 1 -2.5
v -4.4 0.9 -2.6
v -4.4 1 -2.6
v -4 0.9 -2.6
v -4 1 -2.6
v 0.4 0.9 -2.6
v 0.4 1 -2.6
v 0.5 0.9 -2.6
v 0.5 1 -2.6
v 0.5 0.9 -2.7
v 0.5 1 -2.7
v 0.6 0.9 -2.7
v 0.6 1 -2.7
v -3.3 0.8 -2.8
v -3.3 0.9 -2.8
v -3.2 0.8 -2.8
v -3.2 0.9 -2.8
v -1.8 0.8 -2.8
v -1.8 0.9 -2.8
v -1.5 0.8 -2.8
v -1.5 0.9 -2.8
v -0.3 0.7 -2.8
v -0.3 0.8 -2.8
v 0 0.7 -2.8
v 0 0.8 -2.8
v 0.6 0.9 -2.8
v 0.6 1 -2.8
v 0.8 0.9 -2.8
v 0.8 1 -2.8
v -4.3 0.8 -2.9
v -4.3 0.9 -2.9
v -4.2 0.8 -2.9
v -4.2 0.9 -2.9
v -3.6 0.8 -2.9
v -3.6 0.9 -2.9
v -3.3 0.8 -2.9
v -3.3 0.9 -2.9
v 2 0.9 -2.9
v 2 1 -2.9
v 2.1 0.9 -2.9
v 2.1 1 -2.9
v 0.8 0.9 -3
v 0.8 1 -3
v 0.9 0.9 -3
v 0.9 1 -3
v 2.1 0.9 -3
v 2.1 1 -3
v 2.2 0.9 -3
v 2.2 1 -3
v -4.2 0.8 -3.1
v -4.2 0.9 -3.1
v -4.1 0.8 -3.1
v -4.1 0.9 -3.1
v -3.1 0.8 -3.1
v -3.1 0.9 -3.1
v -3 0.8 -3.1
v -3 0.9 -3.1
v -5 0.7 -3.2
v -5 0.8 -3.2
v -5 0.9 -3.2
v -4.9 0.7 -3.2
v -4.9 0.8 -3.2
v -4.9 0.9 -3.2
v -4.1 0.8 -3.2
v -4.1 0.9 -3.2
v -4 0.8 -3.2
v -4 0.9 -3.2
v -3 0.8 -3.2
v -3 0.9 -3.2
v -2.9 0.8 -3.2
v -2.9 0.9 -3.2
v -2.9 0.8 -3.3
v -2.9 0.9 -3.3
v -2.4 0.8 -3.3
v -2.4 0.9 -3.3
v 2.2 0.9 -3.3
v 2.2 1 -3.3
v 2.3 0.9 -3.3
v 2.3 1 -3.3
v -4 0.8 -3.4
v -4 0.9 -3.4
v -3.9 0.8 -3.4
v -3.9 0.9 -3.4
v -2.4 0.8 -3.4
v -2.4 0.9 -3.4
v -2.3 0.8 -3.4
v -2.3 0.9 -3.4
v -3.9 0.8 -3.5
v -3.9 0.9 -3.5
v -3.8 0.8 -3.5
v -3.8 0.9 -3.5
v 2.3 0.9 -3.5
v 2.3 1 -3.5
v 2.4 0.9 -3.5
v 2.4 1 -3.5
v -2.4 0.7 -3.6
v -2.4 0.8 -3.6
v -2.3 0.8 -3.6
v -2.3 0.9 -3.6
v -2.2 0.7 -3.6
v -2.2 0.8 -3.6
v -1.7 0.8 -3.6
v -1.7 0.9 -3.6
v 0.9 0.9 -3.6
v 0.9 1 -3.6
v 1 0.9 -3.6
v 1 1 -3.6
v -2.5 0.7 -3.7
v -2.5 0.8 -3.7
v -2.4 0.7 -3.7
v -2.4 0.8 -3.7
v -2.2 0.7 -3.7
v -2.2 0.8 -3.7
v -2.1 0.7 -3.7
v -2.1 0.8 -3.7
v -1.7 0.8 -3.7
v -1.7 0.9 -3.7
v -1.6 0.8 -3.7
v -1.6 0.9 -3.7
v -1.3 0.7 -3.7
v -1.3 0.8 -3.7
v -0.9 0.7 -3.7
v -0.9 0.8 -3.7
v -0.4 0.8 -3.7
v -0.4 0.9 -3.7
v 0 0.8 -3.7
v 0.2 0.8 -3.7
v 0.2 0.9 -3.7
v 2.5 0.9 -3.7
v 2.5 1 -3.7
v 2.6 0.9 -3.7
v 2.6 1 -3.7
v -2.5 0.6 -3.8
v -2.5 0.7 -3.8
v -2.4 0.5 -3.8
v -2.4 0.6 -3.8
v -2.2 0.5 -3.8
v -2.2 0.6 -3.8
v -2.1 0.7 -3.8
v -2.1 0.8 -3.8
v -2 0.6 -3.8
v -2 0.7 -3.8
v -1.9 0.7 -3.8
v -1.9 0.8 -3.8
v -1.5 0.8 -3.8
v -1.5 0.9 -3.8
v -1.4 0.7 -3.8
v -1.4 0.8 -3.8
v -1.3 0.7 -3.8
v -1.3 0.8 -3.8
v -1.1 0.8 -3.8
v -1.1 0.9 -3.8
v -0.9 0.7 -3.8
v -0.9 0.8 -3.8
v -0.8 0.7 -3.8
v -0.8 0.8 -3.8
v -0.5 0.8 -3.8
v -0.5 0.9 -3.8
v -0.4 0.8 -3.8
v -0.4 0.9 -3.8
v 0.2 0.8 -3.8
v 0.2 0.9 -3.8
v 0.3 0.8 -3.8
v 0.3 0.9 -3.8
v 2.4 0.9 -3.8
v 2.4 1 -3.8
v 2.5 0.9 -3.8
v 2.5 1 -3.8
v -3.4 0.9 -3.9
v -3.4 1 -3.9
v -3.2 0.9 -3.9
v -3.2 1 -3.9
v -1.6 0.8 -3.9
v -1.6 0.9 -3.9
v -1.5 0.8 -3.9
v -1.5 0.9 -3.9
v -1.1 0.8 -3.9
v -1.1 0.9 -3.9
v -0.8 0.8 -3.9
v -0.7 0.8 -3.9
v -0.7 0.9 -3.9
v -0.6 0.8 -3.9
v -0.6 0.9 -3.9
v -0.5 0.8 -3.9
v -0.5 0.9 -3.9
v -3.5 0.9 -4
v -3.5 1 -4
v -3.4 0.9 -4
v -3.4 1 -4
v -2.8 0.9 -4
v -2.8 1 -4
v -2.7 0.9 -4
v -2.7 1 -4
v 1.2 0.9 -4
v 1.2 1 -4
v 1.3 0.9 -4
v 1.3 1 -4
v 2 0.8 -4
v 2 0.9 -4
v 2.2 0.8 -4
v 2.2 0.9 -4
v -3.6 0.9 -4.1
v -3.6 1 -4.1
v -3.5 0.9 -4.1
v -3.5 1 -4.1
v -1.4 0.7 -4.1
v -1.4 0.8 -4.1
v -1.3 0.7 -4.1
v -1.3 0.8 -4.1
v 1.1 0.9 -4.1
v 1.1 1 -4.1
v 1.2 0.9 -4.1
v 1.2 1 -4.1
v 1.9 0.8 -4.1
v 1.9 0.9 -4.1
v 2 0.7 -4.1
v 2 0.8 -4.1
v 2 0.9 -4.1
v 2.1 0.7 -4.1
v 2.1 0.8 -4.1
v 2.2 0.8 -4.1
v 2.2 0.9 -4.1
v 2.3 0.8 -4.1
v 2.3 0.9 -4.1
v -5 0.8 -4.2
v -5 0.9 -4.2
v -4.9 0.8 -4.2
v -4.9 0.9 -4.2
v 0.8 0.9 -4.2
v 0.8 1 -4.2
v 0.9 0.9 -4.2
v 0.9 1 -4.2
v 1.1 0.8 -4.2
v 1.1 0.9 -4.2
v 1.3 0.8 -4.2
v 1.3 0.9 -4.2
v -4.9 0.8 -4.3
v -4.9 0.9 -4.3
v -4.8 0.8 -4.3
v -4.8 0.9 -4.3
v 0.9 0.9 -4.3
v 0.9 1 -4.3
v 1 0.8 -4.3
v 1 0.9 -4.3
v 1.1 0.8 -4.3
v 1.1 0.9 -4.3
v 1.1 1 -4.3
v 1.3 0.8 -4.3
v 1.3 0.9 -4.3
v 1.4 0.8 -4.3
v 1.4 0.9 -4.3
v -5 0.7 -4.4
v -5 0.8 -4.4
v -4.8 0.8 -4.4
v -4.8 0.9 -4.4
v -4.5 0.7 -4.4
v -4.5 0.8 -4.4
v -4.5 0.9 -4.4
v -1.4 0.7 -4.5
v -1.4 0.8 -4.5
v -1.3 0.7 -4.5
v -1.3 0.8 -4.5
v -4.5 0.8 -4.6
v -4.5 0.9 -4.6
v -4.4 0.8 -4.6
v -4.4 0.9 -4.6
v -4.4 0.8 -4.7
v -4.4 0.9 -4.7
v -4.3 0.8 -4.7
v -4.3 0.9 -4.7
v -3.8 0.9 -4.8
v -3.8 1 -4.8
v -3.7 0.9 -4.8
v -3.7 1 -4.8
v -3.7 0.9 -4.9
v -3.7 1 -4.9
v -3.5 0.9 -4.9
v -3.5 1 -4.9
v -0.9 0.8 -4.9
v -0.9 0.9 -4.9
v -0.8 0.7 -4.9
v -0.8 0.8 -4.9
v -0.6 0.7 -4.9
v -0.6 0.8 -4.9
v -0.5 0.8 -4.9
v -0.5 0.9 -4.9
v -5 -0.3 -5
v -5 0.7 -5
v -4.8 0.7 -5
v -4.8 0.8 -5
v -4.7 0.7 -5
v -4.7 0.8 -5
v -4.7 0.9 -5
v -2.5 0.8 -5
v -2.5 0.9 -5
v -2.5 1 -5
v -1.4 0.8 -5
v -1.4 0.9 -5
v -1.4 1 -5
v -1.2 0.8 -5
v -1.2 0.9 -5
v -1.1 0.8 -5
v -1.1 0.9 -5
v -1.1 1 -5
v -0.9 0.8 -5
v -0.9 0.9 -5
v -0.9 1 -5
v -0.8 0.7 -5
v -0.8 0.8 -5
v -0.6 0.7 -5
v -0.6 0.8 -5
v -0.5 0.8 -5
v -0.5 0.9 -5
v -0.4 0.8 -5
v -0.4 0.9 -5
v -0.4 1 -5
v -0.2 0.8 -5
v -0.2 0.9 -5
v -0.2 1 -5
v 0.3 0.8 -5
v 0.3 0.9 -5
v 0.3 1 -5
v 1 0.8 -5
v 1 0.9 -5
v 1 1 -5
v 1.8 0.8 -5
v 1.8 0.9 -5
v 1.8 1 -5
v 2.1 0.8 -5
v 2.1 0.9 -5
v 2.1 1 -5
v 2.6 0.8 -5
v 2.6 0.9 -5
v 2.6 1 -5
v 4.1 0.8 -5
v 4.1 0.9 -5
v 4.1 1 -5
v 5 -0.3 -5
v 5 0.8 -5
v 5 0.9 -5
v -5 -0.3 5
v 5 -0.3 5
v -5 -0.3 -5
v 5 -0.3 -5
v 0.2 0.6 3.2
v 0.3 0.6 3.2
v 0.2 0.6 3.1
v 0.3 0.6 3.1
v 1.4 0.7 2.4
v 1.5 0.7 2.4
v 1.4 0.7 2.2
v 1.5 0.7 2.2
v 0.1 0.8 3.2
v 0.2 0.8 3.2
v 0.1 0.8 3.1
v 0.2 0.8 3.1
v -1.3 0.8 -3.7
v -0.9 0.8 -3.7
v -2.5 0.8 -3.8
v -2.4 0.8 -3.8
v -1.3 0.8 -3.8
v -1.1 0.8 -3.8
v -0.9 0.8 -3.8
v -0.8 0.8 -3.8
v -2.5 0.8 -3.9
v -2.4 0.8 -3.9
v -2.3 0.8 -3.9
v -1.1 0.8 -3.9
v -0.8 0.8 -3.9
v -2.4 0.8 -4
v -2.3 0.8 -4
v -1.1 0.8 -4.1
v -0.9 0.8 -4.1
v -1.1 0.8 -4.2
v -0.9 0.8 -4.2
v 1.1 0.9 4.3
v 1.2 0.9 4.3
v 1.2 0.9 4.2
v 1.3 0.9 4.2
v 1.1 0.9 4.1
v 1.3 0.9 4.1
v 1.3 0.9 4
v 1.4 0.9 4
v 1.5 0.9 4
v 1.3 0.9 3.9
v 1.4 0.9 3.9
v 1.5 0.9 3.9
v 1.6 0.9 3.9
v 1.4 0.9 3.8
v 1.6 0.9 3.8
v 0.2 0.5 3.2
v 0.3 0.5 3.2
v 0.2 0.5 3.1
v 0.3 0.5 3.1
v -2.4 0.5 -3.8
v -2.2 0.5 -3.8
v -2.4 0.5 -3.9
v -2.2 0.5 -3.9
v 0.1 0.6 3.2
v 0.2 0.6 3.2
v 0.1 0.6 3.1
v 0.2 0.6 3.1
v 1.4 0.6 2.4
v 1.5 0.6 2.4
v 1.4 0.6 2.2
v 1.5 0.6 2.2
v -2.5 0.6 -3.8
v -2.4 0.6 -3.8
v -2.2 0.6 -3.8
v -2 0.6 -3.8
v -2.5 0.6 -3.9
v -2.4 0.6 -3.9
v -2.3 0.6 -3.9
v -2.2 0.6 -3.9
v -2 0.6 -3.9
v -2.3 0.6 -4
v -2.2 0.6 -4
v 1.1 0.7 4.1
v 1.3 0.7 4.1
v 0.1 0.7 4
v 0.6 0.7 4
v 1.1 0.7 4
v 1.3 0.7 4
v 0 0.7 3.9
v 0.1 0.7 3.9
v 0.6 0.7 3.9
v 0.7 0.7 3.9
v 0.6 0.7 3.7
v 0.7 0.7 3.7
v 0 0.7 3.6
v 0.1 0.7 3.6
v 0.3 0.7 3.6
v 0.6 0.7 3.6
v 0.1 0.7 3.5
v 0.3 0.7 3.5
v -2.3 0.7 -0.9
v -2.2 0.7 -0.9
v -2.2 0.7 -1
v -1.7 0.7 -1
v -1.7 0.7 -1.1
v -1.6 0.7 -1.1
v -1.6 0.7 -1.2
v -1.1 0.7 -1.2
v 4.6 0.7 -1.5
v 4.9 0.7 -1.5
v 5 0.7 -1.5
v -2.3 0.7 -1.6
v -1.4 0.7 -1.6
v -5 0.7 -1.7
v -4.9 0.7 -1.7
v -1.4 0.7 -1.7
v -1.3 0.7 -1.7
v -5 0.7 -1.8
v -4.9 0.7 -1.8
v -1.3 0.7 -1.8
v -1.2 0.7 -1.8
v -1.2 0.7 -1.9
v -1.1 0.7 -1.9
v 4.5 0.7 -2.3
v 4.6 0.7 -2.3
v 4.2 0.7 -2.4
v 4.5 0.7 -2.4
v 4.2 0.7 -2.5
v 4.3 0.7 -2.5
v 4.3 0.7 -2.6
v 4.4 0.7 -2.6
v 4.4 0.7 -2.7
v 4.5 0.7 -2.7
v -0.3 0.7 -2.8
v 0 0.7 -2.8
v 4.5 0.7 -2.8
v 4.6 0.7 -2.8
v -0.3 0.7 -2.9
v 0 0.7 -2.9
v 4.6 0.7 -2.9
v 4.7 0.7 -2.9
v 4.7 0.7 -3.1
v 4.8 0.7 -3.1
v -5 0.7 -3.2
v -4.9 0.7 -3.2
v -5 0.7 -3.3
v -4.9 0.7 -3.3
v 4.8 0.7 -3.3
v 4.9 0.7 -3.3
v -2.4 0.7 -3.6
v -2.2 0.7 -3.6
v 4.9 0.7 -3.6
v 5 0.7 -3.6
v -2.5 0.7 -3.7
v -2.4 0.7 -3.7
v -2.2 0.7 -3.7
v -2.1 0.7 -3.7
v -1.3 0.7 -3.7
v -0.9 0.7 -3.7
v -2.5 0.7 -3.8
v -2.1 0.7 -3.8
v -2 0.7 -3.8
v -1.9 0.7 -3.8
v -1.4 0.7 -3.8
v -1.3 0.7 -3.8
v -0.9 0.7 -3.8
v -0.8 0.7 -3.8
v -2.4 0.7 -3.9
v -2.3 0.7 -3.9
v -2 0.7 -3.9
v -1.9 0.7 -3.9
v -2.4 0.7 -4
v -2.3 0.7 -4
v -2.2 0.7 -4
v -1.4 0.7 -4
v -1.3 0.7 -4
v -2.3 0.7 -4.1
v -2.2 0.7 -4.1
v -1.4 0.7 -4.1
v -1.3 0.7 -4.1
v -1.1 0.7 -4.1
v -0.9 0.7 -4.1
v -0.8 0.7 -4.1
v 2 0.7 -4.1
v 2.1 0.7 -4.1
v -1.1 0.7 -4.2
v -0.9 0.7 -4.2
v 2 0.7 -4.3
v 2.1 0.7 -4.3
v -5 0.7 -4.4
v -4.5 0.7 -4.4
v -1.4 0.7 -4.4
v -1.3 0.7 -4.4
v -1.4 0.7 -4.5
v -1.3 0.7 -4.5
v -4.8 0.7 -4.8
v -4.5 0.7 -4.8
v -1.4 0.7 -4.9
v -1.3 0.7 -4.9
v -0.8 0.7 -4.9
v -0.6 0.7 -4.9
v -5 0.7 -5
v -4.8 0.7 -5
v -0.8 0.7 -5
v -0.6 0.7 -5
v -1.6 0.8 5
v -0.7 0.8 5
v -1.6 0.8 4.9
v -1.1 0.8 4.9
v -1.1 0.8 4.8
v -0.8 0.8 4.8
v -0.7 0.8 4.8
v 0 0.8 4.8
v -0.8 0.8 4.7
v -0.7 0.8 4.7
v -0.7 0.8 4.5
v -0.4 0.8 4.5
v 0 0.8 4.5
v 0.1 0.8 4.5
v 0.1 0.8 4.4
v 0.2 0.8 4.4
v 0.2 0.8 4.3
v 0.4 0.8 4.3
v 1 0.8 4.3
v 1.2 0.8 4.3
v 0.9 0.8 4.2
v 1 0.8 4.2
v 1.2 0.8 4.2
v 1.3 0.8 4.2
v 0.4 0.8 4.1
v 0.5 0.8 4.1
v 1.1 0.8 4.1
v 1.3 0.8 4.1
v 1.4 0.8 4.1
v 0.1 0.8 4
v 0.5 0.8 4
v 0.6 0.8 4
v 0.7 0.8 4
v 1.1 0.8 4
v 1.3 0.8 4
v 1.4 0.8 4
v 1.5 0.8 4
v 0 0.8 3.9
v 0.1 0.8 3.9
v 0.6 0.8 3.9
v 0.7 0.8 3.9
v 0.8 0.8 3.9
v 0.9 0.8 3.9
v 1 0.8 3.9
v 1.5 0.8 3.9
v 1.6 0.8 3.9
v -0.5 0.8 3.8
v -0.4 0.8 3.8
v 1 0.8 3.8
v 1.1 0.8 3.8
v 1.6 0.8 3.8
v 1.7 0.8 3.8
v 0.6 0.8 3.7
v 0.7 0.8 3.7
v 0.8 0.8 3.7
v 0.9 0.8 3.7
v 1.1 0.8 3.7
v 1.2 0.8 3.7
v 0 0.8 3.6
v 0.1 0.8 3.6
v 0.3 0.8 3.6
v 0.6 0.8 3.6
v 1.2 0.8 3.6
v 1.3 0.8 3.6
v 1.6 0.8 3.6
v 1.7 0.8 3.6
v 4.9 0.8 3.6
v 5 0.8 3.6
v -0.6 0.8 3.5
v -0.5 0.8 3.5
v 0.1 0.8 3.5
v 0.3 0.8 3.5
v 0.9 0.8 3.5
v 1 0.8 3.5
v 1.3 0.8 3.5
v 1.6 0.8 3.5
v 4.9 0.8 3.5
v 5 0.8 3.5
v -0.5 0.8 3.4
v 0.1 0.8 3.4
v 1 0.8 3.4
v 1.2 0.8 3.4
v -0.6 0.8 3.3
v -0.5 0.8 3.3
v 0.1 0.8 3.3
v 0.2 0.8 3.3
v 1.2 0.8 3.3
v 1.3 0.8 3.3
v 1.3 0.8 3.2
v 1.4 0.8 3.2
v 1.4 0.8 3.1
v 1.5 0.8 3.1
v 4.1 0.8 3.1
v 4.3 0.8 3.1
v 4.9 0.8 3
v 5 0.8 3
v 1.4 0.8 2.9
v 1.5 0.8 2.9
v 0.2 0.8 2.8
v 0.3 0.8 2.8
v 1.3 0.8 2.8
v 1.4 0.8 2.8
v 2.8 0.8 2.8
v 2.9 0.8 2.8
v 1.3 0.8 2.7
v 1.4 0.8 2.7
v 0.3 0.8 2.6
v 0.4 0.8 2.6
v 1.4 0.8 2.6
v 1.5 0.8 2.6
v 1.5 0.8 2.5
v 1.6 0.8 2.5
v 2.8 0.8 2.4
v 2.9 0.8 2.4
v 4.9 0.8 2.4
v 5 0.8 2.4
v 0.4 0.8 2.3
v 0.5 0.8 2.3
v 1.6 0.8 2.3
v 1.9 0.8 2.3
v 2.7 0.8 2.3
v 2.8 0.8 2.3
v 4.1 0.8 2.3
v 4.2 0.8 2.3
v 0.5 0.8 2.2
v 1.9 0.8 2.2
v 2 0.8 2.2
v 4.2 0.8 2.1
v 4.3 0.8 2.1
v 2 0.8 2
v 2.1 0.8 2
v 2.6 0.8 2
v 2.7 0.8 2
v 4.9 0.8 2
v 5 0.8 2
v 2.1 0.8 1.9
v 2.6 0.8 1.9
v 4.8 0.8 1.9
v 4.9 0.8 1.9
v -0.3 0.8 1.8
v -0.2 0.8 1.8
v 0.5 0.8 1.8
v 0.6 0.8 1.8
v 4.5 0.8 1.8
v 4.8 0.8 1.8
v -0.2 0.8 1.7
v -0.0999999 0.8 1.7
v 1.2 0.8 1.7
v 1.6 0.8 1.7
v 4.6 0.8 1.7
v 4.9 0.8 1.7
v 5 0.8 1.7
v -0.0999999 0.8 1.6
v 0.6 0.8 1.6
v 1.1 0.8 1.6
v 1.2 0.8 1.6
v 1.6 0.8 1.6
v 1.7 0.8 1.6
v 4.5 0.8 1.6
v 4.6 0.8 1.6
v 2.8 0.8 1.5
v 2.9 0.8 1.5
v 4.4 0.8 1.5
v 4.5 0.8 1.5
v -0.3 0.8 1.4
v 0 0.8 1.4
v 1.7 0.8 1.4
v -2.1 0.8 1.3
v -1.9 0.8 1.3
v 0.7 0.8 1.3
v 1.1 0.8 1.3
v 1.7 0.8 1.3
v 2 0.8 1.3
v 2.9 0.8 1.3
v 3 0.8 1.3
v 3.5 0.8 1.3
v 3.6 0.8 1.3
v -2.1 0.8 1.2
v -2 0.8 1.2
v 0.5 0.8 1.2
v 0.7 0.8 1.2
v 2 0.8 1.2
v 2.6 0.8 1.2
v 3 0.8 1.2
v 3.3 0.8 1.2
v 3.5 0.8 1.2
v 3.6 0.8 1.2
v 3.7 0.8 1.2
v 0 0.8 1.1
v 0.5 0.8 1.1
v 2.6 0.8 1.1
v 2.8 0.8 1.1
v 3.2 0.8 1.1
v 3.7 0.8 1.1
v 4.3 0.8 1.1
v 4.4 0.8 1.1
v 1.8 0.8 1
v 1.9 0.8 1
v 2 0.8 1
v 2.1 0.8 1
v 2.5 0.8 1
v 2.7 0.8 1
v 3.1 0.8 1
v 3.2 0.8 1
v 3.9 0.8 1
v 4.3 0.8 1
v -2 0.8 0.9
v -1.9 0.8 0.9
v 1.3 0.8 0.9
v 1.8 0.8 0.9
v 1.9 0.8 0.9
v 2 0.8 0.9
v 2.1 0.8 0.9
v 2.3 0.8 0.9
v 2.5 0.8 0.9
v 2.7 0.8 0.9
v 2.8 0.8 0.9
v 0.8 0.8 0.8
v 1.3 0.8 0.8
v 2.3 0.8 0.8
v 2.5 0.8 0.8
v -5 0.8 0.7
v -4.9 0.8 0.7
v -4.8 0.8 0.7
v 2.5 0.8 0.7
v 2.7 0.8 0.7
v 4.4 0.8 0.7
v 4.5 0.8 0.7
v -4.8 0.8 0.6
v -4.7 0.8 0.6
v -2.6 0.8 0.6
v -2.5 0.8 0.6
v 0.3 0.8 0.6
v 0.5 0.8 0.6
v 3.1 0.8 0.6
v 3.2 0.8 0.6
v 3.9 0.8 0.6
v 4 0.8 0.6
v -4.7 0.8 0.5
v -4.6 0.8 0.5
v -2.5 0.8 0.5
v -2.4 0.8 0.5
v 0 0.8 0.5
v 0.3 0.8 0.5
v 0.5 0.8 0.5
v 0.8 0.8 0.5
v 2.7 0.8 0.5
v 2.9 0.8 0.5
v 3.1 0.8 0.5
v 3.2 0.8 0.5
v 4 0.8 0.5
v 4.4 0.8 0.5
v -4.6 0.8 0.4
v -4.3 0.8 0.4
v -0.0999999 0.8 0.4
v 0 0.8 0.4
v 2.7 0.8 0.4
v 2.8 0.8 0.4
v 2.9 0.8 0.4
v 3 0.8 0.4
v 3.3 0.8 0.4
v 3.4 0.8 0.4
v -0.6 0.8 0.3
v -0.0999999 0.8 0.3
v 2.8 0.8 0.3
v 2.9 0.8 0.3
v 3 0.8 0.3
v 3.1 0.8 0.3
v 3.4 0.8 0.3
v 3.5 0.8 0.3
v 2.9 0.8 0.2
v 3 0.8 0.2
v 3.5 0.8 0.0999999
v 3.6 0.8 0.0999999
v -2.7 0.8 0
v -2.6 0.8 0
v -0.6 0.8 0
v -0.5 0.8 0
v 3.6 0.8 0
v 3.7 0.8 0
v -0.5 0.8 -0.1
v -0.4 0.8 -0.1
v 2.9 0.8 -0.1
v 3 0.8 -0.1
v 3.1 0.8 -0.1
v 3.3 0.8 -0.1
v 3.8 0.8 -0.1
v 4.1 0.8 -0.1
v -4.3 0.8 -0.2
v -4.2 0.8 -0.2
v 2.8 0.8 -0.2
v 2.9 0.8 -0.2
v 3.3 0.8 -0.2
v 3.8 0.8 -0.2
v 3.9 0.8 -0.2
v -4.2 0.8 -0.3
v -3.9 0.8 -0.3
v 2.9 0.8 -0.3
v 3 0.8 -0.3
v 3.8 0.8 -0.3
v 3.9 0.8 -0.3
v 4.1 0.8 -0.3
v 4.2 0.8 -0.3
v -5 0.8 -0.4
v -4.9 0.8 -0.4
v -4.6 0.8 -0.4
v 2.8 0.8 -0.4
v 2.9 0.8 -0.4
v -4.6 0.8 -0.5
v -4.5 0.8 -0.5
v -3.9 0.8 -0.5
v -3.8 0.8 -0.5
v -2.4 0.8 -0.5
v -1.9 0.8 -0.5
v -0.4 0.8 -0.5
v -0.2 0.8 -0.5
v 2.5 0.8 -0.5
v 2.7 0.8 -0.5
v 2.3 0.8 -0.6
v 2.5 0.8 -0.6
v 2.6 0.8 -0.6
v 2.7 0.8 -0.6
v 3.2 0.8 -0.6
v 3.3 0.8 -0.6
v 1.9 0.8 -0.7
v 2.3 0.8 -0.7
v 2.4 0.8 -0.7
v 2.6 0.8 -0.7
v 3.1 0.8 -0.7
v 3.2 0.8 -0.7
v 3.6 0.8 -0.7
v 3.7 0.8 -0.7
v -4.2 0.8 -0.8
v -3.8 0.8 -0.8
v -0.2 0.8 -0.8
v 0 0.8 -0.8
v 1.6 0.8 -0.8
v 1.9 0.8 -0.8
v 2.3 0.8 -0.8
v 2.4 0.8 -0.8
v 3.7 0.8 -0.8
v 3.8 0.8 -0.8
v 4.2 0.8 -0.8
v 4.3 0.8 -0.8
v -4.3 0.8 -0.9
v -4.2 0.8 -0.9
v -2.3 0.8 -0.9
v -2.2 0.8 -0.9
v -1.9 0.8 -0.9
v -1.6 0.8 -0.9
v 0 0.8 -0.9
v 0.2 0.8 -0.9
v 1.1 0.8 -0.9
v 1.6 0.8 -0.9
v 2.3 0.8 -0.9
v 2.7 0.8 -0.9
v 4.3 0.8 -0.9
v 4.4 0.8 -0.9
v -4.6 0.8 -1
v -4.5 0.8 -1
v -2.2 0.8 -1
v -1.7 0.8 -1
v 0.2 0.8 -1
v 0.3 0.8 -1
v 0.7 0.8 -1
v 1.1 0.8 -1
v 2.7 0.8 -1
v 2.8 0.8 -1
v -4.7 0.8 -1.1
v -4.6 0.8 -1.1
v -4.4 0.8 -1.1
v -4.3 0.8 -1.1
v -1.7 0.8 -1.1
v -1.6 0.8 -1.1
v 0.1 0.8 -1.1
v 0.4 0.8 -1.1
v 0.7 0.8 -1.1
v 1.7 0.8 -1.1
v 1.8 0.8 -1.1
v 2.8 0.8 -1.1
v 3.1 0.8 -1.1
v 3.6 0.8 -1.1
v 3.7 0.8 -1.1
v -5 0.8 -1.2
v -4.9 0.8 -1.2
v -4.7 0.8 -1.2
v -3.7 0.8 -1.2
v -3.6 0.8 -1.2
v -1.6 0.8 -1.2
v -1.1 0.8 -1.2
v 0.3 0.8 -1.2
v 0.4 0.8 -1.2
v 1.7 0.8 -1.2
v 1.8 0.8 -1.2
v 2 0.8 -1.2
v 2.2 0.8 -1.2
v 2.8 0.8 -1.2
v 3.1 0.8 -1.2
v -3.6 0.8 -1.3
v -3.5 0.8 -1.3
v -2.7 0.8 -1.3
v -2.6 0.8 -1.3
v 0.1 0.8 -1.3
v 2 0.8 -1.3
v 2.2 0.8 -1.3
v 2.8 0.8 -1.3
v -3.5 0.8 -1.4
v -3.4 0.8 -1.4
v -2.6 0.8 -1.4
v -2.5 0.8 -1.4
v 4.4 0.8 -1.4
v 4.5 0.8 -1.4
v -4.6 0.8 -1.5
v -4.4 0.8 -1.5
v -3.7 0.8 -1.5
v -3.6 0.8 -1.5
v -3.4 0.8 -1.5
v -3.1 0.8 -1.5
v -2.5 0.8 -1.5
v -2.4 0.8 -1.5
v 4.5 0.8 -1.5
v 4.6 0.8 -1.5
v -2.3 0.8 -1.6
v -1.4 0.8 -1.6
v -5 0.8 -1.7
v -4.9 0.8 -1.7
v -3.6 0.8 -1.7
v -3.5 0.8 -1.7
v -1.8 0.8 -1.7
v -1.4 0.8 -1.7
v -1.3 0.8 -1.7
v -5 0.8 -1.8
v -4.9 0.8 -1.8
v -4.7 0.8 -1.8
v -4.6 0.8 -1.8
v -2.5 0.8 -1.8
v -2.4 0.8 -1.8
v -1.3 0.8 -1.8
v -1.2 0.8 -1.8
v -4.8 0.8 -1.9
v -4.7 0.8 -1.9
v -1.2 0.8 -1.9
v -1.1 0.8 -1.9
v -5 0.8 -2
v -4.9 0.8 -2
v -4.8 0.8 -2
v 0 0.8 -2
v 1.2 0.8 -2
v -3.5 0.8 -2.1
v -3.3 0.8 -2.1
v -1.5 0.8 -2.1
v -1.4 0.8 -2.1
v 1.2 0.8 -2.1
v 1.3 0.8 -2.1
v 1.4 0.8 -2.1
v 1.8 0.8 -2.1
v -3.3 0.8 -2.2
v -3.2 0.8 -2.2
v 1.3 0.8 -2.2
v 1.4 0.8 -2.2
v 1.8 0.8 -2.2
v 1.9 0.8 -2.2
v 4.5 0.8 -2.3
v 4.6 0.8 -2.3
v 4.2 0.8 -2.4
v 4.5 0.8 -2.4
v 4.2 0.8 -2.5
v 4.3 0.8 -2.5
v -2.5 0.8 -2.6
v -2.1 0.8 -2.6
v 1.9 0.8 -2.6
v 2 0.8 -2.6
v 2.1 0.8 -2.6
v 2.6 0.8 -2.6
v 4.3 0.8 -2.6
v 4.4 0.8 -2.6
v -2.1 0.8 -2.7
v -2 0.8 -2.7
v 2 0.8 -2.7
v 2.1 0.8 -2.7
v 2.6 0.8 -2.7
v 2.8 0.8 -2.7
v 4.4 0.8 -2.7
v 4.5 0.8 -2.7
v -3.3 0.8 -2.8
v -3.2 0.8 -2.8
v -2 0.8 -2.8
v -1.8 0.8 -2.8
v -1.5 0.8 -2.8
v -0.3 0.8 -2.8
v 0 0.8 -2.8
v 2.8 0.8 -2.8
v 3 0.8 -2.8
v 4.5 0.8 -2.8
v 4.6 0.8 -2.8
v -4.3 0.8 -2.9
v -4.2 0.8 -2.9
v -3.6 0.8 -2.9
v -3.3 0.8 -2.9
v -1.8 0.8 -2.9
v -1.6 0.8 -2.9
v -0.5 0.8 -2.9
v -0.3 0.8 -2.9
v 3 0.8 -2.9
v 3.3 0.8 -2.9
v 4.6 0.8 -2.9
v 4.7 0.8 -2.9
v -1.6 0.8 -3
v -1.5 0.8 -3
v -0.6 0.8 -3
v -0.5 0.8 -3
v 3.3 0.8 -3
v 3.5 0.8 -3
v -4.2 0.8 -3.1
v -4.1 0.8 -3.1
v -3.6 0.8 -3.1
v -3.5 0.8 -3.1
v -3.1 0.8 -3.1
v -3 0.8 -3.1
v -1.5 0.8 -3.1
v -1.3 0.8 -3.1
v 3.5 0.8 -3.1
v 3.7 0.8 -3.1
v 4.7 0.8 -3.1
v 4.8 0.8 -3.1
v -4.1 0.8 -3.2
v -4 0.8 -3.2
v -3.5 0.8 -3.2
v -3.4 0.8 -3.2
v -3 0.8 -3.2
v -2.9 0.8 -3.2
v -1.3 0.8 -3.2
v -1.2 0.8 -3.2
v -1.1 0.8 -3.2
v -0.6 0.8 -3.2
v 3.7 0.8 -3.2
v 4.1 0.8 -3.2
v -5 0.8 -3.3
v -4.9 0.8 -3.3
v -2.9 0.8 -3.3
v -2.4 0.8 -3.3
v -1.2 0.8 -3.3
v -1.1 0.8 -3.3
v 4.1 0.8 -3.3
v 4.4 0.8 -3.3
v 4.8 0.8 -3.3
v 4.9 0.8 -3.3
v -5 0.8 -3.4
v -4.9 0.8 -3.4
v -4 0.8 -3.4
v -3.9 0.8 -3.4
v -3.4 0.8 -3.4
v -3.2 0.8 -3.4
v -2.4 0.8 -3.4
v -2.3 0.8 -3.4
v 4.4 0.8 -3.4
v 4.6 0.8 -3.4
v -3.9 0.8 -3.5
v -3.8 0.8 -3.5
v -3.2 0.8 -3.5
v -3.1 0.8 -3.5
v 4.6 0.8 -3.5
v 4.7 0.8 -3.5
v -4.3 0.8 -3.6
v -4.2 0.8 -3.6
v -3.1 0.8 -3.6
v -2.8 0.8 -3.6
v -2.4 0.8 -3.6
v -2.3 0.8 -3.6
v -2.2 0.8 -3.6
v -1.7 0.8 -3.6
v 4.7 0.8 -3.6
v 4.8 0.8 -3.6
v 4.9 0.8 -3.6
v 5 0.8 -3.6
v -2.8 0.8 -3.7
v -2.7 0.8 -3.7
v -2.5 0.8 -3.7
v -2.4 0.8 -3.7
v -2.2 0.8 -3.7
v -2.1 0.8 -3.7
v -1.7 0.8 -3.7
v -1.6 0.8 -3.7
v -0.4 0.8 -3.7
v 0 0.8 -3.7
v 0.2 0.8 -3.7
v 4.8 0.8 -3.7
v 4.9 0.8 -3.7
v -4.2 0.8 -3.8
v -4.1 0.8 -3.8
v -3.9 0.8 -3.8
v -3.8 0.8 -3.8
v -2.7 0.8 -3.8
v -2.5 0.8 -3.8
v -2.1 0.8 -3.8
v -1.9 0.8 -3.8
v -1.5 0.8 -3.8
v -1.4 0.8 -3.8
v -0.5 0.8 -3.8
v -0.4 0.8 -3.8
v 0.2 0.8 -3.8
v 0.3 0.8 -3.8
v 4.9 0.8 -3.8
v 5 0.8 -3.8
v -4.1 0.8 -3.9
v -4 0.8 -3.9
v -2.2 0.8 -3.9
v -1.9 0.8 -3.9
v -1.6 0.8 -3.9
v -1.5 0.8 -3.9
v -0.8 0.8 -3.9
v -0.7 0.8 -3.9
v -0.6 0.8 -3.9
v -0.5 0.8 -3.9
v -0.0999999 0.8 -3.9
v 0 0.8 -3.9
v -4 0.8 -4
v -3.9 0.8 -4
v -2.2 0.8 -4
v -1.9 0.8 -4
v -1.7 0.8 -4
v -1.4 0.8 -4
v -1.3 0.8 -4
v 2 0.8 -4
v 2.2 0.8 -4
v -1.9 0.8 -4.1
v -1.7 0.8 -4.1
v -1.4 0.8 -4.1
v -1.3 0.8 -4.1
v -1.2 0.8 -4.1
v -0.8 0.8 -4.1
v -0.7 0.8 -4.1
v -0.6 0.8 -4.1
v -0.5 0.8 -4.1
v -0.0999999 0.8 -4.1
v 0 0.8 -4.1
v 0.2 0.8 -4.1
v 0.3 0.8 -4.1
v 1.9 0.8 -4.1
v 2 0.8 -4.1
v 2.1 0.8 -4.1
v 2.2 0.8 -4.1
v 2.3 0.8 -4.1
v -5 0.8 -4.2
v -4.9 0.8 -4.2
v -0.5 0.8 -4.2
v -0.0999999 0.8 -4.2
v 0 0.8 -4.2
v 0.2 0.8 -4.2
v 1.1 0.8 -4.2
v 1.3 0.8 -4.2
v -4.9 0.8 -4.3
v -4.8 0.8 -4.3
v 1 0.8 -4.3
v 1.1 0.8 -4.3
v 1.3 0.8 -4.3
v 1.4 0.8 -4.3
v 1.9 0.8 -4.3
v 2 0.8 -4.3
v 2.1 0.8 -4.3
v 2.2 0.8 -4.3
v 2.3 0.8 -4.3
v -5 0.8 -4.4
v -4.8 0.8 -4.4
v -1.4 0.8 -4.4
v -1.3 0.8 -4.4
v 2 0.8 -4.4
v 2.2 0.8 -4.4
v -1.4 0.8 -4.5
v -1.3 0.8 -4.5
v 1 0.8 -4.5
v 1.1 0.8 -4.5
v 1.3 0.8 -4.5
v 1.4 0.8 -4.5
v -4.5 0.8 -4.6
v -4.4 0.8 -4.6
v 1.1 0.8 -4.6
v 1.3 0.8 -4.6
v -4.4 0.8 -4.7
v -4.3 0.8 -4.7
v -4.8 0.8 -4.8
v -4.7 0.8 -4.8
v -4.5 0.8 -4.8
v -4.3 0.8 -4.8
v -1.4 0.8 -4.9
v -1.3 0.8 -4.9
v -1.2 0.8 -4.9
v -0.9 0.8 -4.9
v -0.8 0.8 -4.9
v -0.6 0.8 -4.9
v -0.5 0.8 -4.9
v -4.8 0.8 -5
v -4.7 0.8 -5
v -1.4 0.8 -5
v -1.2 0.8 -5
v -0.9 0.8 -5
v -0.8 0.8 -5
v -0.6 0.8 -5
v -0.5 0.8 -5
v -4.4 0.9 5
v -1.6 0.9 5
v -0.7 0.9 5
v 5 0.9 5
v -1.6 0.9 4.9
v -1.1 0.9 4.9
v -5 0.9 4.8
v -4.4 0.9 4.8
v -1.1 0.9 4.8
v -0.8 0.9 4.8
v -0.7 0.9 4.8
v 0 0.9 4.8
v -0.8 0.9 4.7
v -0.7 0.9 4.7
v -0.7 0.9 4.5
v -0.4 0.9 4.5
v 0 0.9 4.5
v 0.1 0.9 4.5
v -2.7 0.9 4.4
v -2.4 0.9 4.4
v 0.1 0.9 4.4
v 0.2 0.9 4.4
v 1.2 0.9 4.4
v 1.5 0.9 4.4
v -2.7 0.9 4.3
v -2.6 0.9 4.3
v -2.4 0.9 4.3
v -2.3 0.9 4.3
v 0.2 0.9 4.3
v 0.4 0.9 4.3
v 1 0.9 4.3
v 1.1 0.9 4.3
v 1.2 0.9 4.3
v 1.5 0.9 4.3
v 1.6 0.9 4.3
v -2.3 0.9 4.2
v -2.2 0.9 4.2
v 0.9 0.9 4.2
v 1 0.9 4.2
v 1.6 0.9 4.2
v 1.7 0.9 4.2
v -2.2 0.9 4.1
v -2.1 0.9 4.1
v 0.4 0.9 4.1
v 0.5 0.9 4.1
v 1.7 0.9 4.1
v 1.8 0.9 4.1
v -2.6 0.9 4
v -2.5 0.9 4
v -2.1 0.9 4
v -2 0.9 4
v 0.5 0.9 4
v 0.7 0.9 4
v 1.8 0.9 4
v 1.9 0.9 4
v -5 0.9 3.9
v -4.7 0.9 3.9
v -2.5 0.9 3.9
v -2.4 0.9 3.9
v -2 0.9 3.9
v -1.9 0.9 3.9
v 0.7 0.9 3.9
v 0.8 0.9 3.9
v 0.9 0.9 3.9
v 1 0.9 3.9
v -2.4 0.9 3.8
v -2.3 0.9 3.8
v -0.5 0.9 3.8
v -0.4 0.9 3.8
v 1 0.9 3.8
v 1.1 0.9 3.8
v 1.9 0.9 3.8
v 2 0.9 3.8
v -2.3 0.9 3.7
v -2.2 0.9 3.7
v -1.9 0.9 3.7
v -1.8 0.9 3.7
v 0.8 0.9 3.7
v 0.9 0.9 3.7
v 1.1 0.9 3.7
v 1.2 0.9 3.7
v 1.7 0.9 3.7
v 1.8 0.9 3.7
v -2.2 0.9 3.6
v -2.1 0.9 3.6
v 1.2 0.9 3.6
v 1.3 0.9 3.6
v 1.6 0.9 3.6
v 1.7 0.9 3.6
v 1.8 0.9 3.6
v 1.9 0.9 3.6
v 2 0.9 3.6
v 2.1 0.9 3.6
v 4.9 0.9 3.6
v 5 0.9 3.6
v -0.6 0.9 3.5
v -0.5 0.9 3.5
v 0.9 0.9 3.5
v 1 0.9 3.5
v 1.3 0.9 3.5
v 1.6 0.9 3.5
v 1.9 0.9 3.5
v 2 0.9 3.5
v 4.9 0.9 3.5
v 5 0.9 3.5
v -1.8 0.9 3.4
v -1.7 0.9 3.4
v -0.5 0.9 3.4
v 0.1 0.9 3.4
v 1 0.9 3.4
v 1.2 0.9 3.4
v -2.1 0.9 3.3
v -2 0.9 3.3
v -0.6 0.9 3.3
v -0.5 0.9 3.3
v -0.2 0.9 3.3
v 0.1 0.9 3.3
v 0.2 0.9 3.3
v 1.2 0.9 3.3
v 1.3 0.9 3.3
v 2 0.9 3.3
v 2.1 0.9 3.3
v -1.7 0.9 3.2
v -1.6 0.9 3.2
v -0.6 0.9 3.2
v -0.5 0.9 3.2
v -0.2 0.9 3.2
v -0.0999999 0.9 3.2
v 1.3 0.9 3.2
v 1.4 0.9 3.2
v 2.1 0.9 3.2
v 2.2 0.9 3.2
v -0.6 0.9 3.1
v -0.5 0.9 3.1
v -0.0999999 0.9 3.1
v 0 0.9 3.1
v 1.4 0.9 3.1
v 1.5 0.9 3.1
v 4.1 0.9 3.1
v 4.3 0.9 3.1
v -1.7 0.9 3
v -1.6 0.9 3
v -0.5 0.9 3
v -0.4 0.9 3
v 0 0.9 3
v 0.1 0.9 3
v 2.1 0.9 3
v 2.2 0.9 3
v 4.9 0.9 3
v 5 0.9 3
v -0.4 0.9 2.9
v -0.3 0.9 2.9
v 1.4 0.9 2.9
v 1.5 0.9 2.9
v -5 0.9 2.8
v -4.7 0.9 2.8
v -2.1 0.9 2.8
v -2 0.9 2.8
v -0.3 0.9 2.8
v -0.2 0.9 2.8
v 0.1 0.9 2.8
v 0.2 0.9 2.8
v 0.3 0.9 2.8
v 1.3 0.9 2.8
v 1.4 0.9 2.8
v 2.8 0.9 2.8
v 2.9 0.9 2.8
v -0.2 0.9 2.7
v -0.0999999 0.9 2.7
v 0.2 0.9 2.7
v 0.3 0.9 2.7
v 1.3 0.9 2.7
v 1.4 0.9 2.7
v -0.0999999 0.9 2.6
v 0 0.9 2.6
v 0.3 0.9 2.6
v 0.4 0.9 2.6
v 1.4 0.9 2.6
v 1.5 0.9 2.6
v -2.2 0.9 2.5
v -2.1 0.9 2.5
v -1.8 0.9 2.5
v -1.7 0.9 2.5
v 0.3 0.9 2.5
v 0.4 0.9 2.5
v 1.5 0.9 2.5
v 1.6 0.9 2.5
v 3.1 0.9 2.5
v 3.3 0.9 2.5
v 0 0.9 2.4
v 0.1 0.9 2.4
v 2.8 0.9 2.4
v 2.9 0.9 2.4
v 3.1 0.9 2.4
v 3.2 0.9 2.4
v 3.3 0.9 2.4
v 3.4 0.9 2.4
v 4.9 0.9 2.4
v 5 0.9 2.4
v -2.3 0.9 2.3
v -2.2 0.9 2.3
v 0.4 0.9 2.3
v 0.5 0.9 2.3
v 1.6 0.9 2.3
v 1.9 0.9 2.3
v 2.7 0.9 2.3
v 2.8 0.9 2.3
v 3.2 0.9 2.3
v 3.3 0.9 2.3
v 3.4 0.9 2.3
v 3.5 0.9 2.3
v 4.1 0.9 2.3
v 4.2 0.9 2.3
v -2.4 0.9 2.2
v -2.3 0.9 2.2
v -2.1 0.9 2.2
v -1.8 0.9 2.2
v 0.1 0.9 2.2
v 0.2 0.9 2.2
v 0.4 0.9 2.2
v 0.5 0.9 2.2
v 1.9 0.9 2.2
v 2 0.9 2.2
v -2.4 0.9 2.1
v -2.3 0.9 2.1
v -2.2 0.9 2.1
v -2.1 0.9 2.1
v 4.2 0.9 2.1
v 4.3 0.9 2.1
v -2.3 0.9 2
v -2.2 0.9 2
v 2 0.9 2
v 2.1 0.9 2
v 2.6 0.9 2
v 2.7 0.9 2
v 3.2 0.9 2
v 3.3 0.9 2
v 3.5 0.9 2
v 3.6 0.9 2
v 4.9 0.9 2
v 5 0.9 2
v 2.1 0.9 1.9
v 2.6 0.9 1.9
v 3.2 0.9 1.9
v 3.3 0.9 1.9
v 4.8 0.9 1.9
v 4.9 0.9 1.9
v -0.3 0.9 1.8
v -0.2 0.9 1.8
v 0.2 0.9 1.8
v 0.3 0.9 1.8
v 0.5 0.9 1.8
v 0.6 0.9 1.8
v 3.3 0.9 1.8
v 3.4 0.9 1.8
v 4.5 0.9 1.8
v 4.8 0.9 1.8
v -0.2 0.9 1.7
v -0.0999999 0.9 1.7
v 0.3 0.9 1.7
v 0.4 0.9 1.7
v 1.2 0.9 1.7
v 1.6 0.9 1.7
v 4.6 0.9 1.7
v 5 0.9 1.7
v -0.0999999 0.9 1.6
v 0.4 0.9 1.6
v 0.5 0.9 1.6
v 0.6 0.9 1.6
v 1.1 0.9 1.6
v 1.2 0.9 1.6
v 1.6 0.9 1.6
v 1.7 0.9 1.6
v 4.5 0.9 1.6
v 4.6 0.9 1.6
v 2.8 0.9 1.5
v 2.9 0.9 1.5
v 4.4 0.9 1.5
v 4.5 0.9 1.5
v -0.3 0.9 1.4
v 0 0.9 1.4
v 1.4 0.9 1.4
v 1.7 0.9 1.4
v -2.1 0.9 1.3
v -1.9 0.9 1.3
v 0.7 0.9 1.3
v 1.1 0.9 1.3
v 1.4 0.9 1.3
v 1.7 0.9 1.3
v 2 0.9 1.3
v 2.9 0.9 1.3
v 3 0.9 1.3
v 3.3 0.9 1.3
v 3.4 0.9 1.3
v 3.6 0.9 1.3
v -5 0.9 1.2
v -4.7 0.9 1.2
v -2.1 0.9 1.2
v -2 0.9 1.2
v -0.0999999 0.9 1.2
v 0 0.9 1.2
v 0.5 0.9 1.2
v 0.7 0.9 1.2
v 1.1 0.9 1.2
v 1.2 0.9 1.2
v 1.6 0.9 1.2
v 1.7 0.9 1.2
v 2 0.9 1.2
v 2.6 0.9 1.2
v 3 0.9 1.2
v 3.3 0.9 1.2
v 3.6 0.9 1.2
v 3.7 0.9 1.2
v -0.5 0.9 1.1
v -0.0999999 0.9 1.1
v 0 0.9 1.1
v 0.5 0.9 1.1
v 1.2 0.9 1.1
v 1.6 0.9 1.1
v 2.6 0.9 1.1
v 2.8 0.9 1.1
v 3.2 0.9 1.1
v 3.7 0.9 1.1
v 4.3 0.9 1.1
v 4.4 0.9 1.1
v -0.9 0.9 1
v -0.5 0.9 1
v 1.8 0.9 1
v 1.9 0.9 1
v 2 0.9 1
v 2.1 0.9 1
v 2.5 0.9 1
v 2.7 0.9 1
v 3.1 0.9 1
v 3.2 0.9 1
v 3.9 0.9 1
v 4.3 0.9 1
v -2 0.9 0.9
v -1.9 0.9 0.9
v 0.1 0.9 0.9
v 0.4 0.9 0.9
v 1.3 0.9 0.9
v 1.8 0.9 0.9
v 1.9 0.9 0.9
v 2 0.9 0.9
v 2.1 0.9 0.9
v 2.3 0.9 0.9
v 2.5 0.9 0.9
v 2.7 0.9 0.9
v 2.8 0.9 0.9
v 3.2 0.9 0.9
v 3.3 0.9 0.9
v -4.8 0.9 0.8
v -4.7 0.9 0.8
v -1.1 0.9 0.8
v -0.9 0.9 0.8
v 0.1 0.9 0.8
v 0.4 0.9 0.8
v 0.8 0.9 0.8
v 1.3 0.9 0.8
v 2.3 0.9 0.8
v 2.5 0.9 0.8
v -4.8 0.9 0.7
v -1.3 0.9 0.7
v -1.1 0.9 0.7
v 2.5 0.9 0.7
v 2.7 0.9 0.7
v 4.4 0.9 0.7
v 4.5 0.9 0.7
v -4.8 0.9 0.6
v -4.7 0.9 0.6
v -2.6 0.9 0.6
v -2.5 0.9 0.6
v -0.5 0.9 0.6
v 0 0.9 0.6
v 0.3 0.9 0.6
v 0.5 0.9 0.6
v 3.1 0.9 0.6
v 3.2 0.9 0.6
v 3.9 0.9 0.6
v 4 0.9 0.6
v -4.7 0.9 0.5
v -4.6 0.9 0.5
v -2.5 0.9 0.5
v -2.4 0.9 0.5
v -1.5 0.9 0.5
v -1.3 0.9 0.5
v -0.7 0.9 0.5
v -0.5 0.9 0.5
v 0 0.9 0.5
v 0.3 0.9 0.5
v 0.5 0.9 0.5
v 0.8 0.9 0.5
v 2.7 0.9 0.5
v 2.9 0.9 0.5
v 3.1 0.9 0.5
v 3.2 0.9 0.5
v 3.3 0.9 0.5
v 4 0.9 0.5
v 4.4 0.9 0.5
v -4.6 0.9 0.4
v -4.3 0.9 0.4
v -1.7 0.9 0.4
v -1.5 0.9 0.4
v -0.0999999 0.9 0.4
v 0 0.9 0.4
v 2.7 0.9 0.4
v 2.8 0.9 0.4
v 2.9 0.9 0.4
v 3 0.9 0.4
v 3.3 0.9 0.4
v 3.4 0.9 0.4
v -0.9 0.9 0.3
v -0.7 0.9 0.3
v -0.6 0.9 0.3
v -0.0999999 0.9 0.3
v 2.8 0.9 0.3
v 2.9 0.9 0.3
v 3 0.9 0.3
v 3.1 0.9 0.3
v 3.4 0.9 0.3
v 3.5 0.9 0.3
v 4.5 0.9 0.3
v 4.7 0.9 0.3
v -1 0.9 0.2
v -0.9 0.9 0.2
v 2.9 0.9 0.2
v 3 0.9 0.2
v 3.1 0.9 0.2
v 4.7 0.9 0.2
v 4.8 0.9 0.2
v -1.1 0.9 0.0999999
v -1 0.9 0.0999999
v 3.1 0.9 0.0999999
v 3.2 0.9 0.0999999
v 3.5 0.9 0.0999999
v 3.6 0.9 0.0999999
v -2.7 0.9 0
v -2.6 0.9 0
v -1.2 0.9 0
v -1.1 0.9 0
v -0.6 0.9 0
v -0.5 0.9 0
v 3.1 0.9 0
v 3.2 0.9 0
v 3.6 0.9 0
v 3.7 0.9 0
v -1.2 0.9 -0.1
v -1 0.9 -0.1
v -0.5 0.9 -0.1
v -0.4 0.9 -0.1
v 2.9 0.9 -0.1
v 3 0.9 -0.1
v 3.1 0.9 -0.1
v 3.2 0.9 -0.1
v 3.3 0.9 -0.1
v 3.8 0.9 -0.1
v 4.1 0.9 -0.1
v -4.3 0.9 -0.2
v -4.2 0.9 -0.2
v -1.7 0.9 -0.2
v -1.6 0.9 -0.2
v -1 0.9 -0.2
v -0.9 0.9 -0.2
v 2.8 0.9 -0.2
v 2.9 0.9 -0.2
v 3.2 0.9 -0.2
v 3.3 0.9 -0.2
v 3.8 0.9 -0.2
v 3.9 0.9 -0.2
v 4.7 0.9 -0.2
v 4.8 0.9 -0.2
v -4.2 0.9 -0.3
v -3.9 0.9 -0.3
v -1.7 0.9 -0.3
v -1.6 0.9 -0.3
v -0.9 0.9 -0.3
v -0.8 0.9 -0.3
v 2.9 0.9 -0.3
v 3 0.9 -0.3
v 3.8 0.9 -0.3
v 3.9 0.9 -0.3
v 4.1 0.9 -0.3
v 4.2 0.9 -0.3
v 4.6 0.9 -0.3
v 4.7 0.9 -0.3
v -5 0.9 -0.4
v -4.6 0.9 -0.4
v -1.7 0.9 -0.4
v -1.6 0.9 -0.4
v -0.8 0.9 -0.4
v -0.7 0.9 -0.4
v 2.8 0.9 -0.4
v 2.9 0.9 -0.4
v 4.5 0.9 -0.4
v 4.6 0.9 -0.4
v -4.6 0.9 -0.5
v -4.5 0.9 -0.5
v -3.9 0.9 -0.5
v -3.8 0.9 -0.5
v -2.4 0.9 -0.5
v -1.9 0.9 -0.5
v -1.6 0.9 -0.5
v -1.5 0.9 -0.5
v -0.7 0.9 -0.5
v -0.6 0.9 -0.5
v -0.4 0.9 -0.5
v -0.2 0.9 -0.5
v 2.5 0.9 -0.5
v 2.7 0.9 -0.5
v -0.6 0.9 -0.6
v -0.5 0.9 -0.6
v 2.3 0.9 -0.6
v 2.5 0.9 -0.6
v 2.6 0.9 -0.6
v 2.7 0.9 -0.6
v 3.2 0.9 -0.6
v 3.3 0.9 -0.6
v -1.5 0.9 -0.7
v -1.3 0.9 -0.7
v 1.9 0.9 -0.7
v 2.3 0.9 -0.7
v 2.4 0.9 -0.7
v 2.6 0.9 -0.7
v 3.1 0.9 -0.7
v 3.2 0.9 -0.7
v 3.6 0.9 -0.7
v 3.7 0.9 -0.7
v -4.2 0.9 -0.8
v -3.8 0.9 -0.8
v -1.3 0.9 -0.8
v -1.1 0.9 -0.8
v -0.5 0.9 -0.8
v -0.4 0.9 -0.8
v -0.2 0.9 -0.8
v 0 0.9 -0.8
v 1.6 0.9 -0.8
v 1.9 0.9 -0.8
v 2.3 0.9 -0.8
v 2.4 0.9 -0.8
v 3.7 0.9 -0.8
v 3.8 0.9 -0.8
v 4.2 0.9 -0.8
v 4.3 0.9 -0.8
v -4.3 0.9 -0.9
v -4.2 0.9 -0.9
v -1.9 0.9 -0.9
v -1.6 0.9 -0.9
v -1.1 0.9 -0.9
v -0.9 0.9 -0.9
v 0 0.9 -0.9
v 0.2 0.9 -0.9
v 1.1 0.9 -0.9
v 1.6 0.9 -0.9
v 2.3 0.9 -0.9
v 2.7 0.9 -0.9
v 4.3 0.9 -0.9
v 4.4 0.9 -0.9
v -4.6 0.9 -1
v -4.5 0.9 -1
v -0.9 0.9 -1
v -0.6 0.9 -1
v 0.2 0.9 -1
v 0.3 0.9 -1
v 0.7 0.9 -1
v 1.1 0.9 -1
v 2.7 0.9 -1
v 2.8 0.9 -1
v -4.7 0.9 -1.1
v -4.6 0.9 -1.1
v -4.4 0.9 -1.1
v -4.3 0.9 -1.1
v -1.6 0.9 -1.1
v -0.6 0.9 -1.1
v -0.4 0.9 -1.1
v 0.1 0.9 -1.1
v 0.4 0.9 -1.1
v 0.7 0.9 -1.1
v 1.7 0.9 -1.1
v 1.8 0.9 -1.1
v 2.8 0.9 -1.1
v 3.1 0.9 -1.1
v 3.6 0.9 -1.1
v 3.7 0.9 -1.1
v -5 0.9 -1.2
v -4.7 0.9 -1.2
v -3.7 0.9 -1.2
v -3.6 0.9 -1.2
v 0.3 0.9 -1.2
v 0.4 0.9 -1.2
v 1.7 0.9 -1.2
v 1.8 0.9 -1.2
v 2 0.9 -1.2
v 2.2 0.9 -1.2
v 2.8 0.9 -1.2
v 3.1 0.9 -1.2
v -3.6 0.9 -1.3
v -3.5 0.9 -1.3
v -2.7 0.9 -1.3
v -2.6 0.9 -1.3
v 0.1 0.9 -1.3
v 2 0.9 -1.3
v 2.2 0.9 -1.3
v 2.8 0.9 -1.3
v -3.5 0.9 -1.4
v -3.4 0.9 -1.4
v -2.6 0.9 -1.4
v -2.5 0.9 -1.4
v 4.4 0.9 -1.4
v 4.5 0.9 -1.4
v -4.6 0.9 -1.5
v -4.4 0.9 -1.5
v -3.7 0.9 -1.5
v -3.6 0.9 -1.5
v -3.4 0.9 -1.5
v -3.1 0.9 -1.5
v -2.5 0.9 -1.5
v -2.4 0.9 -1.5
v 4.5 0.9 -1.5
v 5 0.9 -1.5
v -4.5 0.9 -1.7
v -4.1 0.9 -1.7
v -3.6 0.9 -1.7
v -3.5 0.9 -1.7
v -1.8 0.9 -1.7
v -1.4 0.9 -1.7
v -4.7 0.9 -1.8
v -4.6 0.9 -1.8
v -4.5 0.9 -1.8
v -4.1 0.9 -1.8
v -4 0.9 -1.8
v -2.5 0.9 -1.8
v -2.4 0.9 -1.8
v -4.8 0.9 -1.9
v -4.7 0.9 -1.9
v -5 0.9 -2
v -4.8 0.9 -2
v -4 0.9 -2
v -3.9 0.9 -2
v 0 0.9 -2
v 1.2 0.9 -2
v -3.5 0.9 -2.1
v -3.3 0.9 -2.1
v -1.5 0.9 -2.1
v -1.4 0.9 -2.1
v 1.2 0.9 -2.1
v 1.3 0.9 -2.1
v 1.4 0.9 -2.1
v 1.8 0.9 -2.1
v -3.3 0.9 -2.2
v -3.2 0.9 -2.2
v 0.3 0.9 -2.2
v 0.6 0.9 -2.2
v 1.3 0.9 -2.2
v 1.4 0.9 -2.2
v 1.8 0.9 -2.2
v 1.9 0.9 -2.2
v -4.6 0.9 -2.3
v -4.5 0.9 -2.3
v 0.1 0.9 -2.3
v 0.3 0.9 -2.3
v 0.6 0.9 -2.3
v 0.7 0.9 -2.3
v 0.1 0.9 -2.4
v 0.2 0.9 -2.4
v 0.7 0.9 -2.4
v 0.9 0.9 -2.4
v -4.5 0.9 -2.5
v -4.4 0.9 -2.5
v -4 0.9 -2.5
v -3.9 0.9 -2.5
v 0.2 0.9 -2.5
v 0.4 0.9 -2.5
v 0.9 0.9 -2.5
v 1 0.9 -2.5
v -4.4 0.9 -2.6
v -4 0.9 -2.6
v -2.5 0.9 -2.6
v -2.1 0.9 -2.6
v 0.4 0.9 -2.6
v 0.5 0.9 -2.6
v 1 0.9 -2.6
v 1.1 0.9 -2.6
v 1.9 0.9 -2.6
v 2 0.9 -2.6
v 2.1 0.9 -2.6
v 2.6 0.9 -2.6
v -2.1 0.9 -2.7
v -2 0.9 -2.7
v 0.5 0.9 -2.7
v 0.6 0.9 -2.7
v 2 0.9 -2.7
v 2.1 0.9 -2.7
v 2.6 0.9 -2.7
v 2.8 0.9 -2.7
v -3.3 0.9 -2.8
v -3.2 0.9 -2.8
v -2 0.9 -2.8
v -1.8 0.9 -2.8
v -1.5 0.9 -2.8
v 0.6 0.9 -2.8
v 0.8 0.9 -2.8
v 1.1 0.9 -2.8
v 1.2 0.9 -2.8
v 2 0.9 -2.8
v 2.1 0.9 -2.8
v 2.8 0.9 -2.8
v 3 0.9 -2.8
v -4.3 0.9 -2.9
v -4.2 0.9 -2.9
v -3.6 0.9 -2.9
v -3.3 0.9 -2.9
v -1.8 0.9 -2.9
v -1.6 0.9 -2.9
v -0.5 0.9 -2.9
v 0 0.9 -2.9
v 2 0.9 -2.9
v 2.1 0.9 -2.9
v 2.3 0.9 -2.9
v 3 0.9 -2.9
v 3.3 0.9 -2.9
v -1.6 0.9 -3
v -1.5 0.9 -3
v -0.6 0.9 -3
v -0.5 0.9 -3
v 0.8 0.9 -3
v 0.9 0.9 -3
v 1.2 0.9 -3
v 1.3 0.9 -3
v 2.1 0.9 -3
v 2.2 0.9 -3
v 2.3 0.9 -3
v 2.4 0.9 -3
v 3.3 0.9 -3
v 3.5 0.9 -3
v -4.2 0.9 -3.1
v -4.1 0.9 -3.1
v -3.6 0.9 -3.1
v -3.5 0.9 -3.1
v -3.1 0.9 -3.1
v -3 0.9 -3.1
v -1.5 0.9 -3.1
v -1.3 0.9 -3.1
v 2.4 0.9 -3.1
v 2.5 0.9 -3.1
v 3.5 0.9 -3.1
v 3.7 0.9 -3.1
v -5 0.9 -3.2
v -4.9 0.9 -3.2
v -4.1 0.9 -3.2
v -4 0.9 -3.2
v -3.5 0.9 -3.2
v -3.4 0.9 -3.2
v -3 0.9 -3.2
v -2.9 0.9 -3.2
v -1.3 0.9 -3.2
v -1.2 0.9 -3.2
v -1.1 0.9 -3.2
v -0.6 0.9 -3.2
v 2.5 0.9 -3.2
v 2.6 0.9 -3.2
v 3.7 0.9 -3.2
v 4.1 0.9 -3.2
v -2.9 0.9 -3.3
v -2.4 0.9 -3.3
v -1.2 0.9 -3.3
v -1.1 0.9 -3.3
v 2.2 0.9 -3.3
v 2.3 0.9 -3.3
v 4.1 0.9 -3.3
v 4.4 0.9 -3.3
v -5 0.9 -3.4
v -4.9 0.9 -3.4
v -4 0.9 -3.4
v -3.9 0.9 -3.4
v -3.4 0.9 -3.4
v -3.2 0.9 -3.4
v -2.4 0.9 -3.4
v -2.3 0.9 -3.4
v 4.4 0.9 -3.4
v 4.6 0.9 -3.4
v -3.9 0.9 -3.5
v -3.8 0.9 -3.5
v -3.2 0.9 -3.5
v -3.1 0.9 -3.5
v 2.3 0.9 -3.5
v 2.4 0.9 -3.5
v 4.6 0.9 -3.5
v 4.7 0.9 -3.5
v -4.3 0.9 -3.6
v -4.2 0.9 -3.6
v -3.1 0.9 -3.6
v -2.8 0.9 -3.6
v -2.3 0.9 -3.6
v -1.7 0.9 -3.6
v 0.9 0.9 -3.6
v 1 0.9 -3.6
v 4.7 0.9 -3.6
v 4.8 0.9 -3.6
v -2.8 0.9 -3.7
v -2.7 0.9 -3.7
v -1.7 0.9 -3.7
v -1.6 0.9 -3.7
v -0.4 0.9 -3.7
v 0.2 0.9 -3.7
v 2.5 0.9 -3.7
v 2.6 0.9 -3.7
v 4.8 0.9 -3.7
v 4.9 0.9 -3.7
v -4.2 0.9 -3.8
v -4.1 0.9 -3.8
v -3.9 0.9 -3.8
v -3.8 0.9 -3.8
v -3.5 0.9 -3.8
v -3.2 0.9 -3.8
v -2.8 0.9 -3.8
v -2.7 0.9 -3.8
v -2.4 0.9 -3.8
v -1.5 0.9 -3.8
v -1.1 0.9 -3.8
v -0.5 0.9 -3.8
v -0.4 0.9 -3.8
v 0.2 0.9 -3.8
v 0.3 0.9 -3.8
v 2.4 0.9 -3.8
v 2.5 0.9 -3.8
v 4.9 0.9 -3.8
v 5 0.9 -3.8
v -4.1 0.9 -3.9
v -4 0.9 -3.9
v -3.6 0.9 -3.9
v -3.5 0.9 -3.9
v -3.4 0.9 -3.9
v -3.2 0.9 -3.9
v -2.4 0.9 -3.9
v -2.3 0.9 -3.9
v -1.6 0.9 -3.9
v -1.5 0.9 -3.9
v -1.1 0.9 -3.9
v -0.7 0.9 -3.9
v -0.6 0.9 -3.9
v -0.5 0.9 -3.9
v -4 0.9 -4
v -3.9 0.9 -4
v -3.5 0.9 -4
v -3.4 0.9 -4
v -2.8 0.9 -4
v -2.7 0.9 -4
v -2.2 0.9 -4
v -1.9 0.9 -4
v -1.7 0.9 -4
v -1.4 0.9 -4
v 0.9 0.9 -4
v 1 0.9 -4
v 1.2 0.9 -4
v 1.3 0.9 -4
v 2 0.9 -4
v 2.2 0.9 -4
v -3.6 0.9 -4.1
v -3.5 0.9 -4.1
v -2.3 0.9 -4.1
v -2.2 0.9 -4.1
v -1.9 0.9 -4.1
v -1.7 0.9 -4.1
v -1.2 0.9 -4.1
v -0.7 0.9 -4.1
v -0.6 0.9 -4.1
v -0.5 0.9 -4.1
v -0.0999999 0.9 -4.1
v 0 0.9 -4.1
v 0.2 0.9 -4.1
v 0.3 0.9 -4.1
v 0.8 0.9 -4.1
v 0.9 0.9 -4.1
v 1.1 0.9 -4.1
v 1.2 0.9 -4.1
v 1.9 0.9 -4.1
v 2 0.9 -4.1
v 2.2 0.9 -4.1
v 2.3 0.9 -4.1
v -5 0.9 -4.2
v -4.9 0.9 -4.2
v -0.5 0.9 -4.2
v -0.0999999 0.9 -4.2
v 0 0.9 -4.2
v 0.2 0.9 -4.2
v 0.8 0.9 -4.2
v 0.9 0.9 -4.2
v 1.1 0.9 -4.2
v 1.3 0.9 -4.2
v -4.9 0.9 -4.3
v -4.8 0.9 -4.3
v 0.9 0.9 -4.3
v 1 0.9 -4.3
v 1.3 0.9 -4.3
v 1.4 0.9 -4.3
v 1.9 0.9 -4.3
v 2 0.9 -4.3
v 2.2 0.9 -4.3
v 2.3 0.9 -4.3
v -4.8 0.9 -4.4
v -4.5 0.9 -4.4
v 2 0.9 -4.4
v 2.2 0.9 -4.4
v 0.9 0.9 -4.5
v 1 0.9 -4.5
v 1.1 0.9 -4.5
v 1.3 0.9 -4.5
v 1.4 0.9 -4.5
v -4.5 0.9 -4.6
v -4.4 0.9 -4.6
v -3.8 0.9 -4.6
v -3.7 0.9 -4.6
v 0.8 0.9 -4.6
v 0.9 0.9 -4.6
v 1.1 0.9 -4.6
v 1.3 0.9 -4.6
v 1.8 0.9 -4.6
v 2.1 0.9 -4.6
v 3.4 0.9 -4.6
v 4 0.9 -4.6
v -4.4 0.9 -4.7
v -4.3 0.9 -4.7
v -3.7 0.9 -4.7
v -3.6 0.9 -4.7
v 0.7 0.9 -4.7
v 0.8 0.9 -4.7
v 3.3 0.9 -4.7
v 3.4 0.9 -4.7
v 4 0.9 -4.7
v 4.1 0.9 -4.7
v -4.7 0.9 -4.8
v -4.3 0.9 -4.8
v -3.8 0.9 -4.8
v -3.7 0.9 -4.8
v -3.6 0.9 -4.8
v -3.5 0.9 -4.8
v 0.6 0.9 -4.8
v 0.7 0.9 -4.8
v 2.6 0.9 -4.8
v 3.3 0.9 -4.8
v -3.7 0.9 -4.9
v -3.5 0.9 -4.9
v -2.5 0.9 -4.9
v -1.4 0.9 -4.9
v -1.1 0.9 -4.9
v -0.9 0.9 -4.9
v -0.5 0.9 -4.9
v -0.4 0.9 -4.9
v -0.2 0.9 -4.9
v 0.3 0.9 -4.9
v 0.6 0.9 -4.9
v -4.7 0.9 -5
v -2.5 0.9 -5
v -1.2 0.9 -5
v -1.1 0.9 -5
v -0.5 0.9 -5
v -0.4 0.9 -5
v -0.2 0.9 -5
v 0.3 0.9 -5
v 1 0.9 -5
v 1.8 0.9 -5
v 2.1 0.9 -5
v 2.6 0.9 -5
v 4.1 0.9 -5
v 5 0.9 -5
v -5 1 5
v -4.4 1 5
v -5 1 4.8
v -4.4 1 4.8
v -2.7 1 4.4
v -2.4 1 4.4
v 1.2 1 4.4
v 1.5 1 4.4
v -2.7 1 4.3
v -2.6 1 4.3
v -2.4 1 4.3
v -2.3 1 4.3
v 1.1 1 4.3
v 1.2 1 4.3
v 1.5 1 4.3
v 1.6 1 4.3
v -2.3 1 4.2
v -2.2 1 4.2
v 1.6 1 4.2
v 1.7 1 4.2
v -2.2 1 4.1
v -2.1 1 4.1
v 1.1 1 4.1
v 1.4 1 4.1
v 1.7 1 4.1
v 1.8 1 4.1
v -2.6 1 4
v -2.5 1 4
v -2.1 1 4
v -2 1 4
v 1.3 1 4
v 1.4 1 4
v 1.8 1 4
v 1.9 1 4
v -5 1 3.9
v -4.7 1 3.9
v -2.5 1 3.9
v -2.4 1 3.9
v -2 1 3.9
v -1.9 1 3.9
v 1.3 1 3.9
v 1.4 1 3.9
v -2.4 1 3.8
v -2.3 1 3.8
v 1.4 1 3.8
v 1.7 1 3.8
v 1.9 1 3.8
v 2 1 3.8
v -2.3 1 3.7
v -2.2 1 3.7
v -1.9 1 3.7
v -1.8 1 3.7
v 1.7 1 3.7
v 1.8 1 3.7
v -2.2 1 3.6
v -2.1 1 3.6
v 1.8 1 3.6
v 1.9 1 3.6
v 2 1 3.6
v 2.1 1 3.6
v 1.9 1 3.5
v 2 1 3.5
v -1.8 1 3.4
v -1.7 1 3.4
v -2.1 1 3.3
v -2 1 3.3
v -0.5 1 3.3
v -0.2 1 3.3
v 2 1 3.3
v 2.1 1 3.3
v -1.7 1 3.2
v -1.6 1 3.2
v -0.6 1 3.2
v -0.5 1 3.2
v -0.2 1 3.2
v -0.0999999 1 3.2
v 2.1 1 3.2
v 2.2 1 3.2
v -0.6 1 3.1
v -0.5 1 3.1
v -0.0999999 1 3.1
v 0 1 3.1
v -1.7 1 3
v -1.6 1 3
v -0.5 1 3
v -0.4 1 3
v 0 1 3
v 0.1 1 3
v 2.1 1 3
v 2.2 1 3
v -0.4 1 2.9
v -0.3 1 2.9
v -5 1 2.8
v -4.7 1 2.8
v -2.1 1 2.8
v -2 1 2.8
v -0.3 1 2.8
v -0.2 1 2.8
v 0.1 1 2.8
v 0.2 1 2.8
v -0.2 1 2.7
v -0.0999999 1 2.7
v 0.2 1 2.7
v 0.3 1 2.7
v -0.0999999 1 2.6
v 0 1 2.6
v -2.2 1 2.5
v -2.1 1 2.5
v -1.8 1 2.5
v -1.7 1 2.5
v 0.3 1 2.5
v 0.4 1 2.5
v 3.1 1 2.5
v 3.3 1 2.5
v 0 1 2.4
v 0.1 1 2.4
v 3.1 1 2.4
v 3.2 1 2.4
v 3.3 1 2.4
v 3.4 1 2.4
v -2.3 1 2.3
v -2.2 1 2.3
v 3.2 1 2.3
v 3.3 1 2.3
v 3.4 1 2.3
v 3.5 1 2.3
v -2.4 1 2.2
v -2.3 1 2.2
v -2.1 1 2.2
v -1.8 1 2.2
v 0.1 1 2.2
v 0.2 1 2.2
v 0.4 1 2.2
v 0.5 1 2.2
v -2.4 1 2.1
v -2.3 1 2.1
v -2.2 1 2.1
v -2.1 1 2.1
v -2.3 1 2
v -2.2 1 2
v 3.2 1 2
v 3.3 1 2
v 3.5 1 2
v 3.6 1 2
v 3.2 1 1.9
v 3.3 1 1.9
v 0.2 1 1.8
v 0.3 1 1.8
v 3.3 1 1.8
v 3.4 1 1.8
v 0.3 1 1.7
v 0.4 1 1.7
v 0.4 1 1.6
v 0.5 1 1.6
v 1.4 1 1.4
v 1.7 1 1.4
v 1.1 1 1.3
v 1.4 1 1.3
v 3.3 1 1.3
v 3.4 1 1.3
v 3.5 1 1.3
v 3.6 1 1.3
v -5 1 1.2
v -4.7 1 1.2
v -0.0999999 1 1.2
v 0 1 1.2
v 1.1 1 1.2
v 1.2 1 1.2
v 1.6 1 1.2
v 1.7 1 1.2
v 3.3 1 1.2
v 3.5 1 1.2
v -0.5 1 1.1
v -0.0999999 1 1.1
v 1.2 1 1.1
v 1.6 1 1.1
v -0.9 1 1
v -0.5 1 1
v -0.0999999 1 1
v 0 1 1
v -0.0999999 1 0.9
v 0 1 0.9
v 0.1 1 0.9
v 0.4 1 0.9
v 3.2 1 0.9
v 3.3 1 0.9
v -4.8 1 0.8
v -4.7 1 0.8
v -1.1 1 0.8
v -0.9 1 0.8
v 0.1 1 0.8
v 0.4 1 0.8
v -5 1 0.7
v -4.8 1 0.7
v -1.3 1 0.7
v -1.1 1 0.7
v -0.5 1 0.6
v 0 1 0.6
v -1.5 1 0.5
v -1.3 1 0.5
v -0.7 1 0.5
v -0.5 1 0.5
v 3.2 1 0.5
v 3.3 1 0.5
v -1.7 1 0.4
v -1.5 1 0.4
v -0.9 1 0.3
v -0.7 1 0.3
v 4.5 1 0.3
v 4.7 1 0.3
v -1 1 0.2
v -0.9 1 0.2
v 3 1 0.2
v 3.1 1 0.2
v 4.7 1 0.2
v 4.8 1 0.2
v -1.1 1 0.0999999
v -1 1 0.0999999
v 3.1 1 0.0999999
v 3.2 1 0.0999999
v -1.2 1 0
v -1.1 1 0
v 3.1 1 0
v 3.2 1 0
v -1.2 1 -0.1
v -1 1 -0.1
v 3 1 -0.1
v 3.1 1 -0.1
v 3.2 1 -0.1
v 3.3 1 -0.1
v -1.7 1 -0.2
v -1.6 1 -0.2
v -1 1 -0.2
v -0.9 1 -0.2
v 3.2 1 -0.2
v 3.3 1 -0.2
v 4.7 1 -0.2
v 4.8 1 -0.2
v -1.7 1 -0.3
v -1.6 1 -0.3
v -0.9 1 -0.3
v -0.8 1 -0.3
v 4.6 1 -0.3
v 4.7 1 -0.3
v -1.7 1 -0.4
v -1.6 1 -0.4
v -0.8 1 -0.4
v -0.7 1 -0.4
v 4.5 1 -0.4
v 4.6 1 -0.4
v -1.6 1 -0.5
v -1.5 1 -0.5
v -0.7 1 -0.5
v -0.6 1 -0.5
v -1.2 1 -0.6
v -1.1 1 -0.6
v -0.6 1 -0.6
v -0.5 1 -0.6
v -1.5 1 -0.7
v -1.3 1 -0.7
v -1.2 1 -0.7
v -1.1 1 -0.7
v -1.3 1 -0.8
v -1.1 1 -0.8
v -0.8 1 -0.8
v -0.5 1 -0.8
v -0.4 1 -0.8
v -1.1 1 -0.9
v -0.9 1 -0.9
v -0.8 1 -0.9
v -0.5 1 -0.9
v -0.9 1 -1
v -0.6 1 -1
v -0.6 1 -1.1
v -0.4 1 -1.1
v -4.5 1 -1.7
v -4.1 1 -1.7
v -4.6 1 -1.8
v -4.5 1 -1.8
v -4.1 1 -1.8
v -4 1 -1.8
v -4 1 -2
v -3.9 1 -2
v 0.3 1 -2.2
v 0.6 1 -2.2
v -4.6 1 -2.3
v -4.5 1 -2.3
v 0.1 1 -2.3
v 0.3 1 -2.3
v 0.6 1 -2.3
v 0.7 1 -2.3
v 0.1 1 -2.4
v 0.2 1 -2.4
v 0.7 1 -2.4
v 0.9 1 -2.4
v -4.5 1 -2.5
v -4.4 1 -2.5
v -4 1 -2.5
v -3.9 1 -2.5
v 0.2 1 -2.5
v 0.4 1 -2.5
v 0.9 1 -2.5
v 1 1 -2.5
v -4.4 1 -2.6
v -4 1 -2.6
v 0.4 1 -2.6
v 0.5 1 -2.6
v 1 1 -2.6
v 1.1 1 -2.6
v 0.5 1 -2.7
v 0.6 1 -2.7
v 0.6 1 -2.8
v 0.8 1 -2.8
v 1.1 1 -2.8
v 1.2 1 -2.8
v 2 1 -2.8
v 2.1 1 -2.8
v 2 1 -2.9
v 2.1 1 -2.9
v 2.3 1 -2.9
v 0.8 1 -3
v 0.9 1 -3
v 1.2 1 -3
v 1.3 1 -3
v 2.1 1 -3
v 2.2 1 -3
v 2.3 1 -3
v 2.4 1 -3
v 2.4 1 -3.1
v 2.5 1 -3.1
v 2.5 1 -3.2
v 2.6 1 -3.2
v 2.2 1 -3.3
v 2.3 1 -3.3
v 2.3 1 -3.5
v 2.4 1 -3.5
v 0.9 1 -3.6
v 1 1 -3.6
v 2.5 1 -3.7
v 2.6 1 -3.7
v -3.5 1 -3.8
v -3.2 1 -3.8
v -2.8 1 -3.8
v -2.7 1 -3.8
v 2.4 1 -3.8
v 2.5 1 -3.8
v -3.6 1 -3.9
v -3.5 1 -3.9
v -3.4 1 -3.9
v -3.2 1 -3.9
v -3.5 1 -4
v -3.4 1 -4
v -2.8 1 -4
v -2.7 1 -4
v 0.9 1 -4
v 1 1 -4
v 1.2 1 -4
v 1.3 1 -4
v -3.6 1 -4.1
v -3.5 1 -4.1
v 0.8 1 -4.1
v 0.9 1 -4.1
v 1.1 1 -4.1
v 1.2 1 -4.1
v 0.8 1 -4.2
v 0.9 1 -4.2
v 0.9 1 -4.3
v 1.1 1 -4.3
v 0.9 1 -4.5
v 1 1 -4.5
v -3.8 1 -4.6
v -3.7 1 -4.6
v 0.8 1 -4.6
v 0.9 1 -4.6
v 1.8 1 -4.6
v 2.1 1 -4.6
v 3.4 1 -4.6
v 4 1 -4.6
v -3.7 1 -4.7
v -3.6 1 -4.7
v 0.7 1 -4.7
v 0.8 1 -4.7
v 3.3 1 -4.7
v 3.4 1 -4.7
v 4 1 -4.7
v 4.1 1 -4.7
v -3.8 1 -4.8
v -3.7 1 -4.8
v -3.6 1 -4.8
v -3.5 1 -4.8
v 0.6 1 -4.8
v 0.7 1 -4.8
v 2.6 1 -4.8
v 3.3 1 -4.8
v -3.7 1 -4.9
v -3.5 1 -4.9
v -2.5 1 -4.9
v -1.4 1 -4.9
v -1.1 1 -4.9
v -0.9 1 -4.9
v -0.4 1 -4.9
v -0.2 1 -4.9
v 0.3 1 -4.9
v 0.6 1 -4.9
v -2.5 1 -5
v -1.4 1 -5
v -1.1 1 -5
v -0.9 1 -5
v -0.4 1 -5
v -0.2 1 -5
v 0.3 1 -5
v 1 1 -5
v 1.8 1 -5
v 2.1 1 -5
v 2.6 1 -5
v 4.1 1 -5
v -0.0999999 1.1 1
v 0 1.1 1
v -0.0999999 1.1 0.9
v 0 1.1 0.9
v -1.2 1.1 -0.6
v -1.1 1.1 -0.6
v -1.2 1.1 -0.7
v -1.1 1.1 -0.7
v -0.8 1.1 -0.8
v -0.5 1.1 -0.8
v -0.8 1.1 -0.9
v -0.5 1.1 -0.9

# faces
f 3/2/1 2/2/1 1/2/1
f 4/2/1 2/2/1 3/2/1
f 5/2/1 2/2/1 4/2/1
f 6/2/1 2/2/1 5/2/1
f 7/2/1 2/2/1 6/2/1
f 8/2/1 2/2/1 7/2/1
f 9/2/1 2/2/1 8/2/1
f 10/2/1 3/2/1 1/2/1
f 11/2/1 3/2/1 10/2/1
f 12/2/1 3/2/1 11/2/1
f 13/2/1 3/2/1 12/2/1
f 14/2/1 3/2/1 13/2/1
f 15/2/1 3/2/1 14/2/1
f 16/2/1 3/2/1 15/2/1
f 17/2/1 3/2/1 16/2/1
f 18/2/1 5/2/1 4/2/1
f 19/2/1 5/2/1 18/2/1
f 20/2/1 5/2/1 19/2/1
f 21/2/1 7/2/1 6/2/1
f 22/2/1 7/2/1 21/2/1
f 23/3/1 8/3/1 7/3/1
f 23/2/1 7/2/1 22/2/1
f 24/3/1 8/3/1 23/3/1
f 25/2/1 10/2/1 1/2/1
f 26/4/1 11/4/1 10/4/1
f 26/2/1 10/2/1 25/2/1
f 27/2/1 12/2/1 11/2/1
f 27/4/1 11/4/1 26/4/1
f 28/4/1 13/4/1 12/4/1
f 28/2/1 12/2/1 27/2/1
f 29/2/1 14/2/1 13/2/1
f 29/4/1 13/4/1 28/4/1
f 30/2/1 14/2/1 29/2/1
f 31/4/1 16/4/1 15/4/1
f 32/4/1 16/4/1 31/4/1
f 33/4/1 20/4/1 19/4/1
f 34/4/1 20/4/1 33/4/1
f 35/4/1 23/4/1 22/4/1
f 36/4/1 23/4/1 35/4/1
f 37/5/1 26/5/1 25/5/1
f 38/5/1 26/5/1 37/5/1
f 39/5/1 28/5/1 27/5/1
f 40/5/1 28/5/1 39/5/1
f 41/5/1 30/5/1 29/5/1
f 42/5/1 30/5/1 41/5/1
f 47/3/1 44/3/1 43/3/1
f 48/3/1 44/3/1 47/3/1
f 49/3/1 46/3/1 45/3/1
f 50/3/1 46/3/1 49/3/1
f 54/4/1 50/4/1 49/4/1
f 54/4/1 51/4/1 50/4/1
f 55/4/1 51/4/1 54/4/1
f 56/4/1 53/4/1 52/4/1
f 57/4/1 53/4/1 56/4/1
f 66/3/1 59/3/1 58/3/1
f 67/3/1 59/3/1 66/3/1
f 68/4/1 61/4/1 60/4/1
f 69/4/1 61/4/1 68/4/1
f 70/4/1 63/4/1 62/4/1
f 71/4/1 63/4/1 70/4/1
f 72/4/1 65/4/1 64/4/1
f 73/4/1 65/4/1 72/4/1
f 80/4/1 75/4/1 74/4/1
f 81/4/1 75/4/1 80/4/1
f 82/4/1 77/4/1 76/4/1
f 83/4/1 77/4/1 82/4/1
f 84/4/1 79/4/1 78/4/1
f 85/4/1 79/4/1 84/4/1
f 90/4/1 87/4/1 86/4/1
f 91/4/1 87/4/1 90/4/1
f 92/4/1 89/4/1 88/4/1
f 93/4/1 89/4/1 92/4/1
f 95/5/1 94/5/1 93/5/1
f 96/5/1 94/5/1 95/5/1
f 99/3/1 98/3/1 97/3/1
f 100/3/1 98/3/1 99/3/1
f 101/3/1 98/3/1 100/3/1
f 106/4/1 100/4/1 99/4/1
f 107/4/1 100/4/1 106/4/1
f 108/5/1 103/5/1 102/5/1
f 109/5/1 103/5/1 108/5/1
f 110/5/1 105/5/1 104/5/1
f 111/5/1 105/5/1 110/5/1
f 116/4/1 113/4/1 112/4/1
f 117/4/1 113/4/1 116/4/1
f 120/4/1 115/4/1 114/4/1
f 121/4/1 115/4/1 120/4/1
f 122/5/1 119/5/1 118/5/1
f 123/5/1 119/5/1 122/5/1
f 130/4/1 125/4/1 124/4/1
f 131/4/1 125/4/1 130/4/1
f 132/4/1 127/4/1 126/4/1
f 133/4/1 127/4/1 132/4/1
f 134/4/1 129/4/1 128/4/1
f 135/4/1 129/4/1 134/4/1
f 142/4/1 137/4/1 136/4/1
f 143/4/1 137/4/1 142/4/1
f 144/4/1 139/4/1 138/4/1
f 145/4/1 139/4/1 144/4/1
f 146/4/1 141/4/1 140/4/1
f 147/4/1 141/4/1 146/4/1
f 150/4/1 149/4/1 148/4/1
f 151/4/1 149/4/1 150/4/1
f 154/4/1 153/4/1 152/4/1
f 155/4/1 153/4/1 154/4/1
f 162/4/1 157/4/1 156/4/1
f 163/4/1 157/4/1 162/4/1
f 164/4/1 159/4/1 158/4/1
f 165/4/1 159/4/1 164/4/1
f 166/4/1 161/4/1 160/4/1
f 167/4/1 161/4/1 166/4/1
f 172/4/1 169/4/1 168/4/1
f 173/4/1 169/4/1 172/4/1
f 174/4/1 171/4/1 170/4/1
f 175/4/1 171/4/1 174/4/1
f 178/5/1 177/5/1 176/5/1
f 179/5/1 177/5/1 178/5/1
f 182/5/1 181/5/1 180/5/1
f 183/5/1 181/5/1 182/5/1
f 186/4/1 185/4/1 184/4/1
f 187/4/1 185/4/1 186/4/1
f 190/5/1 189/5/1 188/5/1
f 191/5/1 189/5/1 190/5/1
f 194/4/1 193/4/1 192/4/1
f 195/4/1 193/4/1 194/4/1
f 198/5/1 197/5/1 196/5/1
f 199/5/1 197/5/1 198/5/1
f 202/4/1 201/4/1 200/4/1
f 203/4/1 201/4/1 202/4/1
f 206/4/1 205/4/1 204/4/1
f 207/4/1 205/4/1 206/4/1
f 210/4/1 209/4/1 208/4/1
f 211/4/1 209/4/1 210/4/1
f 214/4/1 213/4/1 212/4/1
f 215/4/1 213/4/1 214/4/1
f 218/5/1 217/5/1 216/5/1
f 219/5/1 217/5/1 218/5/1
f 222/5/1 221/5/1 220/5/1
f 223/5/1 221/5/1 222/5/1
f 226/5/1 225/5/1 224/5/1
f 227/5/1 225/5/1 226/5/1
f 232/4/1 229/4/1 228/4/1
f 233/4/1 229/4/1 232/4/1
f 236/5/1 231/5/1 230/5/1
f 237/5/1 231/5/1 236/5/1
f 238/5/1 235/5/1 234/5/1
f 239/5/1 235/5/1 238/5/1
f 248/4/1 241/4/1 240/4/1
f 249/4/1 241/4/1 248/4/1
f 250/4/1 243/4/1 242/4/1
f 251/4/1 243/4/1 250/4/1
f 252/5/1 245/5/1 244/5/1
f 253/5/1 245/5/1 252/5/1
f 254/5/1 247/5/1 246/5/1
f 255/5/1 247/5/1 254/5/1
f 264/4/1 257/4/1 256/4/1
f 265/4/1 257/4/1 264/4/1
f 266/5/1 259/5/1 258/5/1
f 267/5/1 259/5/1 266/5/1
f 268/5/1 261/5/1 260/5/1
f 269/5/1 261/5/1 268/5/1
f 270/5/1 263/5/1 262/5/1
f 271/5/1 263/5/1 270/5/1
f 274/2/1 273/2/1 272/2/1
f 275/2/1 273/2/1 274/2/1
f 281/3/1 276/3/1 275/3/1
f 283/3/1 278/3/1 277/3/1
f 284/3/1 278/3/1 283/3/1
f 285/3/1 280/3/1 279/3/1
f 286/3/1 280/3/1 285/3/1
f 287/3/1 282/3/1 281/3/1
f 287/3/1 281/3/1 275/3/1
f 288/3/1 282/3/1 287/3/1
f 289/3/1 282/3/1 288/3/1
f 294/4/1 289/4/1 288/4/1
f 295/4/1 289/4/1 294/4/1
f 296/5/1 291/5/1 290/5/1
f 297/5/1 291/5/1 296/5/1
f 298/5/1 293/5/1 292/5/1
f 299/5/1 293/5/1 298/5/1
f 302/3/1 301/3/1 300/3/1
f 303/3/1 301/3/1 302/3/1
f 308/5/1 305/5/1 304/5/1
f 309/5/1 305/5/1 308/5/1
f 310/5/1 307/5/1 306/5/1
f 311/5/1 307/5/1 310/5/1
f 314/3/1 313/3/1 312/3/1
f 315/3/1 313/3/1 314/3/1
f 318/5/1 317/5/1 316/5/1
f 319/5/1 317/5/1 318/5/1
f 326/3/1 321/3/1 320/3/1
f 327/3/1 321/3/1 326/3/1
f 328/4/1 323/4/1 322/4/1
f 329/4/1 323/4/1 328/4/1
f 330/4/1 325/4/1 324/4/1
f 331/4/1 325/4/1 330/4/1
f 334/4/1 333/4/1 332/4/1
f 335/4/1 333/4/1 334/4/1
f 338/3/1 337/3/1 336/3/1
f 339/3/1 337/3/1 338/3/1
f 348/4/1 341/4/1 340/4/1
f 349/4/1 341/4/1 348/4/1
f 350/4/1 343/4/1 342/4/1
f 351/4/1 343/4/1 350/4/1
f 352/5/1 345/5/1 344/5/1
f 353/5/1 345/5/1 352/5/1
f 354/5/1 347/5/1 346/5/1
f 355/5/1 347/5/1 354/5/1
f 359/3/1 357/3/1 356/3/1
f 360/3/1 357/3/1 359/3/1
f 367/4/1 359/4/1 358/4/1
f 368/4/1 359/4/1 367/4/1
f 369/4/1 362/4/1 361/4/1
f 370/4/1 362/4/1 369/4/1
f 371/5/1 364/5/1 363/5/1
f 372/5/1 364/5/1 371/5/1
f 373/5/1 366/5/1 365/5/1
f 374/5/1 366/5/1 373/5/1
f 379/5/1 376/5/1 375/5/1
f 380/5/1 376/5/1 379/5/1
f 381/5/1 378/5/1 377/5/1
f 382/5/1 378/5/1 381/5/1
f 387/3/1 384/3/1 383/3/1
f 388/3/1 384/3/1 387/3/1
f 389/3/1 386/3/1 385/3/1
f 390/3/1 386/3/1 389/3/1
f 395/5/1 392/5/1 391/5/1
f 396/5/1 392/5/1 395/5/1
f 397/5/1 394/5/1 393/5/1
f 398/5/1 394/5/1 397/5/1
f 402/4/1 400/4/1 399/4/1
f 402/4/1 401/4/1 400/4/1
f 403/4/1 401/4/1 402/4/1
f 406/5/1 405/5/1 404/5/1
f 407/5/1 405/5/1 406/5/1
f 410/3/1 409/3/1 408/3/1
f 411/3/1 409/3/1 410/3/1
f 420/4/1 413/4/1 412/4/1
f 421/4/1 413/4/1 420/4/1
f 422/4/1 415/4/1 414/4/1
f 423/4/1 415/4/1 422/4/1
f 426/5/1 417/5/1 416/5/1
f 427/5/1 417/5/1 426/5/1
f 428/5/1 419/5/1 418/5/1
f 429/5/1 419/5/1 428/5/1
f 430/5/1 425/5/1 424/5/1
f 431/5/1 425/5/1 430/5/1
f 436/3/1 433/3/1 432/3/1
f 437/3/1 433/3/1 436/3/1
f 438/3/1 435/3/1 434/3/1
f 439/3/1 435/3/1 438/3/1
f 444/5/1 441/5/1 440/5/1
f 445/5/1 441/5/1 444/5/1
f 446/5/1 443/5/1 442/5/1
f 447/5/1 443/5/1 446/5/1
f 450/3/1 449/3/1 448/3/1
f 451/3/1 449/3/1 450/3/1
f 452/3/1 449/3/1 451/3/1
f 455/5/1 454/5/1 453/5/1
f 456/5/1 454/5/1 455/5/1
f 461/4/1 458/4/1 457/4/1
f 462/4/1 458/4/1 461/4/1
f 463/4/1 460/4/1 459/4/1
f 464/4/1 460/4/1 463/4/1
f 469/2/1 466/2/1 465/2/1
f 470/2/1 466/2/1 469/2/1
f 475/4/1 468/4/1 467/4/1
f 476/4/1 468/4/1 475/4/1
f 477/5/1 472/5/1 471/5/1
f 478/5/1 472/5/1 477/5/1
f 479/5/1 474/5/1 473/5/1
f 480/5/1 474/5/1 479/5/1
f 487/4/1 482/4/1 481/4/1
f 488/4/1 482/4/1 487/4/1
f 494/4/1 484/4/1 483/4/1
f 495/4/1 484/4/1 494/4/1
f 496/4/1 486/4/1 485/4/1
f 497/4/1 486/4/1 496/4/1
f 498/5/1 489/5/1 488/5/1
f 499/5/1 489/5/1 498/5/1
f 500/5/1 491/5/1 490/5/1
f 501/5/1 491/5/1 500/5/1
f 502/5/1 493/5/1 492/5/1
f 503/5/1 493/5/1 502/5/1
f 508/5/1 505/5/1 504/5/1
f 509/5/1 505/5/1 508/5/1
f 510/5/1 507/5/1 506/5/1
f 511/5/1 507/5/1 510/5/1
f 514/5/1 513/5/1 512/5/1
f 515/5/1 513/5/1 514/5/1
f 520/4/1 517/4/1 516/4/1
f 521/4/1 517/4/1 520/4/1
f 522/5/1 519/5/1 518/5/1
f 523/5/1 519/5/1 522/5/1
f 530/4/1 525/4/1 524/4/1
f 531/4/1 525/4/1 530/4/1
f 534/4/1 527/4/1 526/4/1
f 535/4/1 527/4/1 534/4/1
f 536/5/1 529/5/1 528/5/1
f 537/5/1 529/5/1 536/5/1
f 538/5/1 533/5/1 532/5/1
f 539/5/1 533/5/1 538/5/1
f 542/5/1 541/5/1 540/5/1
f 543/5/1 541/5/1 542/5/1
f 549/3/1 545/3/1 544/3/1
f 550/3/1 545/3/1 549/3/1
f 551/4/1 547/4/1 546/4/1
f 552/4/1 547/4/1 551/4/1
f 555/4/1 549/4/1 548/4/1
f 555/4/1 550/4/1 549/4/1
f 556/4/1 550/4/1 555/4/1
f 557/5/1 554/5/1 553/5/1
f 558/5/1 554/5/1 557/5/1
f 563/4/1 560/4/1 559/4/1
f 564/4/1 560/4/1 563/4/1
f 569/4/1 562/4/1 561/4/1
f 570/4/1 562/4/1 569/4/1
f 573/5/1 566/5/1 565/5/1
f 574/5/1 566/5/1 573/5/1
f 575/5/1 568/5/1 567/5/1
f 576/5/1 568/5/1 575/5/1
f 577/5/1 572/5/1 571/5/1
f 578/5/1 572/5/1 577/5/1
f 581/2/1 580/2/1 579/2/1
f 582/2/1 580/2/1 581/2/1
f 585/3/1 582/3/1 581/3/1
f 586/3/1 582/3/1 585/3/1
f 591/4/1 584/4/1 583/4/1
f 592/4/1 584/4/1 591/4/1
f 597/4/1 588/4/1 587/4/1
f 598/4/1 588/4/1 597/4/1
f 599/4/1 590/4/1 589/4/1
f 600/4/1 590/4/1 599/4/1
f 601/5/1 594/5/1 593/5/1
f 602/5/1 594/5/1 601/5/1
f 603/5/1 596/5/1 595/5/1
f 604/5/1 596/5/1 603/5/1
f 607/2/1 606/2/1 605/2/1
f 608/2/1 606/2/1 607/2/1
f 611/3/1 610/3/1 609/3/1
f 612/3/1 610/3/1 611/3/1
f 619/4/1 614/4/1 613/4/1
f 620/4/1 614/4/1 619/4/1
f 623/5/1 616/5/1 615/5/1
f 624/5/1 616/5/1 623/5/1
f 625/5/1 618/5/1 617/5/1
f 626/5/1 618/5/1 625/5/1
f 627/5/1 622/5/1 621/5/1
f 628/5/1 622/5/1 627/5/1
f 633/4/1 630/4/1 629/4/1
f 634/4/1 630/4/1 633/4/1
f 637/4/1 632/4/1 631/4/1
f 638/4/1 632/4/1 637/4/1
f 641/5/1 636/5/1 635/5/1
f 642/5/1 636/5/1 641/5/1
f 643/5/1 640/5/1 639/5/1
f 644/5/1 640/5/1 643/5/1
f 651/4/1 646/4/1 645/4/1
f 652/4/1 646/4/1 651/4/1
f 653/4/1 648/4/1 647/4/1
f 654/4/1 648/4/1 653/4/1
f 655/4/1 650/4/1 649/4/1
f 656/4/1 650/4/1 655/4/1
f 659/5/1 658/5/1 657/5/1
f 660/5/1 658/5/1 659/5/1
f 665/3/1 662/3/1 661/3/1
f 666/3/1 662/3/1 665/3/1
f 667/3/1 664/3/1 663/3/1
f 668/3/1 664/3/1 667/3/1
f 673/5/1 670/5/1 669/5/1
f 674/5/1 670/5/1 673/5/1
f 675/5/1 672/5/1 671/5/1
f 676/5/1 672/5/1 675/5/1
f 680/3/1 678/3/1 677/3/1
f 681/3/1 678/3/1 680/3/1
f 686/4/1 680/4/1 679/4/1
f 687/4/1 680/4/1 686/4/1
f 688/4/1 683/4/1 682/4/1
f 689/4/1 683/4/1 688/4/1
f 690/4/1 685/4/1 684/4/1
f 691/4/1 685/4/1 690/4/1
f 694/5/1 693/5/1 692/5/1
f 695/5/1 693/5/1 694/5/1
f 698/4/1 697/4/1 696/4/1
f 699/4/1 697/4/1 698/4/1
f 706/5/1 701/5/1 700/5/1
f 707/5/1 701/5/1 706/5/1
f 708/5/1 703/5/1 702/5/1
f 709/5/1 703/5/1 708/5/1
f 710/5/1 705/5/1 704/5/1
f 711/5/1 705/5/1 710/5/1
f 714/4/1 713/4/1 712/4/1
f 715/4/1 713/4/1 714/4/1
f 724/5/1 717/5/1 716/5/1
f 725/5/1 717/5/1 724/5/1
f 726/5/1 719/5/1 718/5/1
f 727/5/1 719/5/1 726/5/1
f 728/5/1 721/5/1 720/5/1
f 729/5/1 721/5/1 728/5/1
f 730/5/1 723/5/1 722/5/1
f 731/5/1 723/5/1 730/5/1
f 734/4/1 733/4/1 732/4/1
f 735/4/1 733/4/1 734/4/1
f 738/5/1 737/5/1 736/5/1
f 739/5/1 737/5/1 738/5/1
f 746/4/1 741/4/1 740/4/1
f 747/4/1 741/4/1 746/4/1
f 749/4/1 743/4/1 742/4/1
f 750/4/1 743/4/1 749/4/1
f 751/5/1 745/5/1 744/5/1
f 752/5/1 745/5/1 751/5/1
f 753/5/1 748/5/1 747/5/1
f 754/5/1 748/5/1 753/5/1
f 762/4/1 756/4/1 755/4/1
f 763/4/1 756/4/1 762/4/1
f 764/4/1 758/4/1 757/4/1
f 765/4/1 758/4/1 764/4/1
f 766/4/1 760/4/1 759/4/1
f 767/4/1 760/4/1 766/4/1
f 770/5/1 762/5/1 761/5/1
f 771/5/1 762/5/1 770/5/1
f 772/5/1 769/5/1 768/5/1
f 773/5/1 769/5/1 772/5/1
f 777/3/1 775/3/1 774/3/1
f 778/3/1 775/3/1 777/3/1
f 787/4/1 777/4/1 776/4/1
f 788/4/1 777/4/1 787/4/1
f 791/4/1 780/4/1 779/4/1
f 792/4/1 780/4/1 791/4/1
f 793/4/1 782/4/1 781/4/1
f 794/4/1 782/4/1 793/4/1
f 795/4/1 784/4/1 783/4/1
f 796/4/1 784/4/1 795/4/1
f 797/4/1 786/4/1 785/4/1
f 798/4/1 786/4/1 797/4/1
f 799/5/1 790/5/1 789/5/1
f 800/5/1 790/5/1 799/5/1
f 813/4/1 802/4/1 801/4/1
f 814/4/1 802/4/1 813/4/1
f 817/4/1 804/4/1 803/4/1
f 818/4/1 804/4/1 817/4/1
f 819/4/1 806/4/1 805/4/1
f 820/4/1 806/4/1 819/4/1
f 821/4/1 808/4/1 807/4/1
f 822/4/1 808/4/1 821/4/1
f 825/4/1 810/4/1 809/4/1
f 826/4/1 810/4/1 825/4/1
f 827/4/1 812/4/1 811/4/1
f 828/4/1 812/4/1 827/4/1
f 829/5/1 814/5/1 813/5/1
f 830/5/1 814/5/1 829/5/1
f 831/5/1 816/5/1 815/5/1
f 832/5/1 816/5/1 831/5/1
f 833/5/1 824/5/1 823/5/1
f 834/5/1 824/5/1 833/5/1
f 837/3/1 836/3/1 835/3/1
f 838/3/1 836/3/1 837/3/1
f 845/4/1 840/4/1 839/4/1
f 846/4/1 840/4/1 845/4/1
f 847/4/1 842/4/1 841/4/1
f 848/4/1 842/4/1 847/4/1
f 849/4/1 844/4/1 843/4/1
f 850/4/1 844/4/1 849/4/1
f 859/4/1 852/4/1 851/4/1
f 860/4/1 852/4/1 859/4/1
f 861/4/1 854/4/1 853/4/1
f 862/4/1 854/4/1 861/4/1
f 863/4/1 856/4/1 855/4/1
f 864/4/1 856/4/1 863/4/1
f 865/4/1 858/4/1 857/4/1
f 866/4/1 858/4/1 865/4/1
f 869/4/1 868/4/1 867/4/1
f 870/4/1 868/4/1 869/4/1
f 871/4/1 868/4/1 870/4/1
f 872/5/1 870/5/1 869/5/1
f 873/5/1 870/5/1 872/5/1
f 878/4/1 875/4/1 874/4/1
f 879/4/1 875/4/1 878/4/1
f 882/5/1 877/5/1 876/5/1
f 883/5/1 877/5/1 882/5/1
f 884/5/1 881/5/1 880/5/1
f 885/5/1 881/5/1 884/5/1
f 894/4/1 887/4/1 886/4/1
f 895/4/1 887/4/1 894/4/1
f 896/4/1 889/4/1 888/4/1
f 897/4/1 889/4/1 896/4/1
f 898/4/1 891/4/1 890/4/1
f 899/4/1 891/4/1 898/4/1
f 900/5/1 893/5/1 892/5/1
f 901/5/1 893/5/1 900/5/1
f 906/4/1 903/4/1 902/4/1
f 907/4/1 903/4/1 906/4/1
f 910/5/1 905/5/1 904/5/1
f 911/5/1 905/5/1 910/5/1
f 912/5/1 909/5/1 908/5/1
f 913/5/1 909/5/1 912/5/1
f 922/3/1 915/3/1 914/3/1
f 923/3/1 915/3/1 922/3/1
f 926/4/1 917/4/1 916/4/1
f 927/4/1 917/4/1 926/4/1
f 928/4/1 919/4/1 918/4/1
f 929/4/1 919/4/1 928/4/1
f 930/4/1 921/4/1 920/4/1
f 931/4/1 921/4/1 930/4/1
f 934/5/1 925/5/1 924/5/1
f 935/5/1 925/5/1 934/5/1
f 936/5/1 933/5/1 932/5/1
f 937/5/1 933/5/1 936/5/1
f 944/4/1 939/4/1 938/4/1
f 945/4/1 939/4/1 944/4/1
f 948/4/1 941/4/1 940/4/1
f 949/4/1 941/4/1 948/4/1
f 950/4/1 943/4/1 942/4/1
f 951/4/1 943/4/1 950/4/1
f 952/5/1 947/5/1 946/5/1
f 953/5/1 947/5/1 952/5/1
f 960/4/1 955/4/1 954/4/1
f 961/4/1 955/4/1 960/4/1
f 962/4/1 957/4/1 956/4/1
f 963/4/1 957/4/1 962/4/1
f 966/4/1 959/4/1 958/4/1
f 967/4/1 959/4/1 966/4/1
f 968/5/1 965/5/1 964/5/1
f 969/5/1 965/5/1 968/5/1
f 972/5/1 971/5/1 970/5/1
f 973/5/1 971/5/1 972/5/1
f 978/4/1 975/4/1 974/4/1
f 979/4/1 975/4/1 978/4/1
f 980/4/1 977/4/1 976/4/1
f 981/4/1 977/4/1 980/4/1
f 984/5/1 983/5/1 982/5/1
f 985/5/1 983/5/1 984/5/1
f 990/4/1 987/4/1 986/4/1
f 991/4/1 987/4/1 990/4/1
f 992/4/1 989/4/1 988/4/1
f 993/4/1 989/4/1 992/4/1
f 1000/4/1 995/4/1 994/4/1
f 1001/4/1 995/4/1 1000/4/1
f 1002/4/1 997/4/1 996/4/1
f 1003/4/1 997/4/1 1002/4/1
f 1004/4/1 999/4/1 998/4/1
f 1005/4/1 999/4/1 1004/4/1
f 1014/4/1 1007/4/1 1006/4/1
f 1015/4/1 1007/4/1 1014/4/1
f 1016/4/1 1009/4/1 1008/4/1
f 1017/4/1 1009/4/1 1016/4/1
f 1018/4/1 1011/4/1 1010/4/1
f 1019/4/1 1011/4/1 1018/4/1
f 1020/4/1 1013/4/1 1012/4/1
f 1021/4/1 1013/4/1 1020/4/1
f 1026/4/1 1023/4/1 1022/4/1
f 1027/4/1 1023/4/1 1026/4/1
f 1028/5/1 1025/5/1 1024/5/1
f 1029/5/1 1025/5/1 1028/5/1
f 1030/5/1 1029/5/1 1028/5/1
f 1031/5/1 1029/5/1 1030/5/1
f 1040/4/1 1033/4/1 1032/4/1
f 1041/4/1 1033/4/1 1040/4/1
f 1042/4/1 1035/4/1 1034/4/1
f 1043/4/1 1035/4/1 1042/4/1
f 1044/4/1 1037/4/1 1036/4/1
f 1045/4/1 1037/4/1 1044/4/1
f 1046/5/1 1039/5/1 1038/5/1
f 1047/5/1 1039/5/1 1046/5/1
f 1056/4/1 1049/4/1 1048/4/1
f 1057/4/1 1049/4/1 1056/4/1
f 1059/4/1 1051/4/1 1050/4/1
f 1060/4/1 1051/4/1 1059/4/1
f 1063/5/1 1053/5/1 1052/5/1
f 1064/5/1 1053/5/1 1063/5/1
f 1065/5/1 1055/5/1 1054/5/1
f 1066/5/1 1055/5/1 1065/5/1
f 1067/5/1 1060/5/1 1059/5/1
f 1067/5/1 1059/5/1 1058/5/1
f 1068/5/1 1060/5/1 1067/5/1
f 1069/5/1 1062/5/1 1061/5/1
f 1070/5/1 1062/5/1 1069/5/1
f 1079/5/1 1072/5/1 1071/5/1
f 1080/5/1 1072/5/1 1079/5/1
f 1081/5/1 1074/5/1 1073/5/1
f 1082/5/1 1074/5/1 1081/5/1
f 1083/5/1 1076/5/1 1075/5/1
f 1084/5/1 1076/5/1 1083/5/1
f 1085/5/1 1078/5/1 1077/5/1
f 1086/5/1 1078/5/1 1085/5/1
f 1091/4/1 1088/4/1 1087/4/1
f 1092/4/1 1088/4/1 1091/4/1
f 1095/5/1 1090/5/1 1089/5/1
f 1096/5/1 1090/5/1 1095/5/1
f 1097/5/1 1094/5/1 1093/5/1
f 1098/5/1 1094/5/1 1097/5/1
f 1101/4/1 1100/4/1 1099/4/1
f 1102/4/1 1100/4/1 1101/4/1
f 1109/4/1 1104/4/1 1103/4/1
f 1110/4/1 1104/4/1 1109/4/1
f 1111/4/1 1106/4/1 1105/4/1
f 1112/4/1 1106/4/1 1111/4/1
f 1113/4/1 1108/4/1 1107/4/1
f 1114/4/1 1108/4/1 1113/4/1
f 1119/4/1 1116/4/1 1115/4/1
f 1120/4/1 1116/4/1 1119/4/1
f 1121/4/1 1118/4/1 1117/4/1
f 1122/4/1 1118/4/1 1121/4/1
f 1125/4/1 1124/4/1 1123/4/1
f 1126/4/1 1124/4/1 1125/4/1
f 1129/4/1 1128/4/1 1127/4/1
f 1130/4/1 1128/4/1 1129/4/1
f 1135/4/1 1132/4/1 1131/4/1
f 1136/4/1 1132/4/1 1135/4/1
f 1137/4/1 1134/4/1 1133/4/1
f 1138/4/1 1134/4/1 1137/4/1
f 1143/4/1 1140/4/1 1139/4/1
f 1144/4/1 1140/4/1 1143/4/1
f 1145/4/1 1142/4/1 1141/4/1
f 1146/4/1 1142/4/1 1145/4/1
f 1151/4/1 1148/4/1 1147/4/1
f 1152/4/1 1148/4/1 1151/4/1
f 1155/4/1 1150/4/1 1149/4/1
f 1156/4/1 1150/4/1 1155/4/1
f 1157/5/1 1154/5/1 1153/5/1
f 1158/5/1 1154/5/1 1157/5/1
f 1161/4/1 1160/4/1 1159/4/1
f 1162/4/1 1160/4/1 1161/4/1
f 1163/5/2 1164/5/2 1165/5/2
f 1165/5/2 1164/5/2 1166/5/2
f 1167/4/2 1168/4/2 1173/4/2
f 1173/4/2 1168/4/2 1174/4/2
f 1169/5/2 1170/5/2 1175/5/2
f 1175/5/2 1170/5/2 1176/5/2
f 1171/5/2 1172/5/2 1177/5/2
f 1177/5/2 1172/5/2 1178/5/2
f 1179/4/2 1180/4/2 1183/4/2
f 1183/4/2 1180/4/2 1184/4/2
f 1181/4/2 1182/4/2 1185/4/2
f 1185/4/2 1182/4/2 1186/4/2
f 1187/4/2 1188/4/2 1189/4/2
f 1189/4/2 1188/4/2 1190/4/2
f 1191/5/2 1192/5/2 1193/5/2
f 1193/5/2 1192/5/2 1194/5/2
f 1195/4/2 1196/4/2 1197/4/2
f 1197/4/2 1196/4/2 1198/4/2
f 1199/4/2 1200/4/2 1201/4/2
f 1201/4/2 1200/4/2 1202/4/2
f 1203/4/2 1204/4/2 1207/4/2
f 1207/4/2 1204/4/2 1208/4/2
f 1205/5/2 1206/5/2 1209/5/2
f 1209/5/2 1206/5/2 1210/5/2
f 1211/4/2 1212/4/2 1217/4/2
f 1217/4/2 1212/4/2 1218/4/2
f 1213/5/2 1214/5/2 1219/5/2
f 1219/5/2 1214/5/2 1220/5/2
f 1215/5/2 1216/5/2 1221/5/2
f 1221/5/2 1216/5/2 1222/5/2
f 1223/5/2 1224/5/2 1225/5/2
f 1225/5/2 1224/5/2 1226/5/2
f 1227/4/2 1228/4/2 1229/4/2
f 1229/4/2 1228/4/2 1230/4/2
f 1231/5/2 1232/5/2 1233/5/2
f 1233/5/2 1232/5/2 1234/5/2
f 1235/4/2 1236/4/2 1239/4/2
f 1239/4/2 1236/4/2 1240/4/2
f 1237/4/2 1238/4/2 1241/4/2
f 1241/4/2 1238/4/2 1242/4/2
f 1243/5/2 1244/5/2 1245/5/2
f 1245/5/2 1244/5/2 1246/5/2
f 1247/4/2 1248/4/2 1251/4/2
f 1251/4/2 1248/4/2 1252/4/2
f 1249/4/2 1250/4/2 1253/4/2
f 1253/4/2 1250/4/2 1254/4/2
f 1255/5/2 1256/5/2 1259/5/2
f 1259/5/2 1256/5/2 1260/5/2
f 1257/5/2 1258/5/2 1261/5/2
f 1261/5/2 1258/5/2 1262/5/2
f 1263/4/2 1264/4/2 1265/4/2
f 1265/4/2 1264/4/2 1266/4/2
f 1267/5/2 1268/5/2 1269/5/2
f 1269/5/2 1268/5/2 1270/5/2
f 1271/4/2 1272/4/2 1275/4/2
f 1275/4/2 1272/4/2 1276/4/2
f 1273/4/2 1274/4/2 1277/4/2
f 1277/4/2 1274/4/2 1278/4/2
f 1279/4/2 1280/4/2 1283/4/2
f 1283/4/2 1280/4/2 1284/4/2
f 1281/4/2 1282/4/2 1285/4/2
f 1285/4/2 1282/4/2 1286/4/2
f 1287/5/2 1288/5/2 1289/5/2
f 1289/5/2 1288/5/2 1290/5/2
f 1291/4/2 1292/4/2 1293/4/2
f 1293/4/2 1292/4/2 1294/4/2
f 1295/4/2 1296/4/2 1297/4/2
f 1297/4/2 1296/4/2 1298/4/2
f 1299/4/2 1300/4/2 1303/4/2
f 1303/4/2 1300/4/2 1304/4/2
f 1301/4/2 1302/4/2 1305/4/2
f 1305/4/2 1302/4/2 1306/4/2
f 1306/5/2 1307/5/2 1308/5/2
f 1308/5/2 1307/5/2 1309/5/2
f 1310/4/2 1311/4/2 1314/4/2
f 1314/4/2 1311/4/2 1315/4/2
f 1312/4/2 1313/4/2 1316/4/2
f 1316/4/2 1313/4/2 1317/4/2
f 1318/3/2 1319/3/2 1321/3/2
f 1320/3/2 1321/3/2 1326/3/2
f 1321/3/2 1319/3/2 1327/3/2
f 1326/3/2 1321/3/2 1327/3/2
f 1327/3/2 1319/3/2 1328/3/2
f 1322/4/2 1323/4/2 1329/4/2
f 1329/4/2 1323/4/2 1330/4/2
f 1324/4/2 1325/4/2 1331/4/2
f 1331/4/2 1325/4/2 1332/4/2
f 1333/2/2 1334/2/2 1335/2/2
f 1335/2/2 1334/2/2 1336/2/2
f 1337/3/2 1338/3/2 1343/3/2
f 1343/3/2 1338/3/2 1344/3/2
f 1339/3/2 1340/3/2 1346/3/2
f 1346/3/2 1340/3/2 1347/3/2
f 1341/4/2 1342/4/2 1350/4/2
f 1350/4/2 1342/4/2 1351/4/2
f 1345/4/2 1346/4/2 1352/4/2
f 1352/4/2 1346/4/2 1353/4/2
f 1348/5/2 1349/5/2 1354/5/2
f 1354/5/2 1349/5/2 1355/5/2
f 1356/3/2 1357/3/2 1360/3/2
f 1360/3/2 1357/3/2 1361/3/2
f 1358/3/2 1359/3/2 1363/3/2
f 1363/3/2 1359/3/2 1364/3/2
f 1361/3/2 1362/3/2 1366/3/2
f 1366/3/2 1362/3/2 1367/3/2
f 1365/4/2 1366/4/2 1370/4/2
f 1366/4/2 1367/4/2 1370/4/2
f 1370/4/2 1367/4/2 1371/4/2
f 1368/5/2 1369/5/2 1372/5/2
f 1372/5/2 1369/5/2 1373/5/2
f 1374/5/2 1375/5/2 1378/5/2
f 1378/5/2 1375/5/2 1379/5/2
f 1376/5/2 1377/5/2 1380/5/2
f 1380/5/2 1377/5/2 1381/5/2
f 1382/4/2 1383/4/2 1390/4/2
f 1390/4/2 1383/4/2 1391/4/2
f 1384/4/2 1385/4/2 1392/4/2
f 1392/4/2 1385/4/2 1393/4/2
f 1386/5/2 1387/5/2 1394/5/2
f 1394/5/2 1387/5/2 1395/5/2
f 1388/5/2 1389/5/2 1396/5/2
f 1396/5/2 1389/5/2 1397/5/2
f 1398/4/2 1399/4/2 1404/4/2
f 1404/4/2 1399/4/2 1405/4/2
f 1400/4/2 1401/4/2 1406/4/2
f 1406/4/2 1401/4/2 1407/4/2
f 1402/5/2 1403/5/2 1408/5/2
f 1408/5/2 1403/5/2 1409/5/2
f 1410/4/2 1411/4/2 1414/4/2
f 1414/4/2 1411/4/2 1415/4/2
f 1412/5/2 1413/5/2 1416/5/2
f 1416/5/2 1413/5/2 1417/5/2
f 1418/4/2 1419/4/2 1424/4/2
f 1424/4/2 1419/4/2 1425/4/2
f 1420/5/2 1421/5/2 1426/5/2
f 1426/5/2 1421/5/2 1427/5/2
f 1422/5/2 1423/5/2 1428/5/2
f 1428/5/2 1423/5/2 1429/5/2
f 1430/5/2 1431/5/2 1434/5/2
f 1434/5/2 1431/5/2 1435/5/2
f 1432/5/2 1433/5/2 1436/5/2
f 1436/5/2 1433/5/2 1437/5/2
f 1438/4/2 1439/4/2 1442/4/2
f 1442/4/2 1439/4/2 1443/4/2
f 1440/4/2 1441/4/2 1446/4/2
f 1446/4/2 1441/4/2 1447/4/2
f 1444/5/2 1445/5/2 1448/5/2
f 1448/5/2 1445/5/2 1449/5/2
f 1450/4/2 1451/4/2 1456/4/2
f 1456/4/2 1451/4/2 1457/4/2
f 1452/4/2 1453/4/2 1458/4/2
f 1458/4/2 1453/4/2 1459/4/2
f 1454/4/2 1455/4/2 1460/4/2
f 1460/4/2 1455/4/2 1461/4/2
f 1462/3/2 1463/3/2 1470/3/2
f 1470/3/2 1463/3/2 1471/3/2
f 1464/3/2 1465/3/2 1473/3/2
f 1473/3/2 1465/3/2 1474/3/2
f 1466/3/2 1467/3/2 1475/3/2
f 1475/3/2 1467/3/2 1476/3/2
f 1468/3/2 1469/3/2 1477/3/2
f 1477/3/2 1469/3/2 1478/3/2
f 1471/4/2 1472/4/2 1480/4/2
f 1480/4/2 1472/4/2 1481/4/2
f 1475/4/2 1476/4/2 1482/4/2
f 1477/4/2 1478/4/2 1482/4/2
f 1476/4/2 1477/4/2 1482/4/2
f 1474/4/2 1475/4/2 1482/4/2
f 1478/2/2 1479/2/2 1483/2/2
f 1482/4/2 1478/4/2 1483/4/2
f 1483/2/2 1479/2/2 1484/2/2
f 1483/5/2 1484/5/2 1485/5/2
f 1485/5/2 1484/5/2 1486/5/2
f 1487/3/2 1488/3/2 1493/3/2
f 1493/3/2 1488/3/2 1494/3/2
f 1489/3/2 1490/3/2 1497/3/2
f 1497/3/2 1490/3/2 1498/3/2
f 1491/3/2 1492/3/2 1499/3/2
f 1499/3/2 1492/3/2 1500/3/2
f 1495/4/2 1496/4/2 1501/4/2
f 1501/4/2 1496/4/2 1502/4/2
f 1503/3/2 1504/3/2 1505/3/2
f 1505/3/2 1504/3/2 1506/3/2
f 1507/4/2 1508/4/2 1511/4/2
f 1511/4/2 1508/4/2 1512/4/2
f 1509/5/2 1510/5/2 1513/5/2
f 1513/5/2 1510/5/2 1514/5/2
f 1515/3/2 1516/3/2 1519/3/2
f 1519/3/2 1516/3/2 1520/3/2
f 1517/4/2 1518/4/2 1521/4/2
f 1521/4/2 1518/4/2 1522/4/2
f 1523/5/2 1524/5/2 1525/5/2
f 1525/5/2 1524/5/2 1526/5/2
f 1527/5/2 1528/5/2 1529/5/2
f 1529/5/2 1528/5/2 1530/5/2
f 1531/5/2 1532/5/2 1535/5/2
f 1535/5/2 1532/5/2 1536/5/2
f 1533/5/2 1534/5/2 1537/5/2
f 1537/5/2 1534/5/2 1538/5/2
f 1539/2/2 1540/2/2 1545/2/2
f 1545/2/2 1540/2/2 1546/2/2
f 1541/5/2 1542/5/2 1547/5/2
f 1547/5/2 1542/5/2 1548/5/2
f 1543/5/2 1544/5/2 1549/5/2
f 1549/5/2 1544/5/2 1550/5/2
f 1545/5/2 1546/5/2 1551/5/2
f 1551/5/2 1546/5/2 1552/5/2
f 1553/2/2 1554/2/2 1557/2/2
f 1557/2/2 1554/2/2 1558/2/2
f 1555/4/2 1556/4/2 1559/4/2
f 1559/4/2 1556/4/2 1560/4/2
f 1561/5/2 1562/5/2 1563/5/2
f 1563/5/2 1562/5/2 1564/5/2
f 1565/4/2 1566/4/2 1567/4/2
f 1567/4/2 1566/4/2 1568/4/2
f 1569/5/2 1570/5/2 1573/5/2
f 1573/5/2 1570/5/2 1574/5/2
f 1571/5/2 1572/5/2 1575/5/2
f 1575/5/2 1572/5/2 1576/5/2
f 1577/4/2 1578/4/2 1583/4/2
f 1583/4/2 1578/4/2 1584/4/2
f 1579/4/2 1580/4/2 1585/4/2
f 1585/4/2 1580/4/2 1586/4/2
f 1581/4/2 1582/4/2 1589/4/2
f 1589/4/2 1582/4/2 1590/4/2
f 1587/5/2 1588/5/2 1591/5/2
f 1591/5/2 1588/5/2 1592/5/2
f 1593/4/2 1594/4/2 1601/4/2
f 1601/4/2 1594/4/2 1602/4/2
f 1595/4/2 1596/4/2 1605/4/2
f 1605/4/2 1596/4/2 1606/4/2
f 1597/4/2 1598/4/2 1609/4/2
f 1609/4/2 1598/4/2 1610/4/2
f 1599/4/2 1600/4/2 1611/4/2
f 1611/4/2 1600/4/2 1612/4/2
f 1603/5/2 1604/5/2 1613/5/2
f 1613/5/2 1604/5/2 1614/5/2
f 1607/5/2 1608/5/2 1615/5/2
f 1615/5/2 1608/5/2 1616/5/2
f 1616/5/2 1617/5/2 1618/5/2
f 1618/5/2 1617/5/2 1619/5/2
f 1620/4/2 1621/4/2 1626/4/2
f 1626/4/2 1621/4/2 1627/4/2
f 1622/4/2 1623/4/2 1628/4/2
f 1628/4/2 1623/4/2 1629/4/2
f 1624/4/2 1625/4/2 1632/4/2
f 1632/4/2 1625/4/2 1633/4/2
f 1630/5/2 1631/5/2 1634/5/2
f 1634/5/2 1631/5/2 1635/5/2
f 1636/3/2 1637/3/2 1640/3/2
f 1640/3/2 1637/3/2 1641/3/2
f 1638/4/2 1639/4/2 1642/4/2
f 1642/4/2 1639/4/2 1643/4/2
f 1644/4/2 1645/4/2 1648/4/2
f 1648/4/2 1645/4/2 1649/4/2
f 1646/5/2 1647/5/2 1652/5/2
f 1652/5/2 1647/5/2 1653/5/2
f 1650/5/2 1651/5/2 1654/5/2
f 1654/5/2 1651/5/2 1655/5/2
f 1656/4/2 1657/4/2 1660/4/2
f 1660/4/2 1657/4/2 1661/4/2
f 1658/5/2 1659/5/2 1662/5/2
f 1662/5/2 1659/5/2 1663/5/2
f 1664/3/2 1665/3/2 1666/3/2
f 1666/3/2 1665/3/2 1667/3/2
f 1668/4/2 1669/4/2 1678/4/2
f 1678/4/2 1669/4/2 1679/4/2
f 1679/4/2 1669/4/2 1680/4/2
f 1670/4/2 1671/4/2 1682/4/2
f 1682/4/2 1671/4/2 1683/4/2
f 1672/4/2 1673/4/2 1684/4/2
f 1684/4/2 1673/4/2 1685/4/2
f 1674/4/2 1675/4/2 1686/4/2
f 1686/4/2 1675/4/2 1687/4/2
f 1676/5/2 1677/5/2 1688/5/2
f 1688/5/2 1677/5/2 1689/5/2
f 1680/5/2 1681/5/2 1690/5/2
f 1679/5/2 1680/5/2 1690/5/2
f 1690/5/2 1681/5/2 1691/5/2
f 1691/5/2 1681/5/2 1692/5/2
f 1692/5/2 1681/5/2 1693/5/2
f 1691/5/2 1692/5/2 1694/5/2
f 1694/5/2 1692/5/2 1695/5/2
f 1696/3/2 1697/3/2 1702/3/2
f 1702/3/2 1697/3/2 1703/3/2
f 1698/3/2 1699/3/2 1704/3/2
f 1704/3/2 1699/3/2 1705/3/2
f 1700/3/2 1701/3/2 1706/3/2
f 1706/3/2 1701/3/2 1707/3/2
f 1702/3/2 1703/3/2 1710/3/2
f 1710/3/2 1703/3/2 1711/3/2
f 1708/4/2 1709/4/2 1712/4/2
f 1712/4/2 1709/4/2 1713/4/2
f 1714/5/2 1715/5/2 1716/5/2
f 1716/5/2 1715/5/2 1717/5/2
f 1718/2/2 1719/2/2 1720/2/2
f 1720/2/2 1719/2/2 1721/2/2
f 1722/4/2 1723/4/2 1726/4/2
f 1726/4/2 1723/4/2 1727/4/2
f 1724/4/2 1725/4/2 1729/4/2
f 1729/4/2 1725/4/2 1730/4/2
f 1727/5/2 1728/5/2 1731/5/2
f 1731/5/2 1728/5/2 1732/5/2
f 1733/4/2 1734/4/2 1739/4/2
f 1739/4/2 1734/4/2 1740/4/2
f 1740/4/2 1734/4/2 1741/4/2
f 1735/4/2 1736/4/2 1743/4/2
f 1743/4/2 1736/4/2 1744/4/2
f 1737/4/2 1738/4/2 1745/4/2
f 1745/4/2 1738/4/2 1746/4/2
f 1741/5/2 1742/5/2 1747/5/2
f 1740/5/2 1741/5/2 1747/5/2
f 1747/5/2 1742/5/2 1748/5/2
f 1749/4/2 1750/4/2 1751/4/2
f 1751/4/2 1750/4/2 1752/4/2
f 1752/4/2 1750/4/2 1753/4/2
f 1752/5/2 1753/5/2 1757/5/2
f 1753/5/2 1754/5/2 1757/5/2
f 1757/5/2 1754/5/2 1758/5/2
f 1755/5/2 1756/5/2 1759/5/2
f 1759/5/2 1756/5/2 1760/5/2
f 1761/5/2 1762/5/2 1764/5/2
f 1762/4/2 1763/4/2 1765/4/2
f 1764/5/2 1762/5/2 1765/5/2
f 1765/4/2 1763/4/2 1766/4/2
f 1766/5/2 1767/5/2 1768/5/2
f 1765/5/2 1766/5/2 1768/5/2
f 1768/5/2 1767/5/2 1769/5/2
f 1770/4/2 1771/4/2 1772/4/2
f 1772/4/2 1771/4/2 1773/4/2
f 1774/5/2 1775/5/2 1776/5/2
f 1776/5/2 1775/5/2 1777/5/2
f 1778/5/2 1779/5/2 1780/5/2
f 1780/5/2 1779/5/2 1781/5/2
f 1782/4/2 1783/4/2 1784/4/2
f 1784/4/2 1783/4/2 1785/4/2
f 1786/4/2 1787/4/2 1788/4/2
f 1788/4/2 1787/4/2 1789/4/2
f 1790/5/2 1791/5/2 1792/5/2
f 1792/5/2 1791/5/2 1793/5/2
f 1794/4/2 1795/4/2 1800/4/2
f 1800/4/2 1795/4/2 1801/4/2
f 1796/4/2 1797/4/2 1802/4/2
f 1802/4/2 1797/4/2 1803/4/2
f 1798/4/2 1799/4/2 1806/4/2
f 1806/4/2 1799/4/2 1807/4/2
f 1804/5/2 1805/5/2 1809/5/2
f 1809/5/2 1805/5/2 1810/5/2
f 1807/5/2 1808/5/2 1811/5/2
f 1811/5/2 1808/5/2 1812/5/2
f 1813/3/2 1814/3/2 1815/3/2
f 1815/3/2 1814/3/2 1816/3/2
f 1817/4/2 1818/4/2 1823/4/2
f 1823/4/2 1818/4/2 1824/4/2
f 1819/4/2 1820/4/2 1828/4/2
f 1828/4/2 1820/4/2 1829/4/2
f 1821/4/2 1822/4/2 1830/4/2
f 1830/4/2 1822/4/2 1831/4/2
f 1825/5/2 1826/5/2 1832/5/2
f 1832/5/2 1826/5/2 1833/5/2
f 1828/5/2 1829/5/2 1834/5/2
f 1827/5/2 1828/5/2 1834/5/2
f 1834/5/2 1829/5/2 1835/5/2
f 1836/4/2 1837/4/2 1840/4/2
f 1840/4/2 1837/4/2 1841/4/2
f 1838/4/2 1839/4/2 1842/4/2
f 1842/4/2 1839/4/2 1843/4/2
f 1844/5/2 1845/5/2 1848/5/2
f 1848/5/2 1845/5/2 1849/5/2
f 1846/5/2 1847/5/2 1850/5/2
f 1850/5/2 1847/5/2 1851/5/2
f 1852/4/2 1853/4/2 1858/4/2
f 1858/4/2 1853/4/2 1859/4/2
f 1854/4/2 1855/4/2 1860/4/2
f 1860/4/2 1855/4/2 1861/4/2
f 1856/4/2 1857/4/2 1862/4/2
f 1862/4/2 1857/4/2 1863/4/2
f 1864/5/2 1865/5/2 1866/5/2
f 1866/5/2 1865/5/2 1867/5/2
f 1868/3/2 1869/3/2 1870/3/2
f 1870/3/2 1869/3/2 1871/3/2
f 1872/5/2 1873/5/2 1874/5/2
f 1874/5/2 1873/5/2 1875/5/2
f 1876/4/2 1877/4/2 1880/4/2
f 1880/4/2 1877/4/2 1881/4/2
f 1878/5/2 1879/5/2 1884/5/2
f 1884/5/2 1879/5/2 1885/5/2
f 1882/5/2 1883/5/2 1886/5/2
f 1886/5/2 1883/5/2 1887/5/2
f 1888/4/2 1889/4/2 1895/4/2
f 1889/3/2 1890/3/2 1896/3/2
f 1895/4/2 1889/4/2 1896/4/2
f 1896/3/2 1890/3/2 1897/3/2
f 1891/4/2 1892/4/2 1899/4/2
f 1899/4/2 1892/4/2 1900/4/2
f 1893/5/2 1894/5/2 1901/5/2
f 1901/5/2 1894/5/2 1902/5/2
f 1897/5/2 1898/5/2 1903/5/2
f 1896/5/2 1897/5/2 1903/5/2
f 1903/5/2 1898/5/2 1904/5/2
f 1905/4/2 1906/4/2 1911/4/2
f 1911/4/2 1906/4/2 1912/4/2
f 1907/4/2 1908/4/2 1913/4/2
f 1913/4/2 1908/4/2 1914/4/2
f 1909/5/2 1910/5/2 1915/5/2
f 1915/5/2 1910/5/2 1916/5/2
f 1917/4/2 1918/4/2 1923/4/2
f 1923/4/2 1918/4/2 1924/4/2
f 1919/4/2 1920/4/2 1925/4/2
f 1925/4/2 1920/4/2 1926/4/2
f 1921/5/2 1922/5/2 1927/5/2
f 1927/5/2 1922/5/2 1928/5/2
f 1929/3/2 1930/3/2 1940/3/2
f 1940/3/2 1930/3/2 1941/3/2
f 1931/4/2 1932/4/2 1945/4/2
f 1945/4/2 1932/4/2 1946/4/2
f 1933/4/2 1934/4/2 1947/4/2
f 1947/4/2 1934/4/2 1948/4/2
f 1935/4/2 1936/4/2 1949/4/2
f 1949/4/2 1936/4/2 1950/4/2
f 1937/4/2 1938/4/2 1951/4/2
f 1951/4/2 1938/4/2 1952/4/2
f 1939/4/2 1940/4/2 1953/4/2
f 1953/4/2 1940/4/2 1954/4/2
f 1941/4/2 1942/4/2 1955/4/2
f 1955/4/2 1942/4/2 1956/4/2
f 1943/5/2 1944/5/2 1957/5/2
f 1957/5/2 1944/5/2 1958/5/2
f 1959/5/2 1960/5/2 1965/5/2
f 1965/5/2 1960/5/2 1966/5/2
f 1961/5/2 1962/5/2 1967/5/2
f 1967/5/2 1962/5/2 1968/5/2
f 1963/5/2 1964/5/2 1969/5/2
f 1969/5/2 1964/5/2 1970/5/2
f 1971/5/2 1972/5/2 1973/5/2
f 1973/5/2 1972/5/2 1974/5/2
f 1975/4/2 1976/4/2 1977/4/2
f 1977/4/2 1976/4/2 1978/4/2
f 1979/5/2 1980/5/2 1981/5/2
f 1981/5/2 1980/5/2 1982/5/2
f 1983/4/2 1984/4/2 1985/4/2
f 1985/4/2 1984/4/2 1986/4/2
f 1987/5/2 1988/5/2 1989/5/2
f 1989/5/2 1988/5/2 1990/5/2
f 1991/4/2 1992/4/2 1993/4/2
f 1993/4/2 1992/4/2 1994/4/2
f 1995/5/2 1996/5/2 1999/5/2
f 1999/5/2 1996/5/2 2000/5/2
f 1997/5/2 1998/5/2 2001/5/2
f 2001/5/2 1998/5/2 2002/5/2
f 2003/4/2 2004/4/2 2011/4/2
f 2011/4/2 2004/4/2 2012/4/2
f 2005/4/2 2006/4/2 2013/4/2
f 2013/4/2 2006/4/2 2014/4/2
f 2007/4/2 2008/4/2 2015/4/2
f 2015/4/2 2008/4/2 2016/4/2
f 2009/4/2 2010/4/2 2017/4/2
f 2017/4/2 2010/4/2 2018/4/2
f 2019/5/2 2020/5/2 2021/5/2
f 2021/5/2 2020/5/2 2022/5/2
f 2023/4/2 2024/4/2 2031/4/2
f 2031/4/2 2024/4/2 2032/4/2
f 2025/4/2 2026/4/2 2033/4/2
f 2033/4/2 2026/4/2 2034/4/2
f 2027/4/2 2028/4/2 2035/4/2
f 2035/4/2 2028/4/2 2036/4/2
f 2029/4/2 2030/4/2 2037/4/2
f 2037/4/2 2030/4/2 2038/4/2
f 2039/4/2 2040/4/2 2049/4/2
f 2049/4/2 2040/4/2 2050/4/2
f 2041/4/2 2042/4/2 2051/4/2
f 2051/4/2 2042/4/2 2052/4/2
f 2043/4/2 2044/4/2 2053/4/2
f 2053/4/2 2044/4/2 2054/4/2
f 2045/4/2 2046/4/2 2055/4/2
f 2055/4/2 2046/4/2 2056/4/2
f 2047/4/2 2048/4/2 2057/4/2
f 2057/4/2 2048/4/2 2058/4/2
f 2059/4/2 2060/4/2 2063/4/2
f 2063/4/2 2060/4/2 2064/4/2
f 2061/4/2 2062/4/2 2065/4/2
f 2065/4/2 2062/4/2 2066/4/2
f 2067/4/2 2068/4/2 2073/4/2
f 2073/4/2 2068/4/2 2074/4/2
f 2069/4/2 2070/4/2 2075/4/2
f 2075/4/2 2070/4/2 2076/4/2
f 2071/4/2 2072/4/2 2077/4/2
f 2077/4/2 2072/4/2 2078/4/2
f 2079/4/2 2080/4/2 2085/4/2
f 2085/4/2 2080/4/2 2086/4/2
f 2081/5/2 2082/5/2 2087/5/2
f 2087/5/2 2082/5/2 2088/5/2
f 2083/5/2 2084/5/2 2089/5/2
f 2089/5/2 2084/5/2 2090/5/2
f 2091/4/2 2092/4/2 2095/4/2
f 2095/4/2 2092/4/2 2096/4/2
f 2093/5/2 2094/5/2 2097/5/2
f 2097/5/2 2094/5/2 2098/5/2
f 2099/4/2 2100/4/2 2109/4/2
f 2100/5/2 2101/5/2 2110/5/2
f 2109/4/2 2100/4/2 2110/4/2
f 2101/4/2 2102/4/2 2111/4/2
f 2110/5/2 2101/5/2 2111/5/2
f 2111/4/2 2102/4/2 2112/4/2
f 2103/4/2 2104/4/2 2113/4/2
f 2113/4/2 2104/4/2 2114/4/2
f 2105/5/2 2106/5/2 2115/5/2
f 2115/5/2 2106/5/2 2116/5/2
f 2107/5/2 2108/5/2 2117/5/2
f 2117/5/2 2108/5/2 2118/5/2
f 2110/5/2 2111/5/2 2119/5/2
f 2119/5/2 2111/5/2 2120/5/2
f 2121/5/2 2122/5/2 2123/5/2
f 2123/5/2 2122/5/2 2124/5/2
f 2125/3/2 2126/3/2 2131/3/2
f 2131/3/2 2126/3/2 2132/3/2
f 2127/4/2 2128/4/2 2133/4/2
f 2133/4/2 2128/4/2 2134/4/2
f 2129/5/2 2130/5/2 2135/5/2
f 2135/5/2 2130/5/2 2136/5/2
f 2131/5/2 2132/5/2 2137/5/2
f 2137/5/2 2132/5/2 2138/5/2
f 2139/5/2 2140/5/2 2141/5/2
f 2141/5/2 2140/5/2 2142/5/2
f 2143/4/2 2144/4/2 2147/4/2
f 2147/4/2 2144/4/2 2148/4/2
f 2145/4/2 2146/4/2 2149/4/2
f 2149/4/2 2146/4/2 2150/4/2
f 2151/4/2 2152/4/2 2155/4/2
f 2155/4/2 2152/4/2 2156/4/2
f 2153/4/2 2154/4/2 2157/4/2
f 2157/4/2 2154/4/2 2158/4/2
f 2159/4/2 2160/4/2 2163/4/2
f 2163/4/2 2160/4/2 2164/4/2
f 2161/4/2 2162/4/2 2165/4/2
f 2165/4/2 2162/4/2 2166/4/2
f 2167/4/2 2168/4/2 2169/4/2
f 2169/4/2 2168/4/2 2170/4/2
f 2171/5/2 2172/5/2 2173/5/2
f 2173/5/2 2172/5/2 2174/5/2
f 2175/4/2 2176/4/2 2179/4/2
f 2179/4/2 2176/4/2 2180/4/2
f 2177/4/2 2178/4/2 2181/4/2
f 2181/4/2 2178/4/2 2182/4/2
f 2183/5/2 2184/5/2 2185/5/2
f 2185/5/2 2184/5/2 2186/5/2
f 2187/3/2 2188/3/2 2191/3/2
f 2191/3/2 2188/3/2 2192/3/2
f 2189/4/2 2190/4/2 2193/4/2
f 2193/4/2 2190/4/2 2194/4/2
f 2195/3/2 2196/3/2 2199/3/2
f 2199/3/2 2196/3/2 2200/3/2
f 2197/4/2 2198/4/2 2201/4/2
f 2201/4/2 2198/4/2 2202/4/2
f 2203/3/2 2204/3/2 2207/3/2
f 2207/3/2 2204/3/2 2208/3/2
f 2205/4/2 2206/4/2 2211/4/2
f 2211/4/2 2206/4/2 2212/4/2
f 2209/4/2 2210/4/2 2213/4/2
f 2213/4/2 2210/4/2 2214/4/2
f 2215/3/2 2216/3/2 2221/3/2
f 2221/3/2 2216/3/2 2222/3/2
f 2217/3/2 2218/3/2 2223/3/2
f 2223/3/2 2218/3/2 2224/3/2
f 2219/4/2 2220/4/2 2225/4/2
f 2225/4/2 2220/4/2 2226/4/2
f 2227/3/2 2228/3/2 2231/3/2
f 2231/3/2 2228/3/2 2232/3/2
f 2229/3/2 2230/3/2 2233/3/2
f 2233/3/2 2230/3/2 2234/3/2
f 2235/4/2 2236/4/2 2239/4/2
f 2239/4/2 2236/4/2 2240/4/2
f 2237/5/2 2238/5/2 2241/5/2
f 2241/5/2 2238/5/2 2242/5/2
f 2243/3/2 2244/3/2 2245/3/2
f 2245/3/2 2244/3/2 2246/3/2
f 2247/4/2 2248/4/2 2253/4/2
f 2253/4/2 2248/4/2 2254/4/2
f 2249/5/2 2250/5/2 2255/5/2
f 2255/5/2 2250/5/2 2256/5/2
f 2251/5/2 2252/5/2 2257/5/2
f 2257/5/2 2252/5/2 2258/5/2
f 2259/3/2 2260/3/2 2263/3/2
f 2263/3/2 2260/3/2 2264/3/2
f 2261/4/2 2262/4/2 2267/4/2
f 2267/4/2 2262/4/2 2268/4/2
f 2265/4/2 2266/4/2 2271/4/2
f 2271/4/2 2266/4/2 2272/4/2
f 2269/5/2 2270/5/2 2273/5/2
f 2273/5/2 2270/5/2 2274/5/2
f 2275/3/2 2276/3/2 2283/3/2
f 2283/3/2 2276/3/2 2284/3/2
f 2277/4/2 2278/4/2 2287/4/2
f 2287/4/2 2278/4/2 2288/4/2
f 2279/4/2 2280/4/2 2289/4/2
f 2289/4/2 2280/4/2 2290/4/2
f 2281/4/2 2282/4/2 2291/4/2
f 2291/4/2 2282/4/2 2292/4/2
f 2285/4/2 2286/4/2 2293/4/2
f 2293/4/2 2286/4/2 2294/4/2
f 2295/2/2 2296/2/2 2297/2/2
f 2297/2/2 2296/2/2 2298/2/2
f 2298/2/2 2296/2/2 2299/2/2
f 2295/2/2 2297/2/2 2300/2/2
f 2300/2/2 2297/2/2 2301/2/2
f 2301/2/2 2297/2/2 2302/2/2
f 2302/2/2 2297/2/2 2303/2/2
f 2303/2/2 2297/2/2 2304/2/2
f 2304/2/2 2297/2/2 2305/2/2
f 2305/2/2 2297/2/2 2306/2/2
f 2306/2/2 2297/2/2 2307/2/2
f 2298/3/2 2299/3/2 2308/3/2
f 2299/2/2 2296/2/2 2309/2/2
f 2308/3/2 2299/3/2 2309/3/2
f 2309/2/2 2296/2/2 2310/2/2
f 2300/4/2 2301/4/2 2311/4/2
f 2311/4/2 2301/4/2 2312/4/2
f 2302/4/2 2303/4/2 2313/4/2
f 2313/4/2 2303/4/2 2314/4/2
f 2304/4/2 2305/4/2 2315/4/2
f 2315/4/2 2305/4/2 2316/4/2
f 2306/4/2 2307/4/2 2317/4/2
f 2317/4/2 2307/4/2 2318/4/2
f 2309/4/2 2310/4/2 2319/4/2
f 2319/4/2 2310/4/2 2320/4/2
f 2324/2/3 2322/2/3 2321/2/3
f 2325/5/3 2323/5/3 2322/5/3
f 2325/2/3 2322/2/3 2324/2/3
f 2326/5/3 2323/5/3 2325/5/3
f 2327/2/3 2324/2/3 2321/2/3
f 2328/4/3 2325/4/3 2324/4/3
f 2328/2/3 2324/2/3 2327/2/3
f 2329/4/3 2325/4/3 2328/4/3
f 2330/2/3 2327/2/3 2321/2/3
f 2330/3/3 2328/3/3 2327/3/3
f 2331/3/3 2328/3/3 2330/3/3
f 2333/2/3 2330/2/3 2321/2/3
f 2333/2/3 2331/2/3 2330/2/3
f 2334/4/3 2332/4/3 2331/4/3
f 2334/2/3 2331/2/3 2333/2/3
f 2335/4/3 2332/4/3 2334/4/3
f 2338/4/3 2337/4/3 2336/4/3
f 2339/4/3 2337/4/3 2338/4/3
f 2342/4/3 2341/4/3 2340/4/3
f 2343/4/3 2341/4/3 2342/4/3
f 2346/4/3 2345/4/3 2344/4/3
f 2347/4/3 2345/4/3 2346/4/3
f 2350/4/3 2349/4/3 2348/4/3
f 2351/4/3 2349/4/3 2350/4/3
f 2354/5/3 2353/5/3 2352/5/3
f 2355/5/3 2353/5/3 2354/5/3
f 2358/5/3 2357/5/3 2356/5/3
f 2359/5/3 2357/5/3 2358/5/3
f 2362/5/3 2361/5/3 2360/5/3
f 2363/5/3 2361/5/3 2362/5/3
f 2366/5/3 2365/5/3 2364/5/3
f 2367/5/3 2365/5/3 2366/5/3
f 2370/5/3 2369/5/3 2368/5/3
f 2371/5/3 2369/5/3 2370/5/3
f 2374/5/3 2373/5/3 2372/5/3
f 2375/5/3 2373/5/3 2374/5/3
f 2378/5/3 2377/5/3 2376/5/3
f 2379/5/3 2377/5/3 2378/5/3
f 2382/5/3 2381/5/3 2380/5/3
f 2383/5/3 2381/5/3 2382/5/3
f 2386/5/3 2385/5/3 2384/5/3
f 2387/5/3 2385/5/3 2386/5/3
f 2390/5/3 2389/5/3 2388/5/3
f 2391/5/3 2389/5/3 2390/5/3
f 2394/3/3 2393/3/3 2392/3/3
f 2395/3/3 2393/3/3 2394/3/3
f 2398/5/3 2397/5/3 2396/5/3
f 2399/5/3 2397/5/3 2398/5/3
f 2402/5/3 2401/5/3 2400/5/3
f 2403/5/3 2401/5/3 2402/5/3
f 2406/5/3 2405/5/3 2404/5/3
f 2407/5/3 2405/5/3 2406/5/3
f 2410/5/3 2409/5/3 2408/5/3
f 2411/5/3 2409/5/3 2410/5/3
f 2414/4/3 2413/4/3 2412/4/3
f 2415/4/3 2413/4/3 2414/4/3
f 2418/4/3 2417/4/3 2416/4/3
f 2419/4/3 2417/4/3 2418/4/3
f 2422/5/3 2421/5/3 2420/5/3
f 2423/5/3 2421/5/3 2422/5/3
f 2426/5/3 2425/5/3 2424/5/3
f 2427/5/3 2425/5/3 2426/5/3
f 2430/3/3 2429/3/3 2428/3/3
f 2431/3/3 2429/3/3 2430/3/3
f 2434/4/3 2433/4/3 2432/4/3
f 2435/4/3 2433/4/3 2434/4/3
f 2438/3/3 2437/3/3 2436/3/3
f 2439/3/3 2437/3/3 2438/3/3
f 2442/3/3 2441/3/3 2440/3/3
f 2443/3/3 2441/3/3 2442/3/3
f 2446/4/3 2445/4/3 2444/4/3
f 2447/4/3 2445/4/3 2446/4/3
f 2450/4/3 2449/4/3 2448/4/3
f 2451/4/3 2449/4/3 2450/4/3
f 2454/5/3 2453/5/3 2452/5/3
f 2455/5/3 2453/5/3 2454/5/3
f 2458/3/3 2457/3/3 2456/3/3
f 2459/3/3 2457/3/3 2458/3/3
f 2462/4/3 2461/4/3 2460/4/3
f 2463/4/3 2461/4/3 2462/4/3
f 2466/4/3 2465/4/3 2464/4/3
f 2467/4/3 2465/4/3 2466/4/3
f 2470/5/3 2469/5/3 2468/5/3
f 2471/5/3 2469/5/3 2470/5/3
f 2474/4/3 2473/4/3 2472/4/3
f 2475/4/3 2473/4/3 2474/4/3
f 2478/4/3 2477/4/3 2476/4/3
f 2479/4/3 2477/4/3 2478/4/3
f 2481/5/3 2480/5/3 2479/5/3
f 2482/5/3 2480/5/3 2481/5/3
f 2485/4/3 2484/4/3 2483/4/3
f 2486/4/3 2484/4/3 2485/4/3
f 2489/5/3 2488/5/3 2487/5/3
f 2490/5/3 2488/5/3 2489/5/3
f 2493/5/3 2492/5/3 2491/5/3
f 2494/5/3 2492/5/3 2493/5/3
f 2497/5/3 2496/5/3 2495/5/3
f 2498/5/3 2496/5/3 2497/5/3
f 2501/5/3 2500/5/3 2499/5/3
f 2502/5/3 2500/5/3 2501/5/3
f 2505/5/3 2504/5/3 2503/5/3
f 2506/5/3 2504/5/3 2505/5/3
f 2511/2/3 2508/2/3 2507/2/3
f 2512/3/3 2509/3/3 2508/3/3
f 2512/2/3 2508/2/3 2511/2/3
f 2513/3/3 2509/3/3 2512/3/3
f 2514/2/3 2511/2/3 2510/2/3
f 2515/2/3 2511/2/3 2514/2/3
f 2518/5/3 2517/5/3 2516/5/3
f 2519/5/3 2517/5/3 2518/5/3
f 2522/4/3 2521/4/3 2520/4/3
f 2523/4/3 2521/4/3 2522/4/3
f 2526/5/3 2525/5/3 2524/5/3
f 2527/5/3 2525/5/3 2526/5/3
f 2531/5/3 2529/5/3 2528/5/3
f 2532/5/3 2529/5/3 2531/5/3
f 2533/4/3 2531/4/3 2530/4/3
f 2534/4/3 2531/4/3 2533/4/3
f 2537/4/3 2536/4/3 2535/4/3
f 2538/4/3 2536/4/3 2537/4/3
f 2541/5/3 2540/5/3 2539/5/3
f 2542/5/3 2540/5/3 2541/5/3
f 2545/4/3 2544/4/3 2543/4/3
f 2546/4/3 2544/4/3 2545/4/3
f 2549/5/3 2548/5/3 2547/5/3
f 2550/5/3 2548/5/3 2549/5/3
f 2553/5/3 2552/5/3 2551/5/3
f 2554/5/3 2552/5/3 2553/5/3
f 2557/5/3 2556/5/3 2555/5/3
f 2558/5/3 2556/5/3 2557/5/3
f 2561/4/3 2560/4/3 2559/4/3
f 2562/4/3 2560/4/3 2561/4/3
f 2565/5/3 2564/5/3 2563/5/3
f 2566/5/3 2564/5/3 2565/5/3
f 2569/4/3 2568/4/3 2567/4/3
f 2570/4/3 2568/4/3 2569/4/3
f 2573/5/3 2572/5/3 2571/5/3
f 2574/5/3 2572/5/3 2573/5/3
f 2577/5/3 2576/5/3 2575/5/3
f 2578/5/3 2576/5/3 2577/5/3
f 2581/5/3 2580/5/3 2579/5/3
f 2582/5/3 2580/5/3 2581/5/3
f 2585/4/3 2584/4/3 2583/4/3
f 2586/4/3 2584/4/3 2585/4/3
f 2589/5/3 2588/5/3 2587/5/3
f 2590/5/3 2588/5/3 2589/5/3
f 2593/5/3 2592/5/3 2591/5/3
f 2594/5/3 2592/5/3 2593/5/3
f 2597/5/3 2596/5/3 2595/5/3
f 2598/5/3 2596/5/3 2597/5/3
f 2601/4/3 2600/4/3 2599/4/3
f 2602/4/3 2600/4/3 2601/4/3
f 2605/5/3 2604/5/3 2603/5/3
f 2606/5/3 2604/5/3 2605/5/3
f 2609/5/3 2608/5/3 2607/5/3
f 2610/5/3 2608/5/3 2609/5/3
f 2613/4/3 2612/4/3 2611/4/3
f 2614/4/3 2612/4/3 2613/4/3
f 2617/4/3 2616/4/3 2615/4/3
f 2618/4/3 2616/4/3 2617/4/3
f 2621/4/3 2620/4/3 2619/4/3
f 2622/4/3 2620/4/3 2621/4/3
f 2623/4/3 2620/4/3 2622/4/3
f 2626/4/3 2625/4/3 2624/4/3
f 2627/4/3 2625/4/3 2626/4/3
f 2630/4/3 2629/4/3 2628/4/3
f 2631/4/3 2629/4/3 2630/4/3
f 2634/4/3 2633/4/3 2632/4/3
f 2635/4/3 2633/4/3 2634/4/3
f 2638/4/3 2637/4/3 2636/4/3
f 2639/4/3 2637/4/3 2638/4/3
f 2642/5/3 2641/5/3 2640/5/3
f 2643/5/3 2641/5/3 2642/5/3
f 2646/4/3 2645/4/3 2644/4/3
f 2647/4/3 2645/4/3 2646/4/3
f 2649/5/3 2648/5/3 2647/5/3
f 2650/5/3 2648/5/3 2649/5/3
f 2653/4/3 2652/4/3 2651/4/3
f 2654/4/3 2652/4/3 2653/4/3
f 2657/5/3 2656/5/3 2655/5/3
f 2658/5/3 2656/5/3 2657/5/3
f 2661/5/3 2660/5/3 2659/5/3
f 2662/5/3 2660/5/3 2661/5/3
f 2665/4/3 2664/4/3 2663/4/3
f 2666/4/3 2664/4/3 2665/4/3
f 2669/5/3 2668/5/3 2667/5/3
f 2670/5/3 2668/5/3 2669/5/3
f 2673/4/3 2672/4/3 2671/4/3
f 2674/4/3 2672/4/3 2673/4/3
f 2677/4/3 2676/4/3 2675/4/3
f 2678/4/3 2676/4/3 2677/4/3
f 2681/5/3 2680/5/3 2679/5/3
f 2682/5/3 2680/5/3 2681/5/3
f 2685/4/3 2684/4/3 2683/4/3
f 2686/4/3 2684/4/3 2685/4/3
f 2689/4/3 2688/4/3 2687/4/3
f 2690/4/3 2688/4/3 2689/4/3
f 2693/4/3 2692/4/3 2691/4/3
f 2694/4/3 2692/4/3 2693/4/3
f 2697/5/3 2696/5/3 2695/5/3
f 2698/5/3 2696/5/3 2697/5/3
f 2701/5/3 2700/5/3 2699/5/3
f 2702/5/3 2700/5/3 2701/5/3
f 2705/4/3 2704/4/3 2703/4/3
f 2706/4/3 2704/4/3 2705/4/3
f 2709/4/3 2708/4/3 2707/4/3
f 2710/4/3 2708/4/3 2709/4/3
f 2713/5/3 2712/5/3 2711/5/3
f 2714/5/3 2712/5/3 2713/5/3
f 2717/4/3 2716/4/3 2715/4/3
f 2718/4/3 2716/4/3 2717/4/3
f 2721/5/3 2720/5/3 2719/5/3
f 2722/5/3 2720/5/3 2721/5/3
f 2725/5/3 2724/5/3 2723/5/3
f 2726/5/3 2724/5/3 2725/5/3
f 2729/5/3 2728/5/3 2727/5/3
f 2730/5/3 2728/5/3 2729/5/3
f 2733/4/3 2732/4/3 2731/4/3
f 2734/4/3 2732/4/3 2733/4/3
f 2737/4/3 2736/4/3 2735/4/3
f 2738/4/3 2736/4/3 2737/4/3
f 2741/5/3 2740/5/3 2739/5/3
f 2742/5/3 2740/5/3 2741/5/3
f 2745/4/3 2744/4/3 2743/4/3
f 2746/4/3 2744/4/3 2745/4/3
f 2749/4/3 2748/4/3 2747/4/3
f 2750/4/3 2748/4/3 2749/4/3
f 2753/4/3 2752/4/3 2751/4/3
f 2754/4/3 2752/4/3 2753/4/3
f 2757/5/3 2756/5/3 2755/5/3
f 2758/5/3 2756/5/3 2757/5/3
f 2761/4/3 2760/4/3 2759/4/3
f 2762/4/3 2760/4/3 2761/4/3
f 2765/4/3 2764/4/3 2763/4/3
f 2766/4/3 2764/4/3 2765/4/3
f 2769/5/3 2768/5/3 2767/5/3
f 2770/5/3 2768/5/3 2769/5/3
f 2773/5/3 2772/5/3 2771/5/3
f 2774/5/3 2772/5/3 2773/5/3
f 2777/5/3 2776/5/3 2775/5/3
f 2778/5/3 2776/5/3 2777/5/3
f 2781/5/3 2780/5/3 2779/5/3
f 2782/5/3 2780/5/3 2781/5/3
f 2785/4/3 2784/4/3 2783/4/3
f 2786/4/3 2784/4/3 2785/4/3
f 2789/5/3 2788/5/3 2787/5/3
f 2790/5/3 2788/5/3 2789/5/3
f 2793/4/3 2792/4/3 2791/4/3
f 2794/4/3 2792/4/3 2793/4/3
f 2797/4/3 2796/4/3 2795/4/3
f 2798/4/3 2796/4/3 2797/4/3
f 2801/5/3 2800/5/3 2799/5/3
f 2802/5/3 2800/5/3 2801/5/3
f 2805/5/3 2804/5/3 2803/5/3
f 2806/5/3 2804/5/3 2805/5/3
f 2809/4/3 2808/4/3 2807/4/3
f 2810/4/3 2808/4/3 2809/4/3
f 2813/4/3 2812/4/3 2811/4/3
f 2814/4/3 2812/4/3 2813/4/3
f 2817/5/3 2816/5/3 2815/5/3
f 2818/5/3 2816/5/3 2817/5/3
f 2821/5/3 2820/5/3 2819/5/3
f 2822/5/3 2820/5/3 2821/5/3
f 2825/4/3 2824/4/3 2823/4/3
f 2826/4/3 2824/4/3 2825/4/3
f 2827/4/3 2824/4/3 2826/4/3
f 2830/5/3 2829/5/3 2828/5/3
f 2831/5/3 2829/5/3 2830/5/3
f 2834/4/3 2833/4/3 2832/4/3
f 2835/4/3 2833/4/3 2834/4/3
f 2838/5/3 2837/5/3 2836/5/3
f 2839/5/3 2837/5/3 2838/5/3
f 2842/4/3 2841/4/3 2840/4/3
f 2843/4/3 2841/4/3 2842/4/3
f 2846/4/3 2845/4/3 2844/4/3
f 2847/4/3 2845/4/3 2846/4/3
f 2850/5/3 2849/5/3 2848/5/3
f 2851/5/3 2849/5/3 2850/5/3
f 2854/5/3 2853/5/3 2852/5/3
f 2855/5/3 2853/5/3 2854/5/3
f 2858/4/3 2857/4/3 2856/4/3
f 2859/4/3 2857/4/3 2858/4/3
f 2862/4/3 2861/4/3 2860/4/3
f 2863/4/3 2861/4/3 2862/4/3
f 2866/4/3 2865/4/3 2864/4/3
f 2867/4/3 2865/4/3 2866/4/3
f 2870/4/3 2869/4/3 2868/4/3
f 2871/4/3 2869/4/3 2870/4/3
f 2875/5/3 2873/5/3 2872/5/3
f 2876/5/3 2873/5/3 2875/5/3
f 2877/5/3 2875/5/3 2874/5/3
f 2878/5/3 2875/5/3 2877/5/3
f 2881/4/3 2880/4/3 2879/4/3
f 2882/4/3 2880/4/3 2881/4/3
f 2885/4/3 2884/4/3 2883/4/3
f 2886/4/3 2884/4/3 2885/4/3
f 2889/4/3 2888/4/3 2887/4/3
f 2890/4/3 2888/4/3 2889/4/3
f 2893/4/3 2892/4/3 2891/4/3
f 2894/4/3 2892/4/3 2893/4/3
f 2897/4/3 2896/4/3 2895/4/3
f 2898/4/3 2896/4/3 2897/4/3
f 2901/4/3 2900/4/3 2899/4/3
f 2902/4/3 2900/4/3 2901/4/3
f 2905/4/3 2904/4/3 2903/4/3
f 2906/4/3 2904/4/3 2905/4/3
f 2909/4/3 2908/4/3 2907/4/3
f 2910/4/3 2908/4/3 2909/4/3
f 2913/4/3 2912/4/3 2911/4/3
f 2914/4/3 2912/4/3 2913/4/3
f 2917/4/3 2916/4/3 2915/4/3
f 2918/4/3 2916/4/3 2917/4/3
f 2921/4/3 2920/4/3 2919/4/3
f 2922/4/3 2920/4/3 2921/4/3
f 2925/4/3 2924/4/3 2923/4/3
f 2926/4/3 2924/4/3 2925/4/3
f 2929/4/3 2928/4/3 2927/4/3
f 2930/4/3 2928/4/3 2929/4/3
f 2933/4/3 2932/4/3 2931/4/3
f 2934/4/3 2932/4/3 2933/4/3
f 2937/4/3 2936/4/3 2935/4/3
f 2938/4/3 2936/4/3 2937/4/3
f 2941/4/3 2940/4/3 2939/4/3
f 2942/4/3 2940/4/3 2941/4/3
f 2945/4/3 2944/4/3 2943/4/3
f 2946/4/3 2944/4/3 2945/4/3
f 2949/4/3 2948/4/3 2947/4/3
f 2950/4/3 2948/4/3 2949/4/3
f 2953/4/3 2952/4/3 2951/4/3
f 2954/4/3 2952/4/3 2953/4/3
f 2957/3/3 2956/3/3 2955/3/3
f 2958/3/3 2956/3/3 2957/3/3
f 2961/5/3 2960/5/3 2959/5/3
f 2962/5/3 2960/5/3 2961/5/3
f 2965/4/3 2964/4/3 2963/4/3
f 2966/4/3 2964/4/3 2965/4/3
f 2970/4/3 2968/4/3 2967/4/3
f 2971/4/3 2968/4/3 2970/4/3
f 2972/3/3 2970/3/3 2969/3/3
f 2973/3/3 2970/3/3 2972/3/3
f 2976/2/3 2975/2/3 2974/2/3
f 2977/2/3 2975/2/3 2976/2/3
f 2980/4/3 2979/4/3 2978/4/3
f 2981/4/3 2979/4/3 2980/4/3
f 2983/5/3 2982/5/3 2981/5/3
f 2984/5/3 2982/5/3 2983/5/3
f 2987/5/3 2986/5/3 2985/5/3
f 2988/5/3 2986/5/3 2987/5/3
f 2991/3/3 2990/3/3 2989/3/3
f 2992/3/3 2990/3/3 2991/3/3
f 2995/4/3 2994/4/3 2993/4/3
f 2996/4/3 2994/4/3 2995/4/3
f 2999/3/3 2998/3/3 2997/3/3
f 3000/3/3 2998/3/3 2999/3/3
f 3003/4/3 3002/4/3 3001/4/3
f 3004/4/3 3002/4/3 3003/4/3
f 3005/4/3 3002/4/3 3004/4/3
f 3008/5/3 3007/5/3 3006/5/3
f 3009/5/3 3007/5/3 3008/5/3
f 3012/4/3 3011/4/3 3010/4/3
f 3013/4/3 3011/4/3 3012/4/3
f 3016/4/3 3015/4/3 3014/4/3
f 3017/4/3 3015/4/3 3016/4/3
f 3020/4/3 3019/4/3 3018/4/3
f 3021/4/3 3019/4/3 3020/4/3
f 3024/4/3 3023/4/3 3022/4/3
f 3025/4/3 3023/4/3 3024/4/3
f 3028/4/3 3027/4/3 3026/4/3
f 3029/4/3 3027/4/3 3028/4/3
f 3032/5/3 3031/5/3 3030/5/3
f 3033/5/3 3031/5/3 3032/5/3
f 3036/4/3 3035/4/3 3034/4/3
f 3037/4/3 3035/4/3 3036/4/3
f 3040/4/3 3039/4/3 3038/4/3
f 3041/4/3 3039/4/3 3040/4/3
f 3044/5/3 3043/5/3 3042/5/3
f 3045/5/3 3043/5/3 3044/5/3
f 3048/5/3 3047/5/3 3046/5/3
f 3049/5/3 3047/5/3 3048/5/3
f 3052/5/3 3051/5/3 3050/5/3
f 3053/5/3 3051/5/3 3052/5/3
f 3056/5/3 3055/5/3 3054/5/3
f 3057/5/3 3055/5/3 3056/5/3
f 3060/3/3 3059/3/3 3058/3/3
f 3061/3/3 3059/3/3 3060/3/3
f 3064/4/3 3063/4/3 3062/4/3
f 3065/4/3 3063/4/3 3064/4/3
f 3068/5/3 3067/5/3 3066/5/3
f 3069/5/3 3067/5/3 3068/5/3
f 3072/4/3 3071/4/3 3070/4/3
f 3073/4/3 3071/4/3 3072/4/3
f 3076/4/3 3075/4/3 3074/4/3
f 3077/4/3 3075/4/3 3076/4/3
f 3080/3/3 3079/3/3 3078/3/3
f 3081/3/3 3079/3/3 3080/3/3
f 3084/4/3 3083/4/3 3082/4/3
f 3085/4/3 3083/4/3 3084/4/3
f 3088/4/3 3087/4/3 3086/4/3
f 3089/4/3 3087/4/3 3088/4/3
f 3092/4/3 3091/4/3 3090/4/3
f 3093/4/3 3091/4/3 3092/4/3
f 3096/3/3 3095/3/3 3094/3/3
f 3097/3/3 3095/3/3 3096/3/3
f 3100/4/3 3099/4/3 3098/4/3
f 3101/4/3 3099/4/3 3100/4/3
f 3104/5/3 3103/5/3 3102/5/3
f 3105/5/3 3103/5/3 3104/5/3
f 3108/5/3 3107/5/3 3106/5/3
f 3109/5/3 3107/5/3 3108/5/3
f 3112/4/3 3111/4/3 3110/4/3
f 3113/4/3 3111/4/3 3112/4/3
f 3116/3/3 3115/3/3 3114/3/3
f 3117/3/3 3115/3/3 3116/3/3
f 3120/4/3 3119/4/3 3118/4/3
f 3121/4/3 3119/4/3 3120/4/3
f 3125/4/3 3123/4/3 3122/4/3
f 3126/3/3 3125/3/3 3124/3/3
f 3127/4/3 3123/4/3 3125/4/3
f 3127/3/3 3125/3/3 3126/3/3
f 3128/4/3 3123/4/3 3127/4/3
f 3131/5/3 3130/5/3 3129/5/3
f 3132/5/3 3130/5/3 3131/5/3
f 3135/4/3 3134/4/3 3133/4/3
f 3136/4/3 3134/4/3 3135/4/3
f 3139/3/3 3138/3/3 3137/3/3
f 3140/3/3 3138/3/3 3139/3/3
f 3143/4/3 3142/4/3 3141/4/3
f 3144/4/3 3142/4/3 3143/4/3
f 3147/4/3 3146/4/3 3145/4/3
f 3148/4/3 3146/4/3 3147/4/3
f 3151/5/3 3150/5/3 3149/5/3
f 3152/5/3 3150/5/3 3151/5/3
f 3155/5/3 3154/5/3 3153/5/3
f 3156/5/3 3154/5/3 3155/5/3
f 3159/4/3 3158/4/3 3157/4/3
f 3160/4/3 3158/4/3 3159/4/3
f 3163/4/3 3162/4/3 3161/4/3
f 3164/4/3 3162/4/3 3163/4/3
f 3167/4/3 3166/4/3 3165/4/3
f 3168/4/3 3166/4/3 3167/4/3
f 3171/5/3 3170/5/3 3169/5/3
f 3172/5/3 3170/5/3 3171/5/3
f 3175/4/3 3174/4/3 3173/4/3
f 3176/4/3 3174/4/3 3175/4/3
f 3179/3/3 3178/3/3 3177/3/3
f 3180/3/3 3178/3/3 3179/3/3
f 3183/4/3 3182/4/3 3181/4/3
f 3184/4/3 3182/4/3 3183/4/3
f 3187/4/3 3186/4/3 3185/4/3
f 3188/4/3 3186/4/3 3187/4/3
f 3191/4/3 3190/4/3 3189/4/3
f 3192/4/3 3190/4/3 3191/4/3
f 3195/5/3 3194/5/3 3193/5/3
f 3196/5/3 3194/5/3 3195/5/3
f 3199/4/3 3198/4/3 3197/4/3
f 3200/4/3 3198/4/3 3199/4/3
f 3203/2/3 3202/2/3 3201/2/3
f 3204/2/3 3202/2/3 3203/2/3
f 3207/4/3 3206/4/3 3205/4/3
f 3208/4/3 3206/4/3 3207/4/3
f 3211/4/3 3210/4/3 3209/4/3
f 3212/4/3 3210/4/3 3211/4/3
f 3215/3/3 3214/3/3 3213/3/3
f 3216/3/3 3214/3/3 3215/3/3
f 3219/4/3 3218/4/3 3217/4/3
f 3220/4/3 3218/4/3 3219/4/3
f 3223/4/3 3222/4/3 3221/4/3
f 3224/4/3 3222/4/3 3223/4/3
f 3227/4/3 3226/4/3 3225/4/3
f 3228/4/3 3226/4/3 3227/4/3
f 3231/4/3 3230/4/3 3229/4/3
f 3232/4/3 3230/4/3 3231/4/3
f 3235/4/3 3234/4/3 3233/4/3
f 3236/4/3 3234/4/3 3235/4/3
f 3239/4/3 3238/4/3 3237/4/3
f 3240/4/3 3238/4/3 3239/4/3
f 3243/4/3 3242/4/3 3241/4/3
f 3244/4/3 3242/4/3 3243/4/3
f 3247/4/3 3246/4/3 3245/4/3
f 3248/4/3 3246/4/3 3247/4/3
f 3251/3/3 3250/3/3 3249/3/3
f 3252/3/3 3250/3/3 3251/3/3
f 3255/4/3 3254/4/3 3253/4/3
f 3256/4/3 3254/4/3 3255/4/3
f 3259/4/3 3258/4/3 3257/4/3
f 3260/4/3 3258/4/3 3259/4/3
f 3263/4/3 3262/4/3 3261/4/3
f 3264/4/3 3262/4/3 3263/4/3
f 3267/4/3 3266/4/3 3265/4/3
f 3268/4/3 3266/4/3 3267/4/3
f 3271/5/3 3270/5/3 3269/5/3
f 3272/5/3 3270/5/3 3271/5/3
f 3276/5/3 3274/5/3 3273/5/3
f 3277/5/3 3274/5/3 3276/5/3
f 3278/4/3 3276/4/3 3275/4/3
f 3279/4/3 3276/4/3 3278/4/3
f 3280/4/3 3276/4/3 3279/4/3
f 3283/4/3 3282/4/3 3281/4/3
f 3284/4/3 3282/4/3 3283/4/3
f 3287/4/3 3286/4/3 3285/4/3
f 3288/4/3 3286/4/3 3287/4/3
f 3291/5/3 3290/5/3 3289/5/3
f 3292/5/3 3290/5/3 3291/5/3
f 3296/3/3 3294/3/3 3293/3/3
f 3297/3/3 3294/3/3 3296/3/3
f 3298/3/3 3294/3/3 3297/3/3
f 3300/2/3 3296/2/3 3295/2/3
f 3300/3/3 3297/3/3 3296/3/3
f 3301/3/3 3297/3/3 3300/3/3
f 3302/4/3 3299/4/3 3298/4/3
f 3303/4/3 3299/4/3 3302/4/3
f 3304/2/3 3300/2/3 3295/2/3
f 3305/2/3 3300/2/3 3304/2/3
f 3307/3/3 3306/3/3 3305/3/3
f 3308/3/3 3306/3/3 3307/3/3
f 3309/3/3 3306/3/3 3308/3/3
f 3310/3/3 3306/3/3 3309/3/3
f 3313/4/3 3312/4/3 3311/4/3
f 3314/4/3 3312/4/3 3313/4/3
f 3318/3/3 3316/3/3 3315/3/3
f 3319/3/3 3316/3/3 3318/3/3
f 3320/3/3 3318/3/3 3317/3/3
f 3321/3/3 3318/3/3 3320/3/3
f 3324/4/3 3323/4/3 3322/4/3
f 3325/4/3 3323/4/3 3324/4/3
f 3329/4/3 3327/4/3 3326/4/3
f 3330/4/3 3327/4/3 3329/4/3
f 3331/3/3 3329/3/3 3328/3/3
f 3332/3/3 3329/3/3 3331/3/3
f 3335/5/3 3334/5/3 3333/5/3
f 3336/5/3 3334/5/3 3335/5/3
f 3340/3/3 3338/3/3 3337/3/3
f 3341/4/3 3339/4/3 3338/4/3
f 3341/3/3 3338/3/3 3340/3/3
f 3342/4/3 3339/4/3 3341/4/3
f 3345/4/3 3344/4/3 3343/4/3
f 3346/4/3 3344/4/3 3345/4/3
f 3349/3/3 3348/3/3 3347/3/3
f 3351/3/3 3349/3/3 3347/3/3
f 3352/4/3 3350/4/3 3349/4/3
f 3352/3/3 3349/3/3 3351/3/3
f 3354/4/3 3350/4/3 3352/4/3
f 3355/3/3 3354/3/3 3353/3/3
f 3356/4/3 3350/4/3 3354/4/3
f 3356/3/3 3354/3/3 3355/3/3
f 3357/4/3 3350/4/3 3356/4/3
f 3358/4/3 3350/4/3 3357/4/3
f 3361/4/3 3360/4/3 3359/4/3
f 3362/4/3 3360/4/3 3361/4/3
f 3365/4/3 3364/4/3 3363/4/3
f 3366/4/3 3364/4/3 3365/4/3
f 3369/4/3 3368/4/3 3367/4/3
f 3370/4/3 3368/4/3 3369/4/3
f 3373/5/3 3372/5/3 3371/5/3
f 3374/5/3 3372/5/3 3373/5/3
f 3377/3/3 3376/3/3 3375/3/3
f 3378/3/3 3376/3/3 3377/3/3
f 3381/4/3 3380/4/3 3379/4/3
f 3382/4/3 3380/4/3 3381/4/3
f 3385/4/3 3384/4/3 3383/4/3
f 3386/4/3 3384/4/3 3385/4/3
f 3390/4/3 3388/4/3 3387/4/3
f 3391/4/3 3388/4/3 3390/4/3
f 3392/3/3 3390/3/3 3389/3/3
f 3393/3/3 3390/3/3 3392/3/3
f 3396/4/3 3395/4/3 3394/4/3
f 3397/4/3 3395/4/3 3396/4/3
f 3400/3/3 3399/3/3 3398/3/3
f 3401/3/3 3399/3/3 3400/3/3
f 3404/4/3 3403/4/3 3402/4/3
f 3405/4/3 3403/4/3 3404/4/3
f 3409/5/3 3407/5/3 3406/5/3
f 3410/5/3 3407/5/3 3409/5/3
f 3411/4/3 3409/4/3 3408/4/3
f 3412/4/3 3409/4/3 3411/4/3
f 3415/4/3 3414/4/3 3413/4/3
f 3416/4/3 3414/4/3 3415/4/3
f 3419/5/3 3418/5/3 3417/5/3
f 3420/5/3 3418/5/3 3419/5/3
f 3423/5/3 3422/5/3 3421/5/3
f 3424/5/3 3422/5/3 3423/5/3
f 3427/4/3 3426/4/3 3425/4/3
f 3428/4/3 3426/4/3 3427/4/3
f 3431/5/3 3430/5/3 3429/5/3
f 3432/5/3 3430/5/3 3431/5/3
f 3435/5/3 3434/5/3 3433/5/3
f 3436/5/3 3434/5/3 3435/5/3
f 3439/5/3 3438/5/3 3437/5/3
f 3440/5/3 3438/5/3 3439/5/3
f 3443/5/3 3442/5/3 3441/5/3
f 3444/5/3 3442/5/3 3443/5/3
f 3447/5/3 3446/5/3 3445/5/3
f 3448/5/3 3446/5/3 3447/5/3
f 3451/5/3 3450/5/3 3449/5/3
f 3452/5/3 3450/5/3 3451/5/3
f 3455/3/3 3454/3/3 3453/3/3
f 3457/3/3 3455/3/3 3453/3/3
f 3458/4/3 3456/4/3 3455/4/3
f 3458/3/3 3455/3/3 3457/3/3
f 3459/4/3 3456/4/3 3458/4/3
f 3460/4/3 3456/4/3 3459/4/3
f 3463/5/3 3462/5/3 3461/5/3
f 3464/5/3 3462/5/3 3463/5/3
f 3467/5/3 3466/5/3 3465/5/3
f 3468/5/3 3466/5/3 3467/5/3
f 3471/5/3 3470/5/3 3469/5/3
f 3472/5/3 3470/5/3 3471/5/3
f 3477/5/3 3474/5/3 3473/5/3
f 3478/5/3 3474/5/3 3477/5/3
f 3479/2/3 3476/2/3 3475/2/3
f 3480/2/3 3476/2/3 3479/2/3
f 3483/5/3 3482/5/3 3481/5/3
f 3484/5/3 3482/5/3 3483/5/3
f 3487/5/3 3486/5/3 3485/5/3
f 3488/5/3 3486/5/3 3487/5/3
f 3491/5/3 3490/5/3 3489/5/3
f 3492/5/3 3490/5/3 3491/5/3
f 3493/5/4 3494/5/4 3495/5/4
f 3495/5/4 3494/5/4 3496/5/4
f 3497/4/4 3498/4/4 3499/4/4
f 3499/4/4 3498/4/4 3500/4/4
f 3501/4/4 3502/4/4 3503/4/4
f 3503/4/4 3502/4/4 3504/4/4
f 3505/4/4 3506/4/4 3507/4/4
f 3507/4/4 3506/4/4 3508/4/4
f 3509/5/4 3510/5/4 3511/5/4
f 3511/5/4 3510/5/4 3512/5/4
f 3513/4/4 3514/4/4 3515/4/4
f 3515/4/4 3514/4/4 3516/4/4
f 3517/4/4 3518/4/4 3519/4/4
f 3517/4/4 3519/4/4 3520/4/4
f 3520/4/4 3519/4/4 3521/4/4
f 3522/4/4 3523/4/4 3524/4/4
f 3524/4/4 3523/4/4 3525/4/4
f 3526/4/4 3527/4/4 3528/4/4
f 3528/4/4 3527/4/4 3529/4/4
f 3530/4/4 3531/4/4 3532/4/4
f 3532/4/4 3531/4/4 3533/4/4
f 3534/3/4 3535/3/4 3538/3/4
f 3538/3/4 3535/3/4 3539/3/4
f 3536/5/4 3537/5/4 3540/5/4
f 3539/4/4 3540/4/4 3541/4/4
f 3540/5/4 3537/5/4 3542/5/4
f 3541/4/4 3540/4/4 3542/4/4
f 3542/5/4 3537/5/4 3543/5/4
f 3544/5/4 3545/5/4 3546/5/4
f 3546/5/4 3545/5/4 3547/5/4
f 3548/3/4 3549/3/4 3550/3/4
f 3548/3/4 3550/3/4 3552/3/4
f 3550/4/4 3551/4/4 3553/4/4
f 3552/3/4 3550/3/4 3553/3/4
f 3553/4/4 3551/4/4 3554/4/4
f 3554/4/4 3551/4/4 3555/4/4
f 3556/4/4 3557/4/4 3558/4/4
f 3558/4/4 3557/4/4 3559/4/4
f 3560/5/4 3561/5/4 3562/5/4
f 3562/5/4 3561/5/4 3563/5/4
f 3564/3/4 3565/3/4 3566/3/4
f 3566/3/4 3565/3/4 3567/3/4
f 3568/3/4 3569/3/4 3570/3/4
f 3570/3/4 3569/3/4 3571/3/4
f 3571/4/4 3572/4/4 3573/4/4
f 3573/4/4 3572/4/4 3574/4/4
f 3575/5/4 3576/5/4 3577/5/4
f 3577/5/4 3576/5/4 3578/5/4
f 3579/4/4 3580/4/4 3581/4/4
f 3581/4/4 3580/4/4 3582/4/4
f 3583/5/4 3584/5/4 3585/5/4
f 3585/5/4 3584/5/4 3586/5/4
f 3587/4/4 3588/4/4 3589/4/4
f 3589/4/4 3588/4/4 3590/4/4
f 3591/5/4 3592/5/4 3594/5/4
f 3593/4/4 3594/4/4 3595/4/4
f 3594/5/4 3592/5/4 3596/5/4
f 3595/4/4 3594/4/4 3596/4/4
f 3596/5/4 3592/5/4 3597/5/4
f 3598/5/4 3599/5/4 3600/5/4
f 3600/5/4 3599/5/4 3601/5/4
f 3602/4/4 3603/4/4 3604/4/4
f 3604/4/4 3603/4/4 3605/4/4
f 3606/5/4 3607/5/4 3608/5/4
f 3608/5/4 3607/5/4 3609/5/4
f 3610/5/4 3611/5/4 3612/5/4
f 3612/5/4 3611/5/4 3613/5/4
f 3614/5/4 3615/5/4 3616/5/4
f 3616/5/4 3615/5/4 3617/5/4
f 3618/4/4 3619/4/4 3620/4/4
f 3620/4/4 3619/4/4 3621/4/4
f 3622/4/4 3623/4/4 3624/4/4
f 3624/4/4 3623/4/4 3625/4/4
f 3626/4/4 3627/4/4 3628/4/4
f 3628/4/4 3627/4/4 3629/4/4
f 3630/5/4 3631/5/4 3632/5/4
f 3632/5/4 3631/5/4 3633/5/4
f 3634/4/4 3635/4/4 3636/4/4
f 3636/4/4 3635/4/4 3637/4/4
f 3638/5/4 3639/5/4 3640/5/4
f 3640/5/4 3639/5/4 3641/5/4
f 3642/4/4 3643/4/4 3644/4/4
f 3644/4/4 3643/4/4 3645/4/4
f 3646/5/4 3647/5/4 3648/5/4
f 3648/5/4 3647/5/4 3649/5/4
f 3650/2/4 3651/2/4 3654/2/4
f 3651/3/4 3652/3/4 3655/3/4
f 3654/2/4 3651/2/4 3655/2/4
f 3655/3/4 3652/3/4 3656/3/4
f 3653/2/4 3654/2/4 3657/2/4
f 3657/2/4 3654/2/4 3658/2/4
f 3659/4/4 3660/4/4 3661/4/4
f 3661/4/4 3660/4/4 3662/4/4
f 3663/5/4 3664/5/4 3665/5/4
f 3665/5/4 3664/5/4 3666/5/4
f 3667/4/4 3668/4/4 3669/4/4
f 3669/4/4 3668/4/4 3670/4/4
f 3671/4/4 3672/4/4 3673/4/4
f 3673/4/4 3672/4/4 3674/4/4
f 3675/5/4 3676/5/4 3677/5/4
f 3677/5/4 3676/5/4 3678/5/4
f 3679/5/4 3680/5/4 3681/5/4
f 3681/5/4 3680/5/4 3682/5/4
f 3683/5/4 3684/5/4 3685/5/4
f 3685/5/4 3684/5/4 3686/5/4
f 3687/4/4 3688/4/4 3689/4/4
f 3689/4/4 3688/4/4 3690/4/4
f 3691/5/4 3692/5/4 3693/5/4
f 3693/5/4 3692/5/4 3694/5/4
f 3695/5/4 3696/5/4 3697/5/4
f 3697/5/4 3696/5/4 3698/5/4
f 3699/5/4 3700/5/4 3701/5/4
f 3701/5/4 3700/5/4 3702/5/4
f 3703/4/4 3704/4/4 3705/4/4
f 3705/4/4 3704/4/4 3706/4/4
f 3707/5/4 3708/5/4 3709/5/4
f 3709/5/4 3708/5/4 3710/5/4
f 3711/4/4 3712/4/4 3713/4/4
f 3713/4/4 3712/4/4 3714/4/4
f 3715/5/4 3716/5/4 3717/5/4
f 3717/5/4 3716/5/4 3718/5/4
f 3719/4/4 3720/4/4 3721/4/4
f 3721/4/4 3720/4/4 3722/4/4
f 3723/5/4 3724/5/4 3725/5/4
f 3725/5/4 3724/5/4 3726/5/4
f 3727/4/4 3728/4/4 3729/4/4
f 3729/4/4 3728/4/4 3730/4/4
f 3731/5/4 3732/5/4 3733/5/4
f 3733/5/4 3732/5/4 3734/5/4
f 3735/1/4 3736/1/4 3737/1/4
f 3737/1/4 3736/1/4 3738/1/4
f 3739/5/4 3740/5/4 3741/5/4
f 3741/5/4 3740/5/4 3742/5/4
f 3743/4/4 3744/4/4 3745/4/4
f 3745/4/4 3744/4/4 3746/4/4
f 3747/4/4 3748/4/4 3749/4/4
f 3749/4/4 3748/4/4 3750/4/4
f 3751/5/4 3752/5/4 3753/5/4
f 3753/5/4 3752/5/4 3754/5/4
f 3755/5/4 3756/5/4 3757/5/4
f 3757/5/4 3756/5/4 3758/5/4
f 3759/5/4 3760/5/4 3761/5/4
f 3761/5/4 3760/5/4 3762/5/4
f 3763/4/4 3764/4/4 3765/4/4
f 3765/4/4 3764/4/4 3766/4/4
f 3767/5/4 3768/5/4 3769/5/4
f 3769/5/4 3768/5/4 3770/5/4
f 3771/5/4 3772/5/4 3773/5/4
f 3773/5/4 3772/5/4 3774/5/4
f 3775/5/4 3776/5/4 3777/5/4
f 3777/5/4 3776/5/4 3778/5/4
f 3779/4/4 3780/4/4 3781/4/4
f 3781/4/4 3780/4/4 3782/4/4
f 3783/4/4 3784/4/4 3785/4/4
f 3785/4/4 3784/4/4 3786/4/4
f 3787/4/4 3788/4/4 3789/4/4
f 3789/4/4 3788/4/4 3790/4/4
f 3791/4/4 3792/4/4 3793/4/4
f 3793/4/4 3792/4/4 3794/4/4
f 3795/5/4 3796/5/4 3797/5/4
f 3797/5/4 3796/5/4 3798/5/4
f 3799/4/4 3800/4/4 3801/4/4
f 3801/4/4 3800/4/4 3802/4/4
f 3803/4/4 3804/4/4 3805/4/4
f 3805/4/4 3804/4/4 3806/4/4
f 3807/5/4 3808/5/4 3809/5/4
f 3809/5/4 3808/5/4 3810/5/4
f 3811/5/4 3812/5/4 3813/5/4
f 3813/5/4 3812/5/4 3814/5/4
f 3815/4/4 3816/4/4 3817/4/4
f 3817/4/4 3816/4/4 3818/4/4
f 3819/4/4 3820/4/4 3821/4/4
f 3821/4/4 3820/4/4 3822/4/4
f 3823/5/4 3824/5/4 3825/5/4
f 3825/5/4 3824/5/4 3826/5/4
f 3827/4/4 3828/4/4 3829/4/4
f 3827/4/4 3829/4/4 3831/4/4
f 3829/5/4 3830/5/4 3831/5/4
f 3831/5/4 3830/5/4 3832/5/4
f 3827/4/4 3831/4/4 3833/4/4
f 3833/4/4 3831/4/4 3834/4/4
f 3835/4/4 3836/4/4 3837/4/4
f 3837/4/4 3836/4/4 3838/4/4
f 3839/4/4 3840/4/4 3841/4/4
f 3841/4/4 3840/4/4 3842/4/4
f 3843/4/4 3844/4/4 3845/4/4
f 3845/4/4 3844/4/4 3846/4/4
f 3847/4/4 3848/4/4 3849/4/4
f 3849/4/4 3848/4/4 3850/4/4
f 3851/3/4 3852/3/4 3854/3/4
f 3852/5/4 3853/5/4 3855/5/4
f 3854/3/4 3852/3/4 3855/3/4
f 3855/5/4 3853/5/4 3856/5/4
f 3857/5/4 3858/5/4 3859/5/4
f 3859/5/4 3858/5/4 3860/5/4
f 3861/5/4 3862/5/4 3863/5/4
f 3863/5/4 3862/5/4 3864/5/4
f 3865/4/4 3866/4/4 3867/4/4
f 3867/4/4 3866/4/4 3868/4/4
f 3867/3/4 3868/3/4 3870/3/4
f 3868/5/4 3869/5/4 3871/5/4
f 3870/3/4 3868/3/4 3871/3/4
f 3871/5/4 3869/5/4 3872/5/4
f 3873/4/4 3874/4/4 3875/4/4
f 3875/4/4 3874/4/4 3876/4/4
f 3877/5/4 3878/5/4 3879/5/4
f 3879/5/4 3878/5/4 3880/5/4
f 3881/4/4 3882/4/4 3883/4/4
f 3883/4/4 3882/4/4 3884/4/4
f 3885/4/4 3886/4/4 3887/4/4
f 3887/4/4 3886/4/4 3888/4/4
f 3889/4/4 3890/4/4 3891/4/4
f 3891/4/4 3890/4/4 3892/4/4
f 3893/4/4 3894/4/4 3895/4/4
f 3895/4/4 3894/4/4 3896/4/4
f 3897/4/4 3898/4/4 3899/4/4
f 3899/4/4 3898/4/4 3900/4/4
f 3901/5/4 3902/5/4 3903/5/4
f 3903/5/4 3902/5/4 3904/5/4
f 3905/4/4 3906/4/4 3907/4/4
f 3907/4/4 3906/4/4 3908/4/4
f 3909/4/4 3910/4/4 3911/4/4
f 3911/4/4 3910/4/4 3912/4/4
f 3913/4/4 3914/4/4 3915/4/4
f 3915/4/4 3914/4/4 3916/4/4
f 3917/4/4 3918/4/4 3919/4/4
f 3919/4/4 3918/4/4 3920/4/4
f 3921/5/4 3922/5/4 3923/5/4
f 3923/5/4 3922/5/4 3924/5/4
f 3925/5/4 3926/5/4 3927/5/4
f 3927/5/4 3926/5/4 3928/5/4
f 3929/4/4 3930/4/4 3931/4/4
f 3931/4/4 3930/4/4 3932/4/4
f 3933/4/4 3934/4/4 3935/4/4
f 3935/4/4 3934/4/4 3936/4/4
f 3937/2/4 3938/2/4 3940/2/4
f 3938/5/4 3939/5/4 3941/5/4
f 3940/2/4 3938/2/4 3941/2/4
f 3940/3/4 3941/3/4 3942/3/4
f 3941/5/4 3939/5/4 3943/5/4
f 3942/3/4 3941/3/4 3943/3/4
f 3943/5/4 3939/5/4 3944/5/4
f 3945/4/4 3946/4/4 3947/4/4
f 3947/4/4 3946/4/4 3948/4/4
f 3949/4/4 3950/4/4 3951/4/4
f 3951/4/4 3950/4/4 3952/4/4
f 3953/4/4 3954/4/4 3955/4/4
f 3955/4/4 3954/4/4 3956/4/4
f 3957/5/4 3958/5/4 3959/5/4
f 3959/5/4 3958/5/4 3960/5/4
f 3961/4/4 3962/4/4 3963/4/4
f 3963/4/4 3962/4/4 3964/4/4
f 3965/4/4 3966/4/4 3967/4/4
f 3967/4/4 3966/4/4 3968/4/4
f 3969/4/4 3970/4/4 3971/4/4
f 3971/4/4 3970/4/4 3972/4/4
f 3973/4/4 3974/4/4 3975/4/4
f 3975/4/4 3974/4/4 3976/4/4
f 3977/5/4 3978/5/4 3979/5/4
f 3979/5/4 3978/5/4 3980/5/4
f 3981/4/4 3982/4/4 3983/4/4
f 3983/4/4 3982/4/4 3984/4/4
f 3985/4/4 3986/4/4 3987/4/4
f 3987/4/4 3986/4/4 3988/4/4
f 3989/5/4 3990/5/4 3991/5/4
f 3991/5/4 3990/5/4 3992/5/4
f 3993/4/4 3994/4/4 3995/4/4
f 3995/4/4 3994/4/4 3996/4/4
f 3997/4/4 3998/4/4 3999/4/4
f 3999/4/4 3998/4/4 4000/4/4
f 4001/4/4 4002/4/4 4003/4/4
f 4003/4/4 4002/4/4 4004/4/4
f 4005/4/4 4006/4/4 4007/4/4
f 4007/4/4 4006/4/4 4008/4/4
f 4009/5/4 4010/5/4 4011/5/4
f 4011/5/4 4010/5/4 4012/5/4
f 4013/4/4 4014/4/4 4015/4/4
f 4015/4/4 4014/4/4 4016/4/4
f 4017/4/4 4018/4/4 4019/4/4
f 4019/4/4 4018/4/4 4020/4/4
f 4021/4/4 4022/4/4 4023/4/4
f 4023/4/4 4022/4/4 4024/4/4
f 4025/5/4 4026/5/4 4027/5/4
f 4027/5/4 4026/5/4 4028/5/4
f 4029/4/4 4030/4/4 4031/4/4
f 4031/4/4 4030/4/4 4032/4/4
f 4033/5/4 4034/5/4 4035/5/4
f 4035/5/4 4034/5/4 4036/5/4
f 4037/4/4 4038/4/4 4039/4/4
f 4039/4/4 4038/4/4 4040/4/4
f 4041/4/4 4042/4/4 4043/4/4
f 4043/4/4 4042/4/4 4044/4/4
f 4045/5/4 4046/5/4 4047/5/4
f 4047/5/4 4046/5/4 4048/5/4
f 4049/5/4 4050/5/4 4051/5/4
f 4051/5/4 4050/5/4 4052/5/4
f 4053/4/4 4054/4/4 4055/4/4
f 4055/4/4 4054/4/4 4056/4/4
f 4057/5/4 4058/5/4 4060/5/4
f 4058/5/4 4059/5/4 4060/5/4
f 4060/5/4 4059/5/4 4061/5/4
f 4061/5/4 4059/5/4 4062/5/4
f 4063/4/4 4064/4/4 4065/4/4
f 4065/4/4 4064/4/4 4066/4/4
f 4067/4/4 4068/4/4 4069/4/4
f 4069/4/4 4068/4/4 4070/4/4
f 4071/5/4 4072/5/4 4073/5/4
f 4073/5/4 4072/5/4 4074/5/4
f 4075/5/4 4076/5/4 4077/5/4
f 4077/5/4 4076/5/4 4078/5/4
f 4079/5/4 4080/5/4 4081/5/4
f 4081/5/4 4080/5/4 4082/5/4
f 4083/4/4 4084/4/4 4085/4/4
f 4085/4/4 4084/4/4 4086/4/4
f 4087/4/4 4088/4/4 4089/4/4
f 4089/4/4 4088/4/4 4090/4/4
f 4091/4/4 4092/4/4 4093/4/4
f 4093/4/4 4092/4/4 4094/4/4
f 4095/4/4 4096/4/4 4097/4/4
f 4097/4/4 4096/4/4 4098/4/4
f 4099/5/4 4100/5/4 4101/5/4
f 4101/5/4 4100/5/4 4102/5/4
f 4103/5/4 4104/5/4 4105/5/4
f 4105/5/4 4104/5/4 4106/5/4
f 4107/4/4 4108/4/4 4109/4/4
f 4109/4/4 4108/4/4 4110/4/4
f 4111/5/4 4112/5/4 4113/5/4
f 4113/5/4 4112/5/4 4114/5/4
f 4115/4/4 4116/4/4 4117/4/4
f 4117/4/4 4116/4/4 4118/4/4
f 4119/4/4 4120/4/4 4121/4/4
f 4121/4/4 4120/4/4 4122/4/4
f 4123/5/4 4124/5/4 4125/5/4
f 4125/5/4 4124/5/4 4126/5/4
f 4127/4/4 4128/4/4 4129/4/4
f 4129/4/4 4128/4/4 4130/4/4
f 4131/4/4 4132/4/4 4133/4/4
f 4133/4/4 4132/4/4 4134/4/4
f 4135/5/4 4136/5/4 4137/5/4
f 4137/5/4 4136/5/4 4138/5/4
f 4139/5/4 4140/5/4 4141/5/4
f 4141/5/4 4140/5/4 4142/5/4
f 4143/4/4 4144/4/4 4145/4/4
f 4145/4/4 4144/4/4 4146/4/4
f 4147/4/4 4148/4/4 4149/4/4
f 4149/4/4 4148/4/4 4150/4/4
f 4151/5/4 4152/5/4 4153/5/4
f 4153/5/4 4152/5/4 4154/5/4
f 4155/4/4 4156/4/4 4157/4/4
f 4157/4/4 4156/4/4 4158/4/4
f 4159/4/4 4160/4/4 4161/4/4
f 4161/4/4 4160/4/4 4162/4/4
f 4163/4/4 4164/4/4 4165/4/4
f 4165/4/4 4164/4/4 4166/4/4
f 4167/3/4 4168/3/4 4169/3/4
f 4169/3/4 4168/3/4 4170/3/4
f 4171/4/4 4172/4/4 4173/4/4
f 4173/4/4 4172/4/4 4174/4/4
f 4175/5/4 4176/5/4 4177/5/4
f 4177/5/4 4176/5/4 4178/5/4
f 4179/5/4 4180/5/4 4181/5/4
f 4181/5/4 4180/5/4 4182/5/4
f 4183/4/4 4184/4/4 4185/4/4
f 4185/4/4 4184/4/4 4186/4/4
f 4187/4/4 4188/4/4 4189/4/4
f 4189/4/4 4188/4/4 4190/4/4
f 4191/3/4 4192/3/4 4193/3/4
f 4193/3/4 4192/3/4 4194/3/4
f 4195/5/4 4196/5/4 4197/5/4
f 4197/5/4 4196/5/4 4198/5/4
f 4199/4/4 4200/4/4 4201/4/4
f 4201/4/4 4200/4/4 4202/4/4
f 4203/3/4 4204/3/4 4205/3/4
f 4205/3/4 4204/3/4 4206/3/4
f 4206/4/4 4207/4/4 4208/4/4
f 4206/4/4 4208/4/4 4210/4/4
f 4208/5/4 4209/5/4 4210/5/4
f 4210/5/4 4209/5/4 4211/5/4
f 4206/4/4 4210/4/4 4212/4/4
f 4212/4/4 4210/4/4 4213/4/4
f 4214/4/4 4215/4/4 4216/4/4
f 4216/4/4 4215/4/4 4217/4/4
f 4218/4/4 4219/4/4 4220/4/4
f 4220/4/4 4219/4/4 4221/4/4
f 4222/4/4 4223/4/4 4224/4/4
f 4224/4/4 4223/4/4 4225/4/4
f 4225/4/4 4223/4/4 4226/4/4
f 4227/4/4 4228/4/4 4229/4/4
f 4229/4/4 4228/4/4 4230/4/4
f 4231/3/4 4232/3/4 4233/3/4
f 4233/3/4 4232/3/4 4234/3/4
f 4235/4/4 4236/4/4 4237/4/4
f 4237/4/4 4236/4/4 4238/4/4
f 4239/4/4 4240/4/4 4241/4/4
f 4241/4/4 4240/4/4 4242/4/4
f 4243/4/4 4244/4/4 4245/4/4
f 4245/4/4 4244/4/4 4246/4/4
f 4247/4/4 4248/4/4 4249/4/4
f 4249/4/4 4248/4/4 4250/4/4
f 4251/4/4 4252/4/4 4253/4/4
f 4253/4/4 4252/4/4 4254/4/4
f 4255/4/4 4256/4/4 4257/4/4
f 4257/4/4 4256/4/4 4258/4/4
f 4259/4/4 4260/4/4 4261/4/4
f 4261/4/4 4260/4/4 4262/4/4
f 4263/4/4 4264/4/4 4265/4/4
f 4265/4/4 4264/4/4 4266/4/4
f 4267/4/4 4268/4/4 4270/4/4
f 4269/3/4 4270/3/4 4271/3/4
f 4270/4/4 4268/4/4 4272/4/4
f 4271/3/4 4270/3/4 4272/3/4
f 4271/2/4 4272/2/4 4273/2/4
f 4272/4/4 4268/4/4 4274/4/4
f 4273/2/4 4272/2/4 4274/2/4
f 4274/4/4 4268/4/4 4275/4/4
f 4276/2/4 4277/2/4 4278/2/4
f 4278/2/4 4277/2/4 4279/2/4
f 4280/4/4 4281/4/4 4282/4/4
f 4282/4/4 4281/4/4 4283/4/4
f 4284/4/4 4285/4/4 4286/4/4
f 4286/4/4 4285/4/4 4287/4/4
f 4288/5/4 4289/5/4 4290/5/4
f 4290/5/4 4289/5/4 4291/5/4
f 4292/3/4 4293/3/4 4294/3/4
f 4294/3/4 4293/3/4 4295/3/4
f 4296/5/4 4297/5/4 4298/5/4
f 4298/5/4 4297/5/4 4299/5/4
f 4300/3/4 4301/3/4 4302/3/4
f 4302/3/4 4301/3/4 4303/3/4
f 4304/5/4 4305/5/4 4306/5/4
f 4306/5/4 4305/5/4 4307/5/4
f 4308/5/4 4309/5/4 4310/5/4
f 4310/5/4 4309/5/4 4311/5/4
f 4312/5/4 4313/5/4 4314/5/4
f 4314/5/4 4313/5/4 4315/5/4
f 4316/5/4 4317/5/4 4318/5/4
f 4318/5/4 4317/5/4 4319/5/4
f 4320/5/4 4321/5/4 4322/5/4
f 4322/5/4 4321/5/4 4323/5/4
f 4324/5/4 4325/5/4 4326/5/4
f 4326/5/4 4325/5/4 4327/5/4
f 4328/4/4 4329/4/4 4330/4/4
f 4330/4/4 4329/4/4 4331/4/4
f 4332/4/4 4333/4/4 4334/4/4
f 4334/4/4 4333/4/4 4335/4/4
f 4336/3/4 4337/3/4 4338/3/4
f 4338/3/4 4337/3/4 4339/3/4
f 4340/5/4 4341/5/4 4342/5/4
f 4342/5/4 4341/5/4 4343/5/4
f 4344/4/4 4345/4/4 4346/4/4
f 4346/4/4 4345/4/4 4347/4/4
f 4348/4/4 4349/4/4 4350/4/4
f 4350/4/4 4349/4/4 4351/4/4
f 4352/5/4 4353/5/4 4354/5/4
f 4354/5/4 4353/5/4 4355/5/4
f 4356/5/4 4357/5/4 4358/5/4
f 4358/5/4 4357/5/4 4359/5/4
f 4360/5/4 4361/5/4 4362/5/4
f 4362/5/4 4361/5/4 4363/5/4
f 4364/4/4 4365/4/4 4366/4/4
f 4366/4/4 4365/4/4 4367/4/4
f 4368/4/4 4369/4/4 4370/4/4
f 4370/4/4 4369/4/4 4371/4/4
f 4372/2/4 4373/2/4 4375/2/4
f 4373/4/4 4374/4/4 4376/4/4
f 4375/2/4 4373/2/4 4376/2/4
f 4376/4/4 4374/4/4 4377/4/4
f 4378/4/4 4379/4/4 4380/4/4
f 4380/4/4 4379/4/4 4381/4/4
f 4382/4/4 4383/4/4 4384/4/4
f 4384/4/4 4383/4/4 4385/4/4
f 4386/4/4 4387/4/4 4388/4/4
f 4388/4/4 4387/4/4 4389/4/4
f 4390/5/4 4391/5/4 4392/5/4
f 4392/5/4 4391/5/4 4393/5/4
f 4394/4/4 4395/4/4 4396/4/4
f 4396/4/4 4395/4/4 4397/4/4
f 4398/4/4 4399/4/4 4400/4/4
f 4400/4/4 4399/4/4 4401/4/4
f 4402/4/4 4403/4/4 4404/4/4
f 4404/4/4 4403/4/4 4405/4/4
f 4406/5/4 4407/5/4 4408/5/4
f 4408/5/4 4407/5/4 4409/5/4
f 4410/3/4 4411/3/4 4412/3/4
f 4410/3/4 4412/3/4 4414/3/4
f 4412/4/4 4413/4/4 4415/4/4
f 4414/3/4 4412/3/4 4415/3/4
f 4415/4/4 4413/4/4 4416/4/4
f 4416/4/4 4413/4/4 4417/4/4
f 4418/5/4 4419/5/4 4420/5/4
f 4420/5/4 4419/5/4 4421/5/4
f 4422/3/4 4423/3/4 4424/3/4
f 4424/3/4 4423/3/4 4425/3/4
f 4426/3/4 4427/3/4 4428/3/4
f 4428/3/4 4427/3/4 4429/3/4
f 4430/4/4 4431/4/4 4432/4/4
f 4432/4/4 4431/4/4 4433/4/4
f 4434/3/4 4435/3/4 4436/3/4
f 4436/3/4 4435/3/4 4437/3/4
f 4438/4/4 4439/4/4 4440/4/4
f 4440/4/4 4439/4/4 4441/4/4
f 4441/4/4 4439/4/4 4442/4/4
f 4443/5/4 4444/5/4 4445/5/4
f 4445/5/4 4444/5/4 4446/5/4
f 4447/3/4 4448/3/4 4450/3/4
f 4449/2/4 4450/2/4 4451/2/4
f 4450/3/4 4448/3/4 4452/3/4
f 4451/2/4 4450/2/4 4452/2/4
f 4452/3/4 4448/3/4 4453/3/4
f 4452/3/4 4453/3/4 4455/3/4
f 4453/3/4 4454/3/4 4455/3/4
f 4455/3/4 4454/3/4 4456/3/4
f 4456/3/4 4454/3/4 4457/3/4
f 4457/3/4 4454/3/4 4458/3/4
f 4459/4/4 4460/4/4 4462/4/4
f 4461/3/4 4462/3/4 4463/3/4
f 4462/4/4 4460/4/4 4464/4/4
f 4463/3/4 4462/3/4 4464/3/4
f 4464/4/4 4460/4/4 4465/4/4
f 4465/4/4 4460/4/4 4466/4/4
f 4467/3/4 4468/3/4 4469/3/4
f 4469/3/4 4468/3/4 4470/3/4
f 4471/4/4 4472/4/4 4473/4/4
f 4473/4/4 4472/4/4 4474/4/4
f 4475/4/4 4476/4/4 4477/4/4
f 4477/4/4 4476/4/4 4478/4/4
f 4479/5/4 4480/5/4 4481/5/4
f 4481/5/4 4480/5/4 4482/5/4
f 4483/5/4 4484/5/4 4485/5/4
f 4485/5/4 4484/5/4 4486/5/4
f 4487/4/4 4488/4/4 4489/4/4
f 4489/4/4 4488/4/4 4490/4/4
f 4491/4/4 4492/4/4 4493/4/4
f 4493/4/4 4492/4/4 4494/4/4
f 4494/4/4 4492/4/4 4495/4/4
f 4496/4/4 4497/4/4 4498/4/4
f 4498/4/4 4497/4/4 4499/4/4
f 4500/5/4 4501/5/4 4502/5/4
f 4502/5/4 4501/5/4 4503/5/4
f 4504/5/4 4505/5/4 4506/5/4
f 4506/5/4 4505/5/4 4507/5/4
f 4508/5/4 4509/5/4 4510/5/4
f 4510/5/4 4509/5/4 4511/5/4
f 4512/4/4 4513/4/4 4514/4/4
f 4514/4/4 4513/4/4 4515/4/4
f 4516/5/4 4517/5/4 4518/5/4
f 4518/5/4 4517/5/4 4519/5/4
f 4520/3/4 4521/3/4 4522/3/4
f 4522/3/4 4521/3/4 4523/3/4
f 4524/5/4 4525/5/4 4526/5/4
f 4526/5/4 4525/5/4 4527/5/4
f 4528/4/4 4529/4/4 4531/4/4
f 4531/4/4 4529/4/4 4532/4/4
f 4530/3/4 4531/3/4 4533/3/4
f 4533/3/4 4531/3/4 4534/3/4
f 4535/4/4 4536/4/4 4537/4/4
f 4537/4/4 4536/4/4 4538/4/4
f 4539/4/4 4540/4/4 4541/4/4
f 4541/4/4 4540/4/4 4542/4/4
f 4543/5/4 4544/5/4 4545/5/4
f 4545/5/4 4544/5/4 4546/5/4
f 4547/4/4 4548/4/4 4549/4/4
f 4549/4/4 4548/4/4 4550/4/4
f 4551/4/4 4552/4/4 4553/4/4
f 4553/4/4 4552/4/4 4554/4/4
f 4555/5/4 4556/5/4 4558/5/4
f 4557/4/4 4558/4/4 4559/4/4
f 4558/5/4 4556/5/4 4560/5/4
f 4559/4/4 4558/4/4 4560/4/4
f 4560/5/4 4556/5/4 4561/5/4
f 4562/4/4 4563/4/4 4564/4/4
f 4564/4/4 4563/4/4 4565/4/4
f 4566/3/4 4567/3/4 4568/3/4
f 4566/3/4 4568/3/4 4570/3/4
f 4568/4/4 4569/4/4 4571/4/4
f 4570/3/4 4568/3/4 4571/3/4
f 4571/4/4 4569/4/4 4572/4/4
f 4573/3/4 4574/3/4 4575/3/4
f 4575/3/4 4574/3/4 4576/3/4
f 4577/4/4 4578/4/4 4579/4/4
f 4579/4/4 4578/4/4 4580/4/4
f 4581/4/4 4582/4/4 4583/4/4
f 4583/4/4 4582/4/4 4584/4/4
f 4585/5/4 4586/5/4 4587/5/4
f 4587/5/4 4586/5/4 4588/5/4
f 4589/5/4 4590/5/4 4591/5/4
f 4591/5/4 4590/5/4 4592/5/4
f 4593/4/4 4594/4/4 4596/4/4
f 4595/3/4 4596/3/4 4597/3/4
f 4596/4/4 4594/4/4 4598/4/4
f 4597/3/4 4596/3/4 4598/3/4
f 4598/4/4 4594/4/4 4599/4/4
f 4599/4/4 4594/4/4 4600/4/4
f 4601/2/4 4602/2/4 4603/2/4
f 4601/2/4 4603/2/4 4605/2/4
f 4603/3/4 4604/3/4 4605/3/4
f 4605/3/4 4604/3/4 4606/3/4
f 4605/2/4 4606/2/4 4608/2/4
f 4606/4/4 4607/4/4 4608/4/4
f 4608/4/4 4607/4/4 4609/4/4
f 4605/2/4 4608/2/4 4611/2/4
f 4608/2/4 4609/2/4 4611/2/4
f 4609/5/4 4610/5/4 4612/5/4
f 4611/2/4 4609/2/4 4612/2/4
f 4612/5/4 4610/5/4 4613/5/4
f 4605/2/4 4611/2/4 4614/2/4
f 4605/2/4 4614/2/4 4616/2/4
f 4614/4/4 4615/4/4 4616/4/4
f 4616/4/4 4615/4/4 4617/4/4
f 4605/2/4 4616/2/4 4619/2/4
f 4616/2/4 4617/2/4 4619/2/4
f 4617/5/4 4618/5/4 4620/5/4
f 4619/2/4 4617/2/4 4620/2/4
f 4620/5/4 4618/5/4 4621/5/4
f 4601/2/4 4605/2/4 4622/2/4
f 4605/2/4 4619/2/4 4622/2/4
f 4622/2/4 4619/2/4 4623/2/4
f 4601/2/4 4622/2/4 4624/2/4
f 4624/2/4 4625/2/4 4626/2/4
f 4624/2/4 4626/2/4 4628/2/4
f 4626/4/4 4627/4/4 4628/4/4
f 4628/4/4 4627/4/4 4629/4/4
f 4624/2/4 4628/2/4 4631/2/4
f 4628/2/4 4629/2/4 4631/2/4
f 4629/5/4 4630/5/4 4632/5/4
f 4631/2/4 4629/2/4 4632/2/4
f 4632/5/4 4630/5/4 4633/5/4
f 4624/2/4 4631/2/4 4634/2/4
f 4631/4/4 4632/4/4 4634/4/4
f 4634/4/4 4632/4/4 4635/4/4
f 4624/2/4 4634/2/4 4637/2/4
f 4634/2/4 4635/2/4 4637/2/4
f 4635/5/4 4636/5/4 4638/5/4
f 4637/2/4 4635/2/4 4638/2/4
f 4638/5/4 4636/5/4 4639/5/4
f 4624/2/4 4637/2/4 4640/2/4
f 4637/4/4 4638/4/4 4640/4/4
f 4640/4/4 4638/4/4 4641/4/4
f 4624/2/4 4640/2/4 4643/2/4
f 4640/2/4 4641/2/4 4643/2/4
f 4641/5/4 4642/5/4 4644/5/4
f 4643/2/4 4641/2/4 4644/2/4
f 4644/5/4 4642/5/4 4645/5/4
f 4624/2/4 4643/2/4 4646/2/4
f 4643/4/4 4644/4/4 4646/4/4
f 4646/4/4 4644/4/4 4647/4/4
f 4624/2/4 4646/2/4 4649/2/4
f 4646/2/4 4647/2/4 4649/2/4
f 4647/5/4 4648/5/4 4650/5/4
f 4649/2/4 4647/2/4 4650/2/4
f 4650/5/4 4648/5/4 4651/5/4
f 4601/2/4 4624/2/4 4652/2/4
f 4624/2/4 4649/2/4 4652/2/4
f 4649/4/4 4650/4/4 4653/4/4
f 4652/2/4 4649/2/4 4653/2/4
f 4653/4/4 4650/4/4 4654/4/4
f 4657/2/5 4656/2/5 4655/2/5
f 4658/2/5 4656/2/5 4657/2/5
f 4661/2/5 4660/2/5 4659/2/5
f 4662/2/5 4660/2/5 4661/2/5
f 4665/3/5 4664/3/5 4663/3/5
f 4666/3/5 4664/3/5 4665/3/5
f 4669/4/5 4668/4/5 4667/4/5
f 4670/4/5 4668/4/5 4669/4/5
f 4675/4/5 4672/4/5 4671/4/5
f 4676/4/5 4672/4/5 4675/4/5
f 4677/4/5 4672/4/5 4676/4/5
f 4679/4/5 4674/4/5 4673/4/5
f 4680/4/5 4674/4/5 4679/4/5
f 4682/4/5 4678/4/5 4677/4/5
f 4682/4/5 4677/4/5 4676/4/5
f 4683/4/5 4678/4/5 4682/4/5
f 4684/4/5 4681/4/5 4680/4/5
f 4685/4/5 4681/4/5 4684/4/5
f 4688/4/5 4687/4/5 4686/4/5
f 4689/4/5 4687/4/5 4688/4/5
f 4692/5/5 4691/5/5 4690/5/5
f 4694/5/5 4692/5/5 4690/5/5
f 4694/5/5 4693/5/5 4692/5/5
f 4695/5/5 4693/5/5 4694/5/5
f 4699/5/5 4697/5/5 4696/5/5
f 4699/5/5 4698/5/5 4697/5/5
f 4700/5/5 4698/5/5 4699/5/5
f 4701/5/5 4698/5/5 4700/5/5
f 4703/5/5 4702/5/5 4701/5/5
f 4703/5/5 4701/5/5 4700/5/5
f 4704/5/5 4702/5/5 4703/5/5
f 4705/1/6 4706/1/6 4707/1/6
f 4707/1/6 4706/1/6 4708/1/6
f 4709/1/6 4710/1/6 4711/1/6
f 4711/1/6 4710/1/6 4712/1/6
f 4713/2/6 4714/2/6 4715/2/6
f 4715/2/6 4714/2/6 4716/2/6
f 4717/1/6 4718/1/6 4719/1/6
f 4719/1/6 4718/1/6 4720/1/6
f 4721/2/6 4722/2/6 4725/2/6
f 4725/2/6 4722/2/6 4726/2/6
f 4723/2/6 4724/2/6 4728/2/6
f 4728/2/6 4724/2/6 4729/2/6
f 4727/2/6 4728/2/6 4730/2/6
f 4730/2/6 4728/2/6 4731/2/6
f 4732/3/6 4733/3/6 4736/3/6
f 4736/3/6 4733/3/6 4737/3/6
f 4734/3/6 4735/3/6 4739/3/6
f 4739/3/6 4735/3/6 4740/3/6
f 4738/3/6 4739/3/6 4742/3/6
f 4740/3/6 4741/3/6 4742/3/6
f 4739/3/6 4740/3/6 4742/3/6
f 4742/3/6 4741/3/6 4743/3/6
f 4738/3/6 4742/3/6 4744/3/6
f 4744/3/6 4742/3/6 4745/3/6
f 4745/3/6 4742/3/6 4746/3/6
f 4746/3/6 4742/3/6 4747/3/6
f 4745/3/6 4746/3/6 4748/3/6
f 4748/3/6 4746/3/6 4749/3/6
f 4750/2/6 4751/2/6 4752/2/6
f 4752/2/6 4753/2/6 4754/2/6
f 4754/2/6 4755/2/6 4756/2/6
f 4756/2/6 4757/2/6 4761/2/6
f 4754/2/6 4756/2/6 4761/2/6
f 4752/2/6 4754/2/6 4761/2/6
f 4750/2/6 4752/2/6 4761/2/6
f 4761/2/6 4757/2/6 4762/2/6
f 4762/2/6 4757/2/6 4765/2/6
f 4765/2/6 4757/2/6 4766/2/6
f 4763/2/6 4764/2/6 4767/2/6
f 4767/2/6 4764/2/6 4768/2/6
f 4766/2/6 4757/2/6 4769/2/6
f 4769/2/6 4757/2/6 4770/2/6
f 4770/2/6 4757/2/6 4771/2/6
f 4771/2/6 4757/2/6 4772/2/6
f 4759/2/6 4760/2/6 4774/2/6
f 4758/2/6 4759/2/6 4774/2/6
f 4773/2/6 4774/2/6 4776/2/6
f 4775/2/6 4776/2/6 4777/2/6
f 4777/2/6 4776/2/6 4778/2/6
f 4778/2/6 4776/2/6 4779/2/6
f 4779/2/6 4776/2/6 4780/2/6
f 4780/2/6 4776/2/6 4781/2/6
f 4776/2/6 4774/2/6 4782/2/6
f 4781/2/6 4776/2/6 4782/2/6
f 4782/2/6 4774/2/6 4785/2/6
f 4774/2/6 4760/2/6 4786/2/6
f 4785/2/6 4774/2/6 4786/2/6
f 4783/3/6 4784/3/6 4787/3/6
f 4787/3/6 4784/3/6 4788/3/6
f 4786/2/6 4760/2/6 4789/2/6
f 4789/2/6 4760/2/6 4790/2/6
f 4790/2/6 4760/2/6 4791/2/6
f 4791/2/6 4760/2/6 4792/2/6
f 4793/2/6 4794/2/6 4795/2/6
f 4795/2/6 4794/2/6 4796/2/6
f 4792/2/6 4760/2/6 4797/2/6
f 4797/2/6 4760/2/6 4798/2/6
f 4798/2/6 4760/2/6 4801/2/6
f 4801/2/6 4760/2/6 4802/2/6
f 4799/3/6 4800/3/6 4804/3/6
f 4804/3/6 4800/3/6 4805/3/6
f 4803/3/6 4804/3/6 4809/3/6
f 4804/3/6 4805/3/6 4809/3/6
f 4805/3/6 4806/3/6 4809/3/6
f 4809/3/6 4806/3/6 4810/3/6
f 4807/3/6 4808/3/6 4814/3/6
f 4814/3/6 4808/3/6 4815/3/6
f 4811/3/6 4812/3/6 4819/3/6
f 4819/3/6 4812/3/6 4820/3/6
f 4817/3/6 4818/3/6 4821/3/6
f 4821/3/6 4818/3/6 4822/3/6
f 4815/3/6 4816/3/6 4824/3/6
f 4813/3/6 4814/3/6 4824/3/6
f 4814/3/6 4815/3/6 4824/3/6
f 4824/3/6 4816/3/6 4825/3/6
f 4822/3/6 4823/3/6 4826/3/6
f 4826/3/6 4823/3/6 4827/3/6
f 4825/3/6 4816/3/6 4829/3/6
f 4829/3/6 4816/3/6 4830/3/6
f 4830/3/6 4816/3/6 4831/3/6
f 4831/3/6 4816/3/6 4832/3/6
f 4830/3/6 4831/3/6 4835/3/6
f 4835/3/6 4831/3/6 4836/3/6
f 4833/3/6 4834/3/6 4837/3/6
f 4837/3/6 4834/3/6 4838/3/6
f 4828/3/6 4829/3/6 4841/3/6
f 4841/3/6 4829/3/6 4842/3/6
f 4839/2/6 4840/2/6 4845/2/6
f 4845/2/6 4840/2/6 4846/2/6
f 4843/3/6 4844/3/6 4847/3/6
f 4847/3/6 4844/3/6 4848/3/6
f 4839/2/6 4845/2/6 4851/2/6
f 4851/2/6 4845/2/6 4852/2/6
f 4849/2/6 4850/2/6 4853/2/6
f 4853/2/6 4850/2/6 4854/2/6
f 4855/3/6 4856/3/6 4857/3/6
f 4857/3/6 4856/3/6 4858/3/6
f 4858/3/6 4856/3/6 4859/3/6
f 4859/3/6 4856/3/6 4860/3/6
f 4860/3/6 4856/3/6 4861/3/6
f 4861/3/6 4862/3/6 4863/3/6
f 4860/3/6 4861/3/6 4863/3/6
f 4863/3/6 4862/3/6 4864/3/6
f 4864/3/6 4862/3/6 4865/3/6
f 4865/3/6 4862/3/6 4866/3/6
f 4866/3/6 4862/3/6 4867/3/6
f 4867/3/6 4868/3/6 4869/3/6
f 4866/3/6 4867/3/6 4869/3/6
f 4869/3/6 4870/3/6 4871/3/6
f 4873/3/6 4874/3/6 4876/3/6
f 4876/3/6 4874/3/6 4877/3/6
f 4871/3/6 4872/3/6 4879/3/6
f 4877/3/6 4878/3/6 4881/3/6
f 4875/3/6 4876/3/6 4881/3/6
f 4876/3/6 4877/3/6 4881/3/6
f 4881/3/6 4878/3/6 4882/3/6
f 4866/3/6 4869/3/6 4884/3/6
f 4869/3/6 4871/3/6 4884/3/6
f 4879/3/6 4880/3/6 4884/3/6
f 4871/3/6 4879/3/6 4884/3/6
f 4884/3/6 4880/3/6 4885/3/6
f 4875/3/6 4881/3/6 4888/3/6
f 4882/3/6 4883/3/6 4889/3/6
f 4889/3/6 4883/3/6 4890/3/6
f 4866/3/6 4884/3/6 4892/3/6
f 4892/3/6 4884/3/6 4893/3/6
f 4886/3/6 4887/3/6 4894/3/6
f 4894/3/6 4887/3/6 4895/3/6
f 4875/3/6 4888/3/6 4897/3/6
f 4890/3/6 4891/3/6 4897/3/6
f 4889/3/6 4890/3/6 4897/3/6
f 4888/3/6 4889/3/6 4897/3/6
f 4897/3/6 4891/3/6 4898/3/6
f 4898/3/6 4891/3/6 4899/3/6
f 4866/3/6 4892/3/6 4902/3/6
f 4899/3/6 4900/3/6 4903/3/6
f 4898/3/6 4899/3/6 4903/3/6
f 4903/3/6 4900/3/6 4904/3/6
f 4904/3/6 4900/3/6 4905/3/6
f 4895/3/6 4896/3/6 4908/3/6
f 4908/3/6 4896/3/6 4909/3/6
f 4904/3/6 4905/3/6 4911/3/6
f 4905/3/6 4906/3/6 4911/3/6
f 4911/3/6 4906/3/6 4912/3/6
f 4901/3/6 4902/3/6 4913/3/6
f 4902/3/6 4892/3/6 4913/3/6
f 4909/3/6 4910/3/6 4916/3/6
f 4908/3/6 4909/3/6 4916/3/6
f 4907/3/6 4908/3/6 4916/3/6
f 4912/3/6 4906/3/6 4917/3/6
f 4917/3/6 4906/3/6 4918/3/6
f 4918/3/6 4906/3/6 4919/3/6
f 4919/3/6 4906/3/6 4920/3/6
f 4913/3/6 4914/3/6 4924/3/6
f 4901/3/6 4913/3/6 4924/3/6
f 4924/3/6 4914/3/6 4925/3/6
f 4915/3/6 4916/3/6 4926/3/6
f 4916/3/6 4910/3/6 4927/3/6
f 4926/3/6 4916/3/6 4927/3/6
f 4918/4/6 4919/4/6 4929/4/6
f 4929/4/6 4919/4/6 4930/4/6
f 4921/2/6 4922/2/6 4931/2/6
f 4931/2/6 4922/2/6 4932/2/6
f 4927/3/6 4928/3/6 4933/3/6
f 4924/3/6 4925/3/6 4933/3/6
f 4925/3/6 4926/3/6 4933/3/6
f 4926/3/6 4927/3/6 4933/3/6
f 4923/3/6 4924/3/6 4933/3/6
f 4933/3/6 4928/3/6 4934/3/6
f 4934/3/6 4928/3/6 4935/3/6
f 4923/3/6 4933/3/6 4937/3/6
f 4937/3/6 4933/3/6 4938/3/6
f 4935/3/6 4936/3/6 4939/3/6
f 4934/3/6 4935/3/6 4939/3/6
f 4939/3/6 4936/3/6 4940/3/6
f 4940/3/6 4936/3/6 4941/3/6
f 4941/3/6 4942/3/6 4943/3/6
f 4940/3/6 4941/3/6 4943/3/6
f 4943/3/6 4944/3/6 4945/3/6
f 4943/3/6 4945/3/6 4951/3/6
f 4945/3/6 4946/3/6 4951/3/6
f 4951/3/6 4946/3/6 4952/3/6
f 4940/3/6 4943/3/6 4953/3/6
f 4943/3/6 4951/3/6 4953/3/6
f 4953/3/6 4951/3/6 4954/3/6
f 4954/3/6 4951/3/6 4955/3/6
f 4955/3/6 4951/3/6 4956/3/6
f 4954/3/6 4955/3/6 4959/3/6
f 4954/3/6 4959/3/6 4961/3/6
f 4959/3/6 4960/3/6 4961/3/6
f 4961/3/6 4960/3/6 4962/3/6
f 4962/3/6 4960/3/6 4963/3/6
f 4963/3/6 4964/3/6 4965/3/6
f 4962/3/6 4963/3/6 4965/3/6
f 4957/3/6 4958/3/6 4967/3/6
f 4967/3/6 4958/3/6 4968/3/6
f 4949/2/6 4950/2/6 4969/2/6
f 4969/2/6 4950/2/6 4970/2/6
f 4965/3/6 4966/3/6 4971/3/6
f 4962/3/6 4965/3/6 4971/3/6
f 4971/3/6 4966/3/6 4972/3/6
f 4972/3/6 4966/3/6 4973/3/6
f 4947/3/6 4948/3/6 4977/3/6
f 4977/3/6 4948/3/6 4978/3/6
f 4972/3/6 4973/3/6 4979/3/6
f 4973/3/6 4974/3/6 4979/3/6
f 4979/3/6 4974/3/6 4980/3/6
f 4978/3/6 4948/3/6 4982/3/6
f 4982/3/6 4948/3/6 4983/3/6
f 4980/3/6 4981/3/6 4984/3/6
f 4979/3/6 4980/3/6 4984/3/6
f 4975/3/6 4976/3/6 4987/3/6
f 4984/3/6 4985/3/6 4990/3/6
f 4986/3/6 4987/3/6 4991/3/6
f 4988/2/6 4989/2/6 4993/2/6
f 4990/3/6 4991/3/6 4996/3/6
f 4984/3/6 4990/3/6 4996/3/6
f 4979/3/6 4984/3/6 4996/3/6
f 4996/3/6 4991/3/6 4997/3/6
f 4992/3/6 4993/3/6 4999/3/6
f 4994/3/6 4995/3/6 5000/3/6
f 4997/3/6 4991/3/6 5002/3/6
f 5002/3/6 4991/3/6 5003/3/6
f 4998/3/6 4999/3/6 5004/3/6
f 4993/2/6 4989/2/6 5005/2/6
f 5004/3/6 4999/3/6 5005/3/6
f 4999/3/6 4993/3/6 5005/3/6
f 5005/2/6 4989/2/6 5006/2/6
f 5000/3/6 5001/3/6 5007/3/6
f 4997/3/6 5002/3/6 5008/3/6
f 5008/3/6 5002/3/6 5009/3/6
f 5009/3/6 5002/3/6 5010/3/6
f 5003/3/6 4991/3/6 5011/3/6
f 5011/3/6 4991/3/6 5012/3/6
f 4998/3/6 5004/3/6 5013/3/6
f 5013/3/6 5004/3/6 5014/3/6
f 5012/3/6 4991/3/6 5015/3/6
f 4987/3/6 4976/3/6 5015/3/6
f 4991/3/6 4987/3/6 5015/3/6
f 5008/3/6 5009/3/6 5019/3/6
f 5000/3/6 5007/3/6 5019/3/6
f 4994/3/6 5000/3/6 5019/3/6
f 5007/3/6 5008/3/6 5019/3/6
f 5019/3/6 5009/3/6 5020/3/6
f 5015/3/6 5016/3/6 5021/3/6
f 5012/3/6 5015/3/6 5021/3/6
f 5020/3/6 5009/3/6 5024/3/6
f 5024/3/6 5009/3/6 5025/3/6
f 5021/3/6 5016/3/6 5026/3/6
f 5026/3/6 5016/3/6 5027/3/6
f 5027/3/6 5016/3/6 5028/3/6
f 5022/3/6 5023/3/6 5032/3/6
f 5032/3/6 5023/3/6 5033/3/6
f 5020/3/6 5024/3/6 5034/3/6
f 5034/3/6 5024/3/6 5035/3/6
f 5028/3/6 5029/3/6 5036/3/6
f 5027/3/6 5028/3/6 5036/3/6
f 5036/3/6 5029/3/6 5037/3/6
f 5037/3/6 5029/3/6 5038/3/6
f 5030/3/6 5031/3/6 5040/3/6
f 5040/3/6 5031/3/6 5041/3/6
f 5020/3/6 5034/3/6 5043/3/6
f 5043/3/6 5034/3/6 5044/3/6
f 5038/3/6 5039/3/6 5045/3/6
f 5041/3/6 5042/3/6 5045/3/6
f 5040/3/6 5041/3/6 5045/3/6
f 5037/3/6 5038/3/6 5045/3/6
f 5039/3/6 5040/3/6 5045/3/6
f 5045/3/6 5042/3/6 5046/3/6
f 5046/3/6 5042/3/6 5047/3/6
f 5047/3/6 5042/3/6 5048/3/6
f 5017/3/6 5018/3/6 5050/3/6
f 5046/3/6 5047/3/6 5057/3/6
f 5057/3/6 5047/3/6 5058/3/6
f 5049/3/6 5050/3/6 5060/3/6
f 5033/3/6 5023/3/6 5061/3/6
f 5061/3/6 5023/3/6 5062/3/6
f 5051/3/6 5052/3/6 5064/3/6
f 5064/3/6 5052/3/6 5065/3/6
f 5053/3/6 5054/3/6 5066/3/6
f 5066/3/6 5054/3/6 5067/3/6
f 5055/3/6 5056/3/6 5069/3/6
f 5069/3/6 5056/3/6 5070/3/6
f 5046/3/6 5057/3/6 5071/3/6
f 5067/3/6 5068/3/6 5073/3/6
f 5064/3/6 5065/3/6 5073/3/6
f 5063/3/6 5064/3/6 5073/3/6
f 5066/3/6 5067/3/6 5073/3/6
f 5065/3/6 5066/3/6 5073/3/6
f 5073/3/6 5068/3/6 5074/3/6
f 5072/3/6 5073/3/6 5079/3/6
f 5073/3/6 5074/3/6 5079/3/6
f 5074/3/6 5075/3/6 5079/3/6
f 5070/3/6 5071/3/6 5080/3/6
f 5059/3/6 5060/3/6 5081/3/6
f 5050/3/6 5018/3/6 5081/3/6
f 5060/3/6 5050/3/6 5081/3/6
f 5081/3/6 5018/3/6 5082/3/6
f 5077/3/6 5078/3/6 5083/3/6
f 5079/3/6 5080/3/6 5089/3/6
f 5080/3/6 5071/3/6 5089/3/6
f 5071/3/6 5057/3/6 5089/3/6
f 5059/3/6 5081/3/6 5091/3/6
f 5091/3/6 5081/3/6 5092/3/6
f 5083/3/6 5084/3/6 5093/3/6
f 5085/3/6 5086/3/6 5095/3/6
f 5087/3/6 5088/3/6 5098/3/6
f 5098/3/6 5088/3/6 5099/3/6
f 5072/3/6 5079/3/6 5100/3/6
f 5089/3/6 5090/3/6 5100/3/6
f 5079/3/6 5089/3/6 5100/3/6
f 5100/3/6 5090/3/6 5101/3/6
f 5101/3/6 5090/3/6 5102/3/6
f 5102/3/6 5090/3/6 5103/3/6
f 5103/3/6 5090/3/6 5104/3/6
f 5092/3/6 5081/3/6 5105/3/6
f 5105/3/6 5081/3/6 5106/3/6
f 5093/3/6 5094/3/6 5107/3/6
f 5098/3/6 5099/3/6 5110/3/6
f 5097/3/6 5098/3/6 5110/3/6
f 5099/3/6 5100/3/6 5110/3/6
f 5100/3/6 5101/3/6 5110/3/6
f 5110/3/6 5101/3/6 5111/3/6
f 5102/3/6 5103/3/6 5113/3/6
f 5113/3/6 5103/3/6 5114/3/6
f 5111/3/6 5112/3/6 5118/3/6
f 5109/3/6 5110/3/6 5118/3/6
f 5110/3/6 5111/3/6 5118/3/6
f 5118/3/6 5112/3/6 5119/3/6
f 5114/3/6 5103/3/6 5121/3/6
f 5121/3/6 5103/3/6 5122/3/6
f 5115/3/6 5116/3/6 5123/3/6
f 5119/3/6 5120/3/6 5125/3/6
f 5117/3/6 5118/3/6 5125/3/6
f 5118/3/6 5119/3/6 5125/3/6
f 5123/3/6 5124/3/6 5127/3/6
f 5095/3/6 5096/3/6 5130/3/6
f 5085/3/6 5095/3/6 5130/3/6
f 5125/3/6 5126/3/6 5131/3/6
f 5117/3/6 5125/3/6 5131/3/6
f 5131/3/6 5126/3/6 5132/3/6
f 5127/3/6 5128/3/6 5133/3/6
f 5132/3/6 5126/3/6 5135/3/6
f 5135/3/6 5126/3/6 5136/3/6
f 5136/3/6 5126/3/6 5137/3/6
f 5137/3/6 5126/3/6 5138/3/6
f 5133/3/6 5134/3/6 5140/3/6
f 5123/3/6 5127/3/6 5140/3/6
f 5115/3/6 5123/3/6 5140/3/6
f 5127/3/6 5133/3/6 5140/3/6
f 5107/3/6 5108/3/6 5143/3/6
f 5136/3/6 5137/3/6 5145/3/6
f 5145/3/6 5137/3/6 5146/3/6
f 5140/3/6 5134/3/6 5147/3/6
f 5141/3/6 5142/3/6 5148/3/6
f 5148/3/6 5142/3/6 5149/3/6
f 5143/3/6 5144/3/6 5150/3/6
f 5138/3/6 5139/3/6 5153/3/6
f 5149/3/6 5142/3/6 5155/3/6
f 5155/3/6 5142/3/6 5156/3/6
f 5076/2/6 5077/2/6 5158/2/6
f 5150/3/6 5151/3/6 5159/3/6
f 5158/2/6 5077/2/6 5159/2/6
f 5093/3/6 5107/3/6 5159/3/6
f 5077/3/6 5083/3/6 5159/3/6
f 5083/3/6 5093/3/6 5159/3/6
f 5107/3/6 5143/3/6 5159/3/6
f 5143/3/6 5150/3/6 5159/3/6
f 5159/3/6 5151/3/6 5160/3/6
f 5136/3/6 5145/3/6 5161/3/6
f 5152/3/6 5153/3/6 5162/3/6
f 5160/3/6 5151/3/6 5163/3/6
f 5163/3/6 5151/3/6 5164/3/6
f 5164/3/6 5151/3/6 5165/3/6
f 5129/3/6 5130/3/6 5167/3/6
f 5130/3/6 5096/3/6 5167/3/6
f 5136/3/6 5161/3/6 5169/3/6
f 5161/3/6 5162/3/6 5169/3/6
f 5169/3/6 5162/3/6 5170/3/6
f 5170/3/6 5162/3/6 5171/3/6
f 5171/3/6 5162/3/6 5172/3/6
f 5170/3/6 5171/3/6 5173/3/6
f 5173/3/6 5171/3/6 5174/3/6
f 5172/3/6 5162/3/6 5176/3/6
f 5147/3/6 5134/3/6 5178/3/6
f 5170/3/6 5173/3/6 5179/3/6
f 5179/3/6 5173/3/6 5180/3/6
f 5175/3/6 5176/3/6 5182/3/6
f 5153/3/6 5139/3/6 5183/3/6
f 5162/3/6 5153/3/6 5183/3/6
f 5182/3/6 5176/3/6 5183/3/6
f 5176/3/6 5162/3/6 5183/3/6
f 5177/3/6 5178/3/6 5184/3/6
f 5178/3/6 5134/3/6 5185/3/6
f 5184/3/6 5178/3/6 5185/3/6
f 5185/3/6 5134/3/6 5186/3/6
f 5165/3/6 5166/3/6 5187/3/6
f 5164/3/6 5165/3/6 5187/3/6
f 5187/3/6 5166/3/6 5188/3/6
f 5170/3/6 5179/3/6 5189/3/6
f 5189/3/6 5179/3/6 5190/3/6
f 5190/3/6 5179/3/6 5191/3/6
f 5191/3/6 5179/3/6 5192/3/6
f 5184/3/6 5185/3/6 5194/3/6
f 5181/3/6 5182/3/6 5194/3/6
f 5182/3/6 5183/3/6 5194/3/6
f 5183/3/6 5184/3/6 5194/3/6
f 5156/3/6 5157/3/6 5196/3/6
f 5155/3/6 5156/3/6 5196/3/6
f 5154/3/6 5155/3/6 5196/3/6
f 5196/3/6 5157/3/6 5197/3/6
f 5164/3/6 5187/3/6 5199/3/6
f 5199/3/6 5187/3/6 5200/3/6
f 5167/3/6 5168/3/6 5201/3/6
f 5201/3/6 5168/3/6 5202/3/6
f 5202/3/6 5168/3/6 5203/3/6
f 5190/3/6 5191/3/6 5205/3/6
f 5205/3/6 5191/3/6 5206/3/6
f 5206/3/6 5191/3/6 5207/3/6
f 5207/3/6 5191/3/6 5208/3/6
f 5193/3/6 5194/3/6 5209/3/6
f 5194/3/6 5185/3/6 5210/3/6
f 5209/3/6 5194/3/6 5210/3/6
f 5197/3/6 5198/3/6 5211/3/6
f 5196/3/6 5197/3/6 5211/3/6
f 5195/3/6 5196/3/6 5211/3/6
f 5164/3/6 5199/3/6 5214/3/6
f 5203/3/6 5204/3/6 5215/3/6
f 5202/3/6 5203/3/6 5215/3/6
f 5215/3/6 5204/3/6 5216/3/6
f 5206/3/6 5207/3/6 5217/3/6
f 5217/3/6 5207/3/6 5218/3/6
f 5218/3/6 5207/3/6 5219/3/6
f 5219/3/6 5207/3/6 5220/3/6
f 5210/3/6 5185/3/6 5221/3/6
f 5221/3/6 5185/3/6 5222/3/6
f 5213/3/6 5214/3/6 5224/3/6
f 5214/3/6 5199/3/6 5225/3/6
f 5224/3/6 5214/3/6 5225/3/6
f 5225/3/6 5199/3/6 5226/3/6
f 5216/3/6 5204/3/6 5227/3/6
f 5227/3/6 5204/3/6 5228/3/6
f 5218/3/6 5219/3/6 5230/3/6
f 5230/3/6 5219/3/6 5231/3/6
f 5222/3/6 5185/3/6 5234/3/6
f 5234/3/6 5185/3/6 5235/3/6
f 5235/3/6 5185/3/6 5236/3/6
f 5211/3/6 5212/3/6 5237/3/6
f 5195/3/6 5211/3/6 5237/3/6
f 5223/3/6 5224/3/6 5240/3/6
f 5224/3/6 5225/3/6 5240/3/6
f 5228/3/6 5229/3/6 5243/3/6
f 5243/3/6 5229/3/6 5244/3/6
f 5218/3/6 5230/3/6 5245/3/6
f 5245/3/6 5230/3/6 5246/3/6
f 5232/3/6 5233/3/6 5247/3/6
f 5247/3/6 5233/3/6 5248/3/6
f 5235/3/6 5236/3/6 5252/3/6
f 5236/3/6 5237/3/6 5252/3/6
f 5241/3/6 5242/3/6 5253/3/6
f 5129/3/6 5167/3/6 5255/3/6
f 5167/3/6 5201/3/6 5255/3/6
f 5255/3/6 5201/3/6 5256/3/6
f 5244/3/6 5229/3/6 5257/3/6
f 5249/3/6 5250/3/6 5258/3/6
f 5258/3/6 5250/3/6 5259/3/6
f 5251/3/6 5252/3/6 5260/3/6
f 5253/3/6 5254/3/6 5261/3/6
f 5256/3/6 5201/3/6 5263/3/6
f 5263/3/6 5201/3/6 5264/3/6
f 5258/3/6 5259/3/6 5265/3/6
f 5252/3/6 5237/3/6 5265/3/6
f 5259/3/6 5260/3/6 5265/3/6
f 5237/3/6 5212/3/6 5265/3/6
f 5260/3/6 5252/3/6 5265/3/6
f 5257/3/6 5258/3/6 5265/3/6
f 5240/3/6 5225/3/6 5267/3/6
f 5239/3/6 5240/3/6 5267/3/6
f 5267/3/6 5225/3/6 5268/3/6
f 5253/3/6 5261/3/6 5269/3/6
f 5241/3/6 5253/3/6 5269/3/6
f 5261/3/6 5262/3/6 5269/3/6
f 5269/3/6 5262/3/6 5270/3/6
f 5270/3/6 5262/3/6 5271/3/6
f 5264/3/6 5201/3/6 5273/3/6
f 5273/3/6 5201/3/6 5274/3/6
f 5265/3/6 5266/3/6 5275/3/6
f 5274/3/6 5201/3/6 5277/3/6
f 5238/2/6 5239/2/6 5279/2/6
f 5239/3/6 5267/3/6 5280/3/6
f 5279/2/6 5239/2/6 5280/2/6
f 5271/3/6 5272/3/6 5281/3/6
f 5270/3/6 5271/3/6 5281/3/6
f 5281/3/6 5272/3/6 5282/3/6
f 5277/3/6 5278/3/6 5283/3/6
f 5283/3/6 5278/3/6 5284/3/6
f 5280/3/6 5267/3/6 5287/3/6
f 5287/3/6 5267/3/6 5288/3/6
f 5288/3/6 5267/3/6 5289/3/6
f 5277/3/6 5283/3/6 5291/3/6
f 5274/3/6 5277/3/6 5291/3/6
f 5284/3/6 5285/3/6 5292/3/6
f 5287/3/6 5288/3/6 5294/3/6
f 5294/3/6 5288/3/6 5295/3/6
f 5292/3/6 5293/3/6 5296/3/6
f 5257/3/6 5265/3/6 5297/3/6
f 5244/3/6 5257/3/6 5297/3/6
f 5265/3/6 5275/3/6 5297/3/6
f 5275/3/6 5276/3/6 5297/3/6
f 5286/2/6 5287/2/6 5298/2/6
f 5287/3/6 5294/3/6 5299/3/6
f 5298/2/6 5287/2/6 5299/2/6
f 5299/3/6 5294/3/6 5300/3/6
f 5296/3/6 5297/3/6 5301/3/6
f 5297/3/6 5276/3/6 5301/3/6
f 5301/3/6 5276/3/6 5302/3/6
f 5282/3/6 5272/3/6 5303/3/6
f 5303/3/6 5272/3/6 5304/3/6
f 5292/3/6 5296/3/6 5306/3/6
f 5296/3/6 5301/3/6 5306/3/6
f 5284/3/6 5292/3/6 5306/3/6
f 5302/3/6 5276/3/6 5307/3/6
f 5307/3/6 5276/3/6 5308/3/6
f 5308/3/6 5276/3/6 5309/3/6
f 5309/3/6 5276/3/6 5310/3/6
f 5304/3/6 5272/3/6 5311/3/6
f 5311/3/6 5272/3/6 5312/3/6
f 5308/3/6 5309/3/6 5313/3/6
f 5313/3/6 5309/3/6 5314/3/6
f 5310/3/6 5276/3/6 5315/3/6
f 5315/3/6 5276/3/6 5316/3/6
f 5316/3/6 5276/3/6 5317/3/6
f 5317/3/6 5276/3/6 5318/3/6
f 5316/3/6 5317/3/6 5319/3/6
f 5319/3/6 5317/3/6 5320/3/6
f 5316/3/6 5319/3/6 5321/3/6
f 5290/3/6 5291/3/6 5323/3/6
f 5291/3/6 5283/3/6 5324/3/6
f 5323/3/6 5291/3/6 5324/3/6
f 5321/3/6 5322/3/6 5325/3/6
f 5316/3/6 5321/3/6 5325/3/6
f 5325/3/6 5322/3/6 5326/3/6
f 5326/3/6 5322/3/6 5327/3/6
f 5327/3/6 5322/3/6 5328/3/6
f 5328/3/6 5322/3/6 5329/3/6
f 5324/3/6 5283/3/6 5331/3/6
f 5331/3/6 5283/3/6 5332/3/6
f 5326/3/6 5327/3/6 5333/3/6
f 5333/3/6 5327/3/6 5334/3/6
f 5329/3/6 5330/3/6 5335/3/6
f 5328/3/6 5329/3/6 5335/3/6
f 5335/3/6 5330/3/6 5336/3/6
f 5336/3/6 5330/3/6 5337/3/6
f 5312/3/6 5272/3/6 5340/3/6
f 5332/3/6 5283/3/6 5341/3/6
f 5341/3/6 5283/3/6 5342/3/6
f 5305/3/6 5306/3/6 5343/3/6
f 5306/3/6 5301/3/6 5344/3/6
f 5343/3/6 5306/3/6 5344/3/6
f 5344/3/6 5301/3/6 5345/3/6
f 5337/3/6 5338/3/6 5346/3/6
f 5336/3/6 5337/3/6 5346/3/6
f 5346/3/6 5338/3/6 5347/3/6
f 5347/3/6 5338/3/6 5348/3/6
f 5339/3/6 5340/3/6 5353/3/6
f 5342/3/6 5343/3/6 5354/3/6
f 5343/3/6 5344/3/6 5354/3/6
f 5354/3/6 5344/3/6 5355/3/6
f 5355/3/6 5344/3/6 5356/3/6
f 5356/3/6 5344/3/6 5357/3/6
f 5348/3/6 5349/3/6 5358/3/6
f 5347/3/6 5348/3/6 5358/3/6
f 5358/3/6 5349/3/6 5359/3/6
f 5359/3/6 5349/3/6 5360/3/6
f 5355/3/6 5356/3/6 5362/3/6
f 5362/3/6 5356/3/6 5363/3/6
f 5363/3/6 5356/3/6 5364/3/6
f 5364/3/6 5356/3/6 5365/3/6
f 5359/3/6 5360/3/6 5366/3/6
f 5360/3/6 5361/3/6 5366/3/6
f 5366/3/6 5361/3/6 5367/3/6
f 5350/3/6 5351/3/6 5368/3/6
f 5352/3/6 5353/3/6 5370/3/6
f 5370/3/6 5353/3/6 5371/3/6
f 5353/3/6 5340/3/6 5372/3/6
f 5371/3/6 5353/3/6 5372/3/6
f 5340/3/6 5272/3/6 5372/3/6
f 5363/3/6 5364/3/6 5374/3/6
f 5374/3/6 5364/3/6 5375/3/6
f 5367/3/6 5361/3/6 5376/3/6
f 5376/3/6 5361/3/6 5377/3/6
f 5377/3/6 5361/3/6 5378/3/6
f 5368/3/6 5369/3/6 5380/3/6
f 5372/3/6 5373/3/6 5382/3/6
f 5371/3/6 5372/3/6 5382/3/6
f 5382/3/6 5373/3/6 5383/3/6
f 5383/3/6 5373/3/6 5384/3/6
f 5375/3/6 5364/3/6 5386/3/6
f 5386/3/6 5364/3/6 5387/3/6
f 5387/3/6 5364/3/6 5388/3/6
f 5388/3/6 5364/3/6 5389/3/6
f 5378/3/6 5379/3/6 5390/3/6
f 5377/3/6 5378/3/6 5390/3/6
f 5390/3/6 5379/3/6 5391/3/6
f 5384/3/6 5385/3/6 5394/3/6
f 5383/3/6 5384/3/6 5394/3/6
f 5387/3/6 5388/3/6 5396/3/6
f 5396/3/6 5388/3/6 5397/3/6
f 5391/3/6 5379/3/6 5398/3/6
f 5398/3/6 5379/3/6 5399/3/6
f 5399/3/6 5379/3/6 5400/3/6
f 5392/2/6 5393/2/6 5402/2/6
f 5402/2/6 5393/2/6 5403/2/6
f 5380/3/6 5381/3/6 5404/3/6
f 5394/3/6 5395/3/6 5406/3/6
f 5383/3/6 5394/3/6 5406/3/6
f 5406/3/6 5395/3/6 5407/3/6
f 5407/3/6 5395/3/6 5408/3/6
f 5400/3/6 5401/3/6 5410/3/6
f 5399/3/6 5400/3/6 5410/3/6
f 5410/3/6 5401/3/6 5411/3/6
f 5404/3/6 5405/3/6 5412/3/6
f 5408/3/6 5409/3/6 5414/3/6
f 5407/3/6 5408/3/6 5414/3/6
f 5414/3/6 5409/3/6 5415/3/6
f 5411/3/6 5401/3/6 5416/3/6
f 5416/3/6 5401/3/6 5417/3/6
f 5412/3/6 5413/3/6 5418/3/6
f 5404/3/6 5412/3/6 5418/3/6
f 5350/3/6 5368/3/6 5418/3/6
f 5368/3/6 5380/3/6 5418/3/6
f 5380/3/6 5404/3/6 5418/3/6
f 5418/3/6 5413/3/6 5419/3/6
f 5415/3/6 5409/3/6 5420/3/6
f 5420/3/6 5409/3/6 5421/3/6
f 5421/3/6 5409/3/6 5422/3/6
f 5422/3/6 5409/3/6 5423/3/6
f 5417/3/6 5401/3/6 5426/3/6
f 5426/3/6 5401/3/6 5427/3/6
f 5427/3/6 5401/3/6 5428/3/6
f 5421/3/6 5422/3/6 5430/3/6
f 5430/3/6 5422/3/6 5431/3/6
f 5431/3/6 5422/3/6 5432/3/6
f 5432/3/6 5422/3/6 5433/3/6
f 5424/3/6 5425/3/6 5434/3/6
f 5434/3/6 5425/3/6 5435/3/6
f 5435/3/6 5425/3/6 5436/3/6
f 5428/3/6 5429/3/6 5441/3/6
f 5427/3/6 5428/3/6 5441/3/6
f 5441/3/6 5429/3/6 5442/3/6
f 5419/3/6 5413/3/6 5443/3/6
f 5443/3/6 5413/3/6 5444/3/6
f 5444/3/6 5413/3/6 5445/3/6
f 5445/3/6 5413/3/6 5446/3/6
f 5431/3/6 5432/3/6 5447/3/6
f 5447/3/6 5432/3/6 5448/3/6
f 5436/3/6 5437/3/6 5449/3/6
f 5435/3/6 5436/3/6 5449/3/6
f 5449/3/6 5437/3/6 5450/3/6
f 5438/3/6 5439/3/6 5454/3/6
f 5439/4/6 5440/4/6 5455/4/6
f 5442/3/6 5429/3/6 5457/3/6
f 5457/3/6 5429/3/6 5458/3/6
f 5444/3/6 5445/3/6 5459/3/6
f 5459/3/6 5445/3/6 5460/3/6
f 5450/3/6 5437/3/6 5462/3/6
f 5462/3/6 5437/3/6 5463/3/6
f 5451/3/6 5452/3/6 5464/3/6
f 5453/3/6 5454/3/6 5468/3/6
f 5454/3/6 5439/3/6 5469/3/6
f 5468/3/6 5454/3/6 5469/3/6
f 5455/4/6 5456/4/6 5470/4/6
f 5469/3/6 5439/3/6 5470/3/6
f 5439/4/6 5455/4/6 5470/4/6
f 5460/3/6 5445/3/6 5471/3/6
f 5471/3/6 5445/3/6 5472/3/6
f 5462/3/6 5463/3/6 5473/3/6
f 5461/3/6 5462/3/6 5473/3/6
f 5463/3/6 5464/3/6 5473/3/6
f 5473/3/6 5464/3/6 5474/3/6
f 5474/3/6 5464/3/6 5475/3/6
f 5464/3/6 5452/3/6 5476/3/6
f 5475/3/6 5464/3/6 5476/3/6
f 5474/3/6 5475/3/6 5480/3/6
f 5480/3/6 5475/3/6 5481/3/6
f 5476/3/6 5477/3/6 5482/3/6
f 5482/3/6 5477/3/6 5483/3/6
f 5465/3/6 5466/3/6 5485/3/6
f 5485/3/6 5466/3/6 5486/3/6
f 5468/3/6 5469/3/6 5487/3/6
f 5467/3/6 5468/3/6 5487/3/6
f 5487/3/6 5469/3/6 5488/3/6
f 5469/4/6 5470/4/6 5489/4/6
f 5488/3/6 5469/3/6 5489/3/6
f 5470/4/6 5456/4/6 5490/4/6
f 5489/4/6 5470/4/6 5490/4/6
f 5490/4/6 5456/4/6 5491/4/6
f 5491/4/6 5456/4/6 5492/4/6
f 5478/3/6 5479/3/6 5494/3/6
f 5494/3/6 5479/3/6 5495/3/6
f 5495/3/6 5479/3/6 5496/3/6
f 5488/3/6 5489/3/6 5500/3/6
f 5500/3/6 5489/3/6 5501/3/6
f 5490/4/6 5491/4/6 5502/4/6
f 5502/4/6 5491/4/6 5503/4/6
f 5498/3/6 5499/3/6 5506/3/6
f 5504/3/6 5505/3/6 5509/3/6
f 5509/3/6 5505/3/6 5510/3/6
f 5493/3/6 5494/3/6 5512/3/6
f 5512/3/6 5494/3/6 5513/3/6
f 5496/3/6 5497/3/6 5514/3/6
f 5495/3/6 5496/3/6 5514/3/6
f 5514/3/6 5497/3/6 5515/3/6
f 5515/3/6 5497/3/6 5516/3/6
f 5506/3/6 5507/3/6 5517/3/6
f 5498/3/6 5506/3/6 5517/3/6
f 5517/3/6 5507/3/6 5518/3/6
f 5483/3/6 5484/3/6 5520/3/6
f 5514/3/6 5515/3/6 5521/3/6
f 5513/3/6 5514/3/6 5521/3/6
f 5521/3/6 5515/3/6 5522/3/6
f 5519/3/6 5520/3/6 5523/3/6
f 5520/3/6 5484/3/6 5524/3/6
f 5523/3/6 5520/3/6 5524/3/6
f 5510/3/6 5511/3/6 5525/3/6
f 5508/3/6 5509/3/6 5525/3/6
f 5509/3/6 5510/3/6 5525/3/6
f 5525/3/6 5511/3/6 5526/3/6
f 5526/3/6 5511/3/6 5527/3/6
f 5527/3/6 5511/3/6 5528/3/6
f 5526/3/6 5527/3/6 5531/3/6
f 5531/3/6 5527/3/6 5532/3/6
f 5529/3/6 5530/3/6 5533/3/6
f 5529/3/6 5533/3/6 5537/3/6
f 5533/3/6 5534/3/6 5537/3/6
f 5537/3/6 5534/3/6 5538/3/6
f 5524/3/6 5484/3/6 5540/3/6
f 5540/3/6 5484/3/6 5541/3/6
f 5535/3/6 5536/3/6 5546/3/6
f 5546/3/6 5536/3/6 5547/3/6
f 5539/2/6 5540/2/6 5548/2/6
f 5540/2/6 5541/2/6 5548/2/6
f 5548/2/6 5541/2/6 5549/2/6
f 5542/2/6 5543/2/6 5550/2/6
f 5550/2/6 5543/2/6 5551/2/6
f 5544/2/6 5545/2/6 5552/2/6
f 5552/2/6 5545/2/6 5553/2/6
f 5554/4/6 5555/4/6 5558/4/6
f 5554/4/6 5558/4/6 5561/4/6
f 5558/4/6 5559/4/6 5561/4/6
f 5561/4/6 5559/4/6 5562/4/6
f 5556/4/6 5557/4/6 5564/4/6
f 5564/4/6 5557/4/6 5565/4/6
f 5562/4/6 5563/4/6 5566/4/6
f 5560/4/6 5561/4/6 5566/4/6
f 5561/4/6 5562/4/6 5566/4/6
f 5566/4/6 5567/4/6 5568/4/6
f 5565/4/6 5557/4/6 5570/4/6
f 5570/4/6 5557/4/6 5571/4/6
f 5568/4/6 5569/4/6 5572/4/6
f 5560/4/6 5566/4/6 5572/4/6
f 5566/4/6 5568/4/6 5572/4/6
f 5572/4/6 5569/4/6 5573/4/6
f 5571/4/6 5557/4/6 5574/4/6
f 5574/4/6 5557/4/6 5575/4/6
f 5575/4/6 5557/4/6 5576/4/6
f 5576/4/6 5557/4/6 5577/4/6
f 5560/4/6 5572/4/6 5578/4/6
f 5573/4/6 5569/4/6 5580/4/6
f 5580/4/6 5569/4/6 5581/4/6
f 5575/4/6 5576/4/6 5582/4/6
f 5582/4/6 5576/4/6 5583/4/6
f 5583/4/6 5576/4/6 5584/4/6
f 5584/4/6 5576/4/6 5585/4/6
f 5585/4/6 5576/4/6 5586/4/6
f 5577/4/6 5557/4/6 5587/4/6
f 5587/4/6 5557/4/6 5588/4/6
f 5581/4/6 5569/4/6 5589/4/6
f 5589/4/6 5569/4/6 5590/4/6
f 5583/4/6 5584/4/6 5591/4/6
f 5591/4/6 5584/4/6 5592/4/6
f 5588/4/6 5557/4/6 5593/4/6
f 5593/4/6 5557/4/6 5594/4/6
f 5590/4/6 5569/4/6 5595/4/6
f 5595/4/6 5569/4/6 5596/4/6
f 5583/4/6 5591/4/6 5597/4/6
f 5597/4/6 5591/4/6 5598/4/6
f 5594/4/6 5557/4/6 5599/4/6
f 5599/4/6 5557/4/6 5600/4/6
f 5578/4/6 5579/4/6 5601/4/6
f 5596/4/6 5569/4/6 5603/4/6
f 5603/4/6 5569/4/6 5604/4/6
f 5598/4/6 5591/4/6 5605/4/6
f 5605/4/6 5591/4/6 5606/4/6
f 5600/4/6 5557/4/6 5607/4/6
f 5607/4/6 5557/4/6 5608/4/6
f 5560/4/6 5578/4/6 5609/4/6
f 5601/4/6 5602/4/6 5609/4/6
f 5578/4/6 5601/4/6 5609/4/6
f 5609/4/6 5602/4/6 5610/4/6
f 5610/4/6 5602/4/6 5611/4/6
f 5604/4/6 5569/4/6 5613/4/6
f 5613/4/6 5569/4/6 5614/4/6
f 5606/4/6 5591/4/6 5615/4/6
f 5615/4/6 5591/4/6 5616/4/6
f 5616/4/6 5591/4/6 5617/4/6
f 5611/4/6 5612/4/6 5619/4/6
f 5610/4/6 5611/4/6 5619/4/6
f 5614/4/6 5569/4/6 5621/4/6
f 5621/4/6 5569/4/6 5622/4/6
f 5617/4/6 5618/4/6 5623/4/6
f 5616/4/6 5617/4/6 5623/4/6
f 5608/4/6 5557/4/6 5625/4/6
f 5625/4/6 5557/4/6 5626/4/6
f 5619/4/6 5620/4/6 5627/4/6
f 5614/4/6 5621/4/6 5629/4/6
f 5629/4/6 5621/4/6 5630/4/6
f 5623/4/6 5624/4/6 5631/4/6
f 5616/4/6 5623/4/6 5631/4/6
f 5631/4/6 5624/4/6 5632/4/6
f 5632/4/6 5624/4/6 5633/4/6
f 5627/4/6 5628/4/6 5637/4/6
f 5633/4/6 5634/4/6 5639/4/6
f 5632/4/6 5633/4/6 5639/4/6
f 5635/4/6 5636/4/6 5642/4/6
f 5642/4/6 5636/4/6 5643/4/6
f 5626/4/6 5557/4/6 5645/4/6
f 5645/4/6 5557/4/6 5646/4/6
f 5646/4/6 5557/4/6 5647/4/6
f 5647/4/6 5557/4/6 5648/4/6
f 5630/4/6 5621/4/6 5649/4/6
f 5649/4/6 5621/4/6 5650/4/6
f 5639/4/6 5640/4/6 5651/4/6
f 5632/4/6 5639/4/6 5651/4/6
f 5651/4/6 5640/4/6 5652/4/6
f 5652/4/6 5640/4/6 5653/4/6
f 5643/4/6 5644/4/6 5654/4/6
f 5641/4/6 5642/4/6 5654/4/6
f 5642/4/6 5643/4/6 5654/4/6
f 5654/4/6 5644/4/6 5655/4/6
f 5646/4/6 5647/4/6 5657/4/6
f 5630/4/6 5649/4/6 5659/4/6
f 5659/4/6 5649/4/6 5660/4/6
f 5652/4/6 5653/4/6 5663/4/6
f 5654/4/6 5655/4/6 5663/4/6
f 5655/4/6 5656/4/6 5663/4/6
f 5653/4/6 5654/4/6 5663/4/6
f 5663/4/6 5656/4/6 5664/4/6
f 5637/4/6 5638/4/6 5665/4/6
f 5660/4/6 5649/4/6 5667/4/6
f 5661/4/6 5662/4/6 5668/4/6
f 5668/4/6 5662/4/6 5669/4/6
f 5669/4/6 5662/4/6 5670/4/6
f 5664/4/6 5656/4/6 5672/4/6
f 5672/4/6 5656/4/6 5673/4/6
f 5673/4/6 5656/4/6 5674/4/6
f 5657/4/6 5658/4/6 5675/4/6
f 5646/4/6 5657/4/6 5675/4/6
f 5660/4/6 5667/4/6 5676/4/6
f 5667/4/6 5668/4/6 5676/4/6
f 5676/4/6 5668/4/6 5677/4/6
f 5677/4/6 5668/4/6 5678/4/6
f 5678/4/6 5668/4/6 5679/4/6
f 5670/4/6 5671/4/6 5680/4/6
f 5669/4/6 5670/4/6 5680/4/6
f 5680/4/6 5671/4/6 5681/4/6
f 5674/4/6 5675/4/6 5682/4/6
f 5673/4/6 5674/4/6 5682/4/6
f 5682/4/6 5675/4/6 5683/4/6
f 5675/4/6 5658/4/6 5684/4/6
f 5683/4/6 5675/4/6 5684/4/6
f 5684/4/6 5658/4/6 5685/4/6
f 5677/4/6 5678/4/6 5686/4/6
f 5681/4/6 5671/4/6 5688/4/6
f 5688/4/6 5671/4/6 5689/4/6
f 5683/4/6 5684/4/6 5690/4/6
f 5690/4/6 5684/4/6 5691/4/6
f 5685/4/6 5658/4/6 5692/4/6
f 5692/4/6 5658/4/6 5693/4/6
f 5686/4/6 5687/4/6 5695/4/6
f 5677/4/6 5686/4/6 5695/4/6
f 5695/4/6 5687/4/6 5696/4/6
f 5689/4/6 5671/4/6 5698/4/6
f 5698/4/6 5671/4/6 5699/4/6
f 5691/4/6 5684/4/6 5700/4/6
f 5685/4/6 5692/4/6 5701/4/6
f 5693/4/6 5658/4/6 5702/4/6
f 5702/4/6 5658/4/6 5703/4/6
f 5696/4/6 5697/4/6 5704/4/6
f 5694/4/6 5695/4/6 5704/4/6
f 5695/4/6 5696/4/6 5704/4/6
f 5691/4/6 5700/4/6 5707/4/6
f 5700/4/6 5701/4/6 5707/4/6
f 5610/4/6 5619/4/6 5709/4/6
f 5619/4/6 5627/4/6 5709/4/6
f 5627/4/6 5637/4/6 5709/4/6
f 5665/4/6 5666/4/6 5709/4/6
f 5637/4/6 5665/4/6 5709/4/6
f 5709/4/6 5666/4/6 5710/4/6
f 5710/4/6 5666/4/6 5711/4/6
f 5704/4/6 5705/4/6 5712/4/6
f 5699/4/6 5671/4/6 5714/4/6
f 5714/4/6 5671/4/6 5715/4/6
f 5706/4/6 5707/4/6 5718/4/6
f 5707/4/6 5701/4/6 5719/4/6
f 5701/4/6 5692/4/6 5719/4/6
f 5718/4/6 5707/4/6 5719/4/6
f 5719/4/6 5692/4/6 5720/4/6
f 5712/4/6 5713/4/6 5721/4/6
f 5715/4/6 5716/4/6 5723/4/6
f 5723/4/6 5716/4/6 5724/4/6
f 5718/4/6 5719/4/6 5725/4/6
f 5717/4/6 5718/4/6 5725/4/6
f 5725/4/6 5719/4/6 5726/4/6
f 5721/4/6 5722/4/6 5727/4/6
f 5726/4/6 5719/4/6 5731/4/6
f 5731/4/6 5719/4/6 5732/4/6
f 5708/4/6 5709/4/6 5733/4/6
f 5709/4/6 5710/4/6 5733/4/6
f 5733/4/6 5710/4/6 5734/4/6
f 5694/4/6 5704/4/6 5736/4/6
f 5704/4/6 5712/4/6 5736/4/6
f 5712/4/6 5721/4/6 5736/4/6
f 5727/4/6 5728/4/6 5736/4/6
f 5721/4/6 5727/4/6 5736/4/6
f 5729/4/6 5730/4/6 5737/4/6
f 5737/4/6 5730/4/6 5738/4/6
f 5732/4/6 5719/4/6 5739/4/6
f 5739/4/6 5719/4/6 5740/4/6
f 5720/4/6 5692/4/6 5741/4/6
f 5741/4/6 5692/4/6 5742/4/6
f 5735/4/6 5736/4/6 5743/4/6
f 5736/4/6 5728/4/6 5743/4/6
f 5740/4/6 5719/4/6 5745/4/6
f 5720/4/6 5741/4/6 5746/4/6
f 5746/4/6 5741/4/6 5747/4/6
f 5742/4/6 5692/4/6 5749/4/6
f 5749/4/6 5692/4/6 5750/4/6
f 5693/4/6 5702/4/6 5751/4/6
f 5708/4/6 5733/4/6 5753/4/6
f 5753/4/6 5733/4/6 5754/4/6
f 5747/4/6 5748/4/6 5757/4/6
f 5740/4/6 5745/4/6 5757/4/6
f 5745/4/6 5746/4/6 5757/4/6
f 5746/4/6 5747/4/6 5757/4/6
f 5757/4/6 5748/4/6 5758/4/6
f 5758/4/6 5748/4/6 5759/4/6
f 5759/4/6 5748/4/6 5760/4/6
f 5760/4/6 5748/4/6 5761/4/6
f 5750/4/6 5692/4/6 5763/4/6
f 5763/4/6 5692/4/6 5764/4/6
f 5764/4/6 5692/4/6 5765/4/6
f 5708/4/6 5753/4/6 5767/4/6
f 5767/4/6 5753/4/6 5768/4/6
f 5743/4/6 5744/4/6 5770/4/6
f 5735/4/6 5743/4/6 5770/4/6
f 5770/4/6 5744/4/6 5771/4/6
f 5755/5/6 5756/5/6 5773/5/6
f 5773/5/6 5756/5/6 5774/5/6
f 5758/4/6 5759/4/6 5775/4/6
f 5775/4/6 5759/4/6 5776/4/6
f 5708/4/6 5767/4/6 5777/4/6
f 5771/4/6 5772/4/6 5780/4/6
f 5769/4/6 5770/4/6 5780/4/6
f 5770/4/6 5771/4/6 5780/4/6
f 5765/4/6 5766/4/6 5781/4/6
f 5764/4/6 5765/4/6 5781/4/6
f 5751/4/6 5752/4/6 5782/4/6
f 5693/4/6 5751/4/6 5782/4/6
f 5777/4/6 5778/4/6 5783/4/6
f 5779/4/6 5780/4/6 5784/4/6
f 5776/4/6 5759/4/6 5785/4/6
f 5785/4/6 5759/4/6 5786/4/6
f 5786/4/6 5759/4/6 5787/4/6
f 5787/4/6 5759/4/6 5788/4/6
f 5761/4/6 5762/4/6 5789/4/6
f 5760/4/6 5761/4/6 5789/4/6
f 5789/4/6 5762/4/6 5790/4/6
f 5781/4/6 5782/4/6 5791/4/6
f 5764/4/6 5781/4/6 5791/4/6
f 5791/4/6 5782/4/6 5792/4/6
f 5782/4/6 5752/4/6 5793/4/6
f 5792/4/6 5782/4/6 5793/4/6
f 5793/4/6 5752/4/6 5794/4/6
f 5786/4/6 5787/4/6 5795/4/6
f 5795/4/6 5787/4/6 5796/4/6
f 5760/4/6 5789/4/6 5797/4/6
f 5792/4/6 5793/4/6 5799/4/6
f 5799/4/6 5793/4/6 5800/4/6
f 5783/4/6 5784/4/6 5801/4/6
f 5780/4/6 5772/4/6 5801/4/6
f 5784/4/6 5780/4/6 5801/4/6
f 5801/4/6 5772/4/6 5802/4/6
f 5802/4/6 5772/4/6 5803/4/6
f 5797/4/6 5798/4/6 5807/4/6
f 5792/4/6 5799/4/6 5809/4/6
f 5809/4/6 5799/4/6 5810/4/6
f 5802/4/6 5803/4/6 5811/4/6
f 5803/4/6 5804/4/6 5811/4/6
f 5811/4/6 5804/4/6 5812/4/6
f 5812/4/6 5804/4/6 5813/4/6
f 5813/4/6 5814/4/6 5819/4/6
f 5812/4/6 5813/4/6 5819/4/6
f 5819/4/6 5814/4/6 5820/4/6
f 5805/4/6 5806/4/6 5821/4/6
f 5821/4/6 5806/4/6 5822/4/6
f 5815/4/6 5816/4/6 5824/4/6
f 5824/4/6 5816/4/6 5825/4/6
f 5792/4/6 5809/4/6 5827/4/6
f 5817/4/6 5818/4/6 5828/4/6
f 5807/4/6 5808/4/6 5829/4/6
f 5760/4/6 5797/4/6 5829/4/6
f 5797/4/6 5807/4/6 5829/4/6
f 5829/4/6 5808/4/6 5830/4/6
f 5827/4/6 5828/4/6 5831/4/6
f 5792/4/6 5827/4/6 5831/4/6
f 5831/4/6 5828/4/6 5832/4/6
f 5783/4/6 5801/4/6 5833/4/6
f 5824/4/6 5825/4/6 5835/4/6
f 5825/4/6 5826/4/6 5835/4/6
f 5823/4/6 5824/4/6 5835/4/6
f 5835/4/6 5826/4/6 5836/4/6
f 5833/4/6 5834/4/6 5837/4/6
f 5783/4/6 5833/4/6 5837/4/6
f 5837/4/6 5834/4/6 5838/4/6
f 5823/4/6 5835/4/6 5840/4/6
f 5840/4/6 5835/4/6 5841/4/6
f 5830/4/6 5808/4/6 5844/4/6
f 5844/4/6 5808/4/6 5845/4/6
f 5845/4/6 5808/4/6 5846/4/6
f 5846/4/6 5808/4/6 5847/4/6
f 5792/4/6 5831/4/6 5848/4/6
f 5777/4/6 5783/4/6 5849/4/6
f 5708/4/6 5777/4/6 5849/4/6
f 5783/4/6 5837/4/6 5849/4/6
f 5849/4/6 5837/4/6 5850/4/6
f 5850/4/6 5837/4/6 5851/4/6
f 5838/4/6 5834/4/6 5853/4/6
f 5853/4/6 5834/4/6 5854/4/6
f 5839/4/6 5840/4/6 5856/4/6
f 5856/4/6 5840/4/6 5857/4/6
f 5842/4/6 5843/4/6 5860/4/6
f 5860/4/6 5843/4/6 5861/4/6
f 5845/4/6 5846/4/6 5863/4/6
f 5863/4/6 5846/4/6 5864/4/6
f 5848/4/6 5831/4/6 5865/4/6
f 5865/4/6 5831/4/6 5866/4/6
f 5838/4/6 5853/4/6 5867/4/6
f 5867/4/6 5853/4/6 5868/4/6
f 5857/4/6 5858/4/6 5870/4/6
f 5855/4/6 5856/4/6 5870/4/6
f 5856/4/6 5857/4/6 5870/4/6
f 5870/4/6 5858/4/6 5871/4/6
f 5861/4/6 5862/4/6 5872/4/6
f 5860/4/6 5861/4/6 5872/4/6
f 5859/4/6 5860/4/6 5872/4/6
f 5872/4/6 5862/4/6 5873/4/6
f 5866/4/6 5831/4/6 5876/4/6
f 5876/4/6 5831/4/6 5877/4/6
f 5877/4/6 5831/4/6 5878/4/6
f 5838/4/6 5867/4/6 5879/4/6
f 5879/4/6 5867/4/6 5880/4/6
f 5873/4/6 5874/4/6 5881/4/6
f 5870/4/6 5871/4/6 5881/4/6
f 5869/4/6 5870/4/6 5881/4/6
f 5871/4/6 5872/4/6 5881/4/6
f 5872/4/6 5873/4/6 5881/4/6
f 5881/4/6 5874/4/6 5882/4/6
f 5882/4/6 5874/4/6 5883/4/6
f 5883/4/6 5874/4/6 5884/4/6
f 5884/4/6 5874/4/6 5885/4/6
f 5885/4/6 5874/4/6 5886/4/6
f 5875/4/6 5876/4/6 5888/4/6
f 5876/4/6 5877/4/6 5888/4/6
f 5888/4/6 5877/4/6 5889/4/6
f 5889/4/6 5877/4/6 5890/4/6
f 5851/4/6 5852/4/6 5891/4/6
f 5850/4/6 5851/4/6 5891/4/6
f 5838/4/6 5879/4/6 5892/4/6
f 5869/4/6 5881/4/6 5893/4/6
f 5893/4/6 5881/4/6 5894/4/6
f 5894/4/6 5881/4/6 5895/4/6
f 5895/4/6 5881/4/6 5896/4/6
f 5882/4/6 5883/4/6 5897/4/6
f 5897/4/6 5883/4/6 5898/4/6
f 5884/4/6 5885/4/6 5899/4/6
f 5899/4/6 5885/4/6 5900/4/6
f 5900/4/6 5885/4/6 5901/4/6
f 5886/4/6 5874/4/6 5902/4/6
f 5902/4/6 5874/4/6 5903/4/6
f 5888/4/6 5889/4/6 5904/4/6
f 5887/4/6 5888/4/6 5904/4/6
f 5904/4/6 5889/4/6 5905/4/6
f 5850/4/6 5891/4/6 5907/4/6
f 5891/4/6 5892/4/6 5907/4/6
f 5892/4/6 5879/4/6 5908/4/6
f 5907/4/6 5892/4/6 5908/4/6
f 5908/4/6 5879/4/6 5909/4/6
f 5869/4/6 5893/4/6 5910/4/6
f 5894/4/6 5895/4/6 5911/4/6
f 5911/4/6 5895/4/6 5912/4/6
f 5912/4/6 5895/4/6 5913/4/6
f 5901/4/6 5902/4/6 5914/4/6
f 5900/4/6 5901/4/6 5914/4/6
f 5914/4/6 5902/4/6 5915/4/6
f 5906/4/6 5907/4/6 5916/4/6
f 5907/4/6 5908/4/6 5916/4/6
f 5916/4/6 5908/4/6 5917/4/6
f 5917/4/6 5908/4/6 5918/4/6
f 5915/4/6 5902/4/6 5919/4/6
f 5919/4/6 5902/4/6 5920/4/6
f 5832/4/6 5828/4/6 5922/4/6
f 5916/4/6 5917/4/6 5923/4/6
f 5923/4/6 5917/4/6 5924/4/6
f 5924/4/6 5917/4/6 5925/4/6
f 5925/4/6 5917/4/6 5926/4/6
f 5911/4/6 5912/4/6 5928/4/6
f 5869/4/6 5910/4/6 5928/4/6
f 5910/4/6 5911/4/6 5928/4/6
f 5928/4/6 5912/4/6 5929/4/6
f 5929/4/6 5912/4/6 5930/4/6
f 5887/4/6 5904/4/6 5931/4/6
f 5931/4/6 5904/4/6 5932/4/6
f 5905/4/6 5889/4/6 5933/4/6
f 5924/4/6 5925/4/6 5935/4/6
f 5935/4/6 5925/4/6 5936/4/6
f 5926/4/6 5917/4/6 5937/4/6
f 5937/4/6 5917/4/6 5938/4/6
f 5938/4/6 5917/4/6 5939/4/6
f 5939/4/6 5917/4/6 5940/4/6
f 5928/4/6 5929/4/6 5942/4/6
f 5927/4/6 5928/4/6 5942/4/6
f 5942/4/6 5929/4/6 5943/4/6
f 5943/4/6 5929/4/6 5944/4/6
f 5930/4/6 5912/4/6 5945/4/6
f 5945/4/6 5912/4/6 5946/4/6
f 5933/4/6 5934/4/6 5951/4/6
f 5905/4/6 5933/4/6 5951/4/6
f 5951/4/6 5934/4/6 5952/4/6
f 5921/4/6 5922/4/6 5953/4/6
f 5936/4/6 5925/4/6 5954/4/6
f 5954/4/6 5925/4/6 5955/4/6
f 5938/4/6 5939/4/6 5956/4/6
f 5956/4/6 5939/4/6 5957/4/6
f 5941/4/6 5942/4/6 5958/4/6
f 5942/4/6 5943/4/6 5958/4/6
f 5958/4/6 5943/4/6 5959/4/6
f 5947/4/6 5948/4/6 5960/4/6
f 5960/4/6 5948/4/6 5961/4/6
f 5961/4/6 5948/4/6 5962/4/6
f 5951/4/6 5952/4/6 5964/4/6
f 5949/4/6 5950/4/6 5964/4/6
f 5952/4/6 5953/4/6 5964/4/6
f 5950/4/6 5951/4/6 5964/4/6
f 5964/4/6 5953/4/6 5965/4/6
f 5941/4/6 5958/4/6 5967/4/6
f 5967/4/6 5958/4/6 5968/4/6
f 5968/4/6 5958/4/6 5969/4/6
f 5962/4/6 5963/4/6 5970/4/6
f 5961/4/6 5962/4/6 5970/4/6
f 5970/4/6 5963/4/6 5971/4/6
f 5971/4/6 5963/4/6 5972/4/6
f 5949/4/6 5964/4/6 5973/4/6
f 5965/4/6 5953/4/6 5974/4/6
f 5974/4/6 5953/4/6 5975/4/6
f 5922/4/6 5828/4/6 5976/4/6
f 5975/4/6 5953/4/6 5976/4/6
f 5953/4/6 5922/4/6 5976/4/6
f 5828/4/6 5818/4/6 5977/4/6
f 5976/4/6 5828/4/6 5977/4/6
f 5967/4/6 5968/4/6 5979/4/6
f 5966/4/6 5967/4/6 5979/4/6
f 5972/4/6 5973/4/6 5980/4/6
f 5971/4/6 5972/4/6 5980/4/6
f 5980/4/6 5973/4/6 5981/4/6
f 5973/4/6 5964/4/6 5982/4/6
f 5981/4/6 5973/4/6 5982/4/6
f 5977/4/6 5818/4/6 5983/4/6
f 5983/4/6 5818/4/6 5984/4/6
f 5978/4/6 5979/4/6 5986/4/6
f 5982/4/6 5964/4/6 5987/4/6
f 5987/4/6 5964/4/6 5988/4/6
f 5975/4/6 5976/4/6 5989/4/6
f 5989/4/6 5976/4/6 5990/4/6
f 5955/4/6 5925/4/6 5991/4/6
f 5991/4/6 5925/4/6 5992/4/6
f 5985/4/6 5986/4/6 5994/4/6
f 5979/4/6 5968/4/6 5995/4/6
f 5986/4/6 5979/4/6 5995/4/6
f 5994/4/6 5986/4/6 5995/4/6
f 5988/4/6 5964/4/6 5998/4/6
f 5990/4/6 5976/4/6 5999/4/6
f 5999/4/6 5976/4/6 6000/4/6
f 5995/4/6 5996/4/6 6001/4/6
f 5993/4/6 5994/4/6 6001/4/6
f 5994/4/6 5995/4/6 6001/4/6
f 6001/4/6 5996/4/6 6002/4/6
f 6002/4/6 5996/4/6 6003/4/6
f 5997/4/6 5998/4/6 6007/4/6
f 5998/4/6 5964/4/6 6008/4/6
f 6007/4/6 5998/4/6 6008/4/6
f 6008/4/6 5964/4/6 6009/4/6
f 6000/4/6 5976/4/6 6010/4/6
f 6010/4/6 5976/4/6 6011/4/6
f 5955/4/6 5991/4/6 6012/4/6
f 6012/4/6 5991/4/6 6013/4/6
f 5938/4/6 5956/4/6 6014/4/6
f 6002/4/6 6003/4/6 6016/4/6
f 6003/4/6 6004/4/6 6016/4/6
f 6016/4/6 6004/4/6 6017/4/6
f 6005/4/6 6006/4/6 6019/4/6
f 6007/4/6 6008/4/6 6020/4/6
f 6000/4/6 6010/4/6 6022/4/6
f 5984/4/6 5818/4/6 6025/4/6
f 6013/4/6 5991/4/6 6026/4/6
f 6026/4/6 5991/4/6 6027/4/6
f 6014/4/6 6015/4/6 6028/4/6
f 5938/4/6 6014/4/6 6028/4/6
f 6028/4/6 6015/4/6 6029/4/6
f 6017/4/6 6004/4/6 6030/4/6
f 6030/4/6 6004/4/6 6031/4/6
f 6018/4/6 6019/4/6 6032/4/6
f 6019/4/6 6006/4/6 6032/4/6
f 6032/4/6 6006/4/6 6033/4/6
f 6022/4/6 6023/4/6 6034/4/6
f 6000/4/6 6022/4/6 6034/4/6
f 6034/4/6 6023/4/6 6035/4/6
f 6011/4/6 5976/4/6 6036/4/6
f 6036/4/6 5976/4/6 6037/4/6
f 6024/4/6 6025/4/6 6039/4/6
f 5938/4/6 6028/4/6 6042/4/6
f 6031/4/6 6004/4/6 6044/4/6
f 6044/4/6 6004/4/6 6045/4/6
f 6018/4/6 6032/4/6 6046/4/6
f 6046/4/6 6032/4/6 6047/4/6
f 6037/4/6 5976/4/6 6048/4/6
f 6038/4/6 6039/4/6 6049/4/6
f 6040/4/6 6041/4/6 6050/4/6
f 6027/4/6 5991/4/6 6052/4/6
f 6052/4/6 5991/4/6 6053/4/6
f 6042/4/6 6043/4/6 6054/4/6
f 5938/4/6 6042/4/6 6054/4/6
f 6054/4/6 6043/4/6 6055/4/6
f 6055/4/6 6043/4/6 6056/4/6
f 6045/4/6 6004/4/6 6058/4/6
f 6058/4/6 6004/4/6 6059/4/6
f 6059/4/6 6004/4/6 6060/4/6
f 6060/4/6 6061/4/6 6064/4/6
f 6059/4/6 6060/4/6 6064/4/6
f 6064/4/6 6061/4/6 6065/4/6
f 6062/4/6 6063/4/6 6067/4/6
f 6067/4/6 6063/4/6 6068/4/6
f 6068/4/6 6063/4/6 6069/4/6
f 6020/4/6 6021/4/6 6070/4/6
f 6007/4/6 6020/4/6 6070/4/6
f 6070/4/6 6021/4/6 6071/4/6
f 6056/4/6 6057/4/6 6072/4/6
f 6055/4/6 6056/4/6 6072/4/6
f 6067/4/6 6068/4/6 6075/4/6
f 6066/4/6 6067/4/6 6075/4/6
f 6075/4/6 6068/4/6 6076/4/6
f 6076/4/6 6068/4/6 6077/4/6
f 6007/4/6 6070/4/6 6078/4/6
f 6078/4/6 6070/4/6 6079/4/6
f 6000/4/6 6034/4/6 6081/4/6
f 6053/4/6 5991/4/6 6083/4/6
f 6072/4/6 6073/4/6 6084/4/6
f 6065/4/6 6061/4/6 6086/4/6
f 6086/4/6 6061/4/6 6087/4/6
f 6087/4/6 6061/4/6 6088/4/6
f 6074/4/6 6075/4/6 6091/4/6
f 6075/4/6 6076/4/6 6091/4/6
f 6091/4/6 6076/4/6 6092/4/6
f 6092/4/6 6076/4/6 6093/4/6
f 6080/4/6 6081/4/6 6094/4/6
f 6081/4/6 6034/4/6 6094/4/6
f 6094/4/6 6034/4/6 6095/4/6
f 6037/4/6 6048/4/6 6096/4/6
f 6048/4/6 6049/4/6 6096/4/6
f 6096/4/6 6049/4/6 6097/4/6
f 6082/4/6 6083/4/6 6099/4/6
f 6084/4/6 6085/4/6 6100/4/6
f 6055/4/6 6072/4/6 6100/4/6
f 6072/4/6 6084/4/6 6100/4/6
f 6100/4/6 6085/4/6 6101/4/6
f 6101/4/6 6085/4/6 6102/4/6
f 6088/4/6 6089/4/6 6104/4/6
f 6087/4/6 6088/4/6 6104/4/6
f 6091/4/6 6092/4/6 6107/4/6
f 6090/4/6 6091/4/6 6107/4/6
f 6107/4/6 6092/4/6 6108/4/6
f 6097/4/6 6049/4/6 6110/4/6
f 6110/4/6 6049/4/6 6111/4/6
f 6050/4/6 6051/4/6 6112/4/6
f 6040/4/6 6050/4/6 6112/4/6
f 6112/4/6 6051/4/6 6113/4/6
f 6102/4/6 6103/4/6 6114/4/6
f 6101/4/6 6102/4/6 6114/4/6
f 6104/4/6 6105/4/6 6116/4/6
f 6108/4/6 6109/4/6 6119/4/6
f 6107/4/6 6108/4/6 6119/4/6
f 6106/4/6 6107/4/6 6119/4/6
f 6119/4/6 6109/4/6 6120/4/6
f 6040/4/6 6112/4/6 6122/4/6
f 6122/4/6 6112/4/6 6123/4/6
f 6098/4/6 6099/4/6 6125/4/6
f 6114/4/6 6115/4/6 6126/4/6
f 6101/4/6 6114/4/6 6126/4/6
f 6126/4/6 6115/4/6 6127/4/6
f 6116/4/6 6117/4/6 6128/4/6
f 6087/4/6 6104/4/6 6128/4/6
f 6104/4/6 6116/4/6 6128/4/6
f 6128/4/6 6117/4/6 6129/4/6
f 6120/4/6 6121/4/6 6131/4/6
f 6119/4/6 6120/4/6 6131/4/6
f 6118/4/6 6119/4/6 6131/4/6
f 6131/4/6 6121/4/6 6132/4/6
f 6132/4/6 6121/4/6 6133/4/6
f 6133/4/6 6121/4/6 6134/4/6
f 6080/4/6 6094/4/6 6136/4/6
f 6136/4/6 6094/4/6 6137/4/6
f 6040/4/6 6122/4/6 6138/4/6
f 6138/4/6 6122/4/6 6139/4/6
f 6124/4/6 6125/4/6 6140/4/6
f 6099/4/6 6083/4/6 6140/4/6
f 6083/4/6 5991/4/6 6140/4/6
f 6125/4/6 6099/4/6 6140/4/6
f 6140/4/6 5991/4/6 6141/4/6
f 6129/4/6 6117/4/6 6142/4/6
f 6130/4/6 6131/4/6 6143/4/6
f 6131/4/6 6132/4/6 6143/4/6
f 6143/4/6 6132/4/6 6144/4/6
f 6134/4/6 6135/4/6 6145/4/6
f 6133/4/6 6134/4/6 6145/4/6
f 6145/4/6 6135/4/6 6146/4/6
f 6146/4/6 6135/4/6 6147/4/6
f 6147/4/6 6135/4/6 6148/4/6
f 6148/4/6 6135/4/6 6149/4/6
f 6141/4/6 5991/4/6 6150/4/6
f 6150/4/6 5991/4/6 6151/4/6
f 6151/4/6 5991/4/6 6152/4/6
f 6143/4/6 6144/4/6 6154/4/6
f 6142/4/6 6143/4/6 6154/4/6
f 6129/4/6 6142/4/6 6154/4/6
f 6145/4/6 6146/4/6 6154/4/6
f 6144/4/6 6145/4/6 6154/4/6
f 6154/4/6 6146/4/6 6155/4/6
f 6147/4/6 6148/4/6 6156/4/6
f 6156/4/6 6148/4/6 6157/4/6
f 6152/4/6 6153/4/6 6158/4/6
f 6151/4/6 6152/4/6 6158/4/6
f 6158/4/6 6153/4/6 6159/4/6
f 6159/4/6 6153/4/6 6160/4/6
f 6111/4/6 6049/4/6 6162/4/6
f 6162/4/6 6049/4/6 6163/4/6
f 6124/4/6 6140/4/6 6165/4/6
f 6165/4/6 6140/4/6 6166/4/6
f 6160/4/6 6161/4/6 6168/4/6
f 6159/4/6 6160/4/6 6168/4/6
f 6168/4/6 6161/4/6 6169/4/6
f 6169/4/6 6161/4/6 6170/4/6
f 6163/4/6 6049/4/6 6172/4/6
f 6039/4/6 6025/4/6 6173/4/6
f 6172/4/6 6049/4/6 6173/4/6
f 6025/4/6 5818/4/6 6173/4/6
f 6049/4/6 6039/4/6 6173/4/6
f 6166/4/6 6167/4/6 6174/4/6
f 6165/4/6 6166/4/6 6174/4/6
f 6164/4/6 6165/4/6 6174/4/6
f 6174/4/6 6167/4/6 6175/4/6
f 6175/4/6 6167/4/6 6176/4/6
f 6164/4/6 6174/4/6 6181/4/6
f 6181/4/6 6174/4/6 6182/4/6
f 6176/4/6 6177/4/6 6183/4/6
f 6175/4/6 6176/4/6 6183/4/6
f 6183/4/6 6177/4/6 6184/4/6
f 6170/4/6 6171/4/6 6185/4/6
f 6169/4/6 6170/4/6 6185/4/6
f 6185/4/6 6171/4/6 6186/4/6
f 6180/4/6 6181/4/6 6188/4/6
f 6187/4/6 6188/4/6 6190/4/6
f 6184/4/6 6177/4/6 6191/4/6
f 6191/4/6 6177/4/6 6192/4/6
f 6192/4/6 6177/4/6 6195/4/6
f 6178/4/6 6179/4/6 6197/4/6
f 6197/4/6 6179/4/6 6198/4/6
f 6193/4/6 6194/4/6 6199/4/6
f 6195/4/6 6196/4/6 6203/4/6
f 6199/4/6 6200/4/6 6205/4/6
f 6193/4/6 6199/4/6 6205/4/6
f 6205/4/6 6200/4/6 6206/4/6
f 6206/4/6 6200/4/6 6207/4/6
f 6201/4/6 6202/4/6 6208/4/6
f 6208/4/6 6202/4/6 6209/4/6
f 6189/4/6 6190/4/6 6211/4/6
f 6188/4/6 6181/4/6 6211/4/6
f 6190/4/6 6188/4/6 6211/4/6
f 6193/4/6 6205/4/6 6213/4/6
f 6213/4/6 6205/4/6 6214/4/6
f 6209/4/6 6210/4/6 6215/4/6
f 6206/4/6 6207/4/6 6215/4/6
f 6208/4/6 6209/4/6 6215/4/6
f 6207/4/6 6208/4/6 6215/4/6
f 6215/4/6 6210/4/6 6216/4/6
f 6193/4/6 6213/4/6 6217/4/6
f 6216/4/6 6210/4/6 6219/4/6
f 6219/4/6 6210/4/6 6220/4/6
f 6211/4/6 6212/4/6 6221/4/6
f 6203/4/6 6204/4/6 6224/4/6
f 6192/4/6 6195/4/6 6224/4/6
f 6195/4/6 6203/4/6 6224/4/6
f 6217/4/6 6218/4/6 6225/4/6
f 6220/4/6 6210/4/6 6227/4/6
f 6227/4/6 6210/4/6 6228/4/6
f 6221/4/6 6222/4/6 6229/4/6
f 6223/4/6 6224/4/6 6230/4/6
f 6169/4/6 6185/4/6 6231/4/6
f 6225/4/6 6226/4/6 6233/4/6
f 6228/4/6 6210/4/6 6235/4/6
f 6235/4/6 6210/4/6 6236/4/6
f 6236/4/6 6210/4/6 6237/4/6
f 6231/4/6 6232/4/6 6241/4/6
f 6233/4/6 6234/4/6 6243/4/6
f 6237/4/6 6238/4/6 6245/4/6
f 6236/4/6 6237/4/6 6245/4/6
f 6239/4/6 6240/4/6 6246/4/6
f 6246/4/6 6240/4/6 6247/4/6
f 6229/4/6 6230/4/6 6249/4/6
f 6224/4/6 6204/4/6 6249/4/6
f 6230/4/6 6224/4/6 6249/4/6
f 6249/4/6 6204/4/6 6250/4/6
f 6241/4/6 6242/4/6 6251/4/6
f 6178/4/6 6197/4/6 6252/4/6
f 6252/4/6 6197/4/6 6253/4/6
f 6243/4/6 6244/4/6 6254/4/6
f 6247/4/6 6248/4/6 6256/4/6
f 6236/4/6 6245/4/6 6256/4/6
f 6246/4/6 6247/4/6 6256/4/6
f 6245/4/6 6246/4/6 6256/4/6
f 6256/4/6 6248/4/6 6257/4/6
f 6257/4/6 6248/4/6 6258/4/6
f 6258/4/6 6248/4/6 6259/4/6
f 6259/4/6 6248/4/6 6260/4/6
f 6229/4/6 6249/4/6 6262/4/6
f 6262/4/6 6249/4/6 6263/4/6
f 6263/4/6 6249/4/6 6264/4/6
f 6264/4/6 6249/4/6 6265/4/6
f 6251/4/6 6252/4/6 6266/4/6
f 6254/4/6 6255/4/6 6269/4/6
f 6243/4/6 6254/4/6 6269/4/6
f 6193/4/6 6217/4/6 6269/4/6
f 6217/4/6 6225/4/6 6269/4/6
f 6225/4/6 6233/4/6 6269/4/6
f 6233/4/6 6243/4/6 6269/4/6
f 6257/4/6 6258/4/6 6270/4/6
f 6260/4/6 6261/4/6 6271/4/6
f 6259/4/6 6260/4/6 6271/4/6
f 6271/4/6 6261/4/6 6272/4/6
f 6272/4/6 6261/4/6 6273/4/6
f 6266/4/6 6267/4/6 6275/4/6
f 6268/4/6 6269/4/6 6278/4/6
f 6269/4/6 6255/4/6 6279/4/6
f 6278/4/6 6269/4/6 6279/4/6
f 6257/4/6 6270/4/6 6281/4/6
f 6270/4/6 6271/4/6 6281/4/6
f 6281/4/6 6271/4/6 6282/4/6
f 6282/4/6 6271/4/6 6283/4/6
f 6273/4/6 6274/4/6 6285/4/6
f 6272/4/6 6273/4/6 6285/4/6
f 6285/4/6 6274/4/6 6286/4/6
f 6286/4/6 6274/4/6 6287/4/6
f 6263/4/6 6264/4/6 6289/4/6
f 6289/4/6 6264/4/6 6290/4/6
f 6290/4/6 6264/4/6 6291/4/6
f 6241/4/6 6251/4/6 6293/4/6
f 6251/4/6 6266/4/6 6293/4/6
f 6169/4/6 6231/4/6 6293/4/6
f 6231/4/6 6241/4/6 6293/4/6
f 6275/4/6 6276/4/6 6293/4/6
f 6266/4/6 6275/4/6 6293/4/6
f 6293/4/6 6276/4/6 6294/4/6
f 6294/4/6 6276/4/6 6295/4/6
f 6287/4/6 6288/4/6 6297/4/6
f 6286/4/6 6287/4/6 6297/4/6
f 6297/4/6 6288/4/6 6298/4/6
f 6298/4/6 6288/4/6 6299/4/6
f 6221/4/6 6229/4/6 6301/4/6
f 6189/4/6 6211/4/6 6301/4/6
f 6211/4/6 6221/4/6 6301/4/6
f 6229/4/6 6262/4/6 6301/4/6
f 6301/4/6 6262/4/6 6302/4/6
f 6291/4/6 6292/4/6 6303/4/6
f 6290/4/6 6291/4/6 6303/4/6
f 6303/4/6 6292/4/6 6304/4/6
f 6304/4/6 6292/4/6 6305/4/6
f 6295/4/6 6296/4/6 6307/4/6
f 6294/4/6 6295/4/6 6307/4/6
f 6307/4/6 6296/4/6 6308/4/6
f 6308/4/6 6296/4/6 6309/4/6
f 6279/4/6 6280/4/6 6312/4/6
f 6278/4/6 6279/4/6 6312/4/6
f 6277/4/6 6278/4/6 6312/4/6
f 6299/4/6 6300/4/6 6313/4/6
f 6298/4/6 6299/4/6 6313/4/6
f 6313/4/6 6300/4/6 6314/4/6
f 6314/4/6 6300/4/6 6315/4/6
f 6309/4/6 6310/4/6 6317/4/6
f 6308/4/6 6309/4/6 6317/4/6
f 6317/4/6 6310/4/6 6318/4/6
f 6318/4/6 6310/4/6 6319/4/6
f 6311/4/6 6312/4/6 6320/4/6
f 6283/4/6 6284/4/6 6321/4/6
f 6282/4/6 6283/4/6 6321/4/6
f 6315/4/6 6316/4/6 6323/4/6
f 6314/4/6 6315/4/6 6323/4/6
f 6302/4/6 6262/4/6 6326/4/6
f 6305/4/6 6306/4/6 6327/4/6
f 6304/4/6 6305/4/6 6327/4/6
f 6327/4/6 6306/4/6 6328/4/6
f 6328/4/6 6306/4/6 6329/4/6
f 6318/4/6 6319/4/6 6331/4/6
f 6319/4/6 6320/4/6 6331/4/6
f 6331/4/6 6320/4/6 6332/4/6
f 6323/4/6 6324/4/6 6333/4/6
f 6329/4/6 6330/4/6 6335/4/6
f 6328/4/6 6329/4/6 6335/4/6
f 6335/4/6 6330/4/6 6336/4/6
f 6336/4/6 6330/4/6 6337/4/6
f 6321/4/6 6322/4/6 6339/4/6
f 6333/4/6 6334/4/6 6341/4/6
f 6325/4/6 6326/4/6 6343/4/6
f 6326/4/6 6262/4/6 6343/4/6
f 6337/4/6 6338/4/6 6345/4/6
f 6336/4/6 6337/4/6 6345/4/6
f 6332/4/6 6320/4/6 6347/4/6
f 6347/4/6 6320/4/6 6348/4/6
f 6312/4/6 6280/4/6 6349/4/6
f 6348/4/6 6320/4/6 6349/4/6
f 6320/4/6 6312/4/6 6349/4/6
f 6341/4/6 6342/4/6 6351/4/6
f 6345/4/6 6346/4/6 6353/4/6
f 6349/4/6 6350/4/6 6355/4/6
f 6348/4/6 6349/4/6 6355/4/6
f 6355/4/6 6350/4/6 6356/4/6
f 6356/4/6 6350/4/6 6357/4/6
f 6357/4/6 6350/4/6 6358/4/6
f 6323/4/6 6333/4/6 6360/4/6
f 6351/4/6 6352/4/6 6360/4/6
f 6314/4/6 6323/4/6 6360/4/6
f 6333/4/6 6341/4/6 6360/4/6
f 6341/4/6 6351/4/6 6360/4/6
f 6360/4/6 6352/4/6 6361/4/6
f 6343/4/6 6344/4/6 6363/4/6
f 6353/4/6 6354/4/6 6366/4/6
f 6336/4/6 6345/4/6 6366/4/6
f 6345/4/6 6353/4/6 6366/4/6
f 6366/4/6 6354/4/6 6367/4/6
f 6367/4/6 6354/4/6 6368/4/6
f 6368/4/6 6354/4/6 6369/4/6
f 6369/4/6 6354/4/6 6370/4/6
f 6356/4/6 6357/4/6 6372/4/6
f 6372/4/6 6357/4/6 6373/4/6
f 6373/4/6 6357/4/6 6374/4/6
f 6374/4/6 6357/4/6 6375/4/6
f 6358/4/6 6350/4/6 6376/4/6
f 6376/4/6 6350/4/6 6377/4/6
f 6339/4/6 6340/4/6 6378/4/6
f 6361/4/6 6362/4/6 6379/4/6
f 6360/4/6 6361/4/6 6379/4/6
f 6359/4/6 6360/4/6 6379/4/6
f 6379/4/6 6362/4/6 6380/4/6
f 6363/4/6 6364/4/6 6382/4/6
f 6365/4/6 6366/4/6 6384/4/6
f 6366/4/6 6367/4/6 6384/4/6
f 6384/4/6 6367/4/6 6385/4/6
f 6368/4/6 6369/4/6 6387/4/6
f 6370/4/6 6371/4/6 6388/4/6
f 6356/4/6 6372/4/6 6390/4/6
f 6390/4/6 6372/4/6 6391/4/6
f 6373/4/6 6374/4/6 6392/4/6
f 6392/4/6 6374/4/6 6393/4/6
f 6393/4/6 6374/4/6 6394/4/6
f 6394/4/6 6374/4/6 6395/4/6
f 6382/4/6 6383/4/6 6396/4/6
f 6365/4/6 6384/4/6 6397/4/6
f 6386/4/6 6387/4/6 6399/4/6
f 6387/4/6 6369/4/6 6400/4/6
f 6399/4/6 6387/4/6 6400/4/6
f 6388/4/6 6389/4/6 6401/4/6
f 6370/4/6 6388/4/6 6401/4/6
f 6377/4/6 6350/4/6 6406/4/6
f 6406/4/6 6350/4/6 6407/4/6
f 6380/4/6 6381/4/6 6409/4/6
f 6339/4/6 6378/4/6 6409/4/6
f 6379/4/6 6380/4/6 6409/4/6
f 6282/4/6 6321/4/6 6409/4/6
f 6378/4/6 6379/4/6 6409/4/6
f 6321/4/6 6339/4/6 6409/4/6
f 6409/4/6 6381/4/6 6410/4/6
f 6410/4/6 6381/4/6 6411/4/6
f 6396/4/6 6397/4/6 6412/4/6
f 6397/4/6 6384/4/6 6412/4/6
f 6400/4/6 6401/4/6 6413/4/6
f 6399/4/6 6400/4/6 6413/4/6
f 6398/4/6 6399/4/6 6413/4/6
f 6401/4/6 6389/4/6 6414/4/6
f 6413/4/6 6401/4/6 6414/4/6
f 6402/4/6 6403/4/6 6415/4/6
f 6415/4/6 6403/4/6 6416/4/6
f 6404/4/6 6405/4/6 6417/4/6
f 6393/4/6 6394/4/6 6419/4/6
f 6419/4/6 6394/4/6 6420/4/6
f 6377/4/6 6406/4/6 6425/4/6
f 6425/4/6 6406/4/6 6426/4/6
f 6426/4/6 6406/4/6 6427/4/6
f 6409/4/6 6410/4/6 6429/4/6
f 6408/4/6 6409/4/6 6429/4/6
f 6429/4/6 6410/4/6 6430/4/6
f 6430/4/6 6410/4/6 6431/4/6
f 6411/4/6 6381/4/6 6432/4/6
f 6432/4/6 6381/4/6 6433/4/6
f 6415/4/6 6416/4/6 6434/4/6
f 6396/4/6 6412/4/6 6434/4/6
f 6412/4/6 6413/4/6 6434/4/6
f 6325/4/6 6343/4/6 6434/4/6
f 6343/4/6 6363/4/6 6434/4/6
f 6413/4/6 6414/4/6 6434/4/6
f 6363/4/6 6382/4/6 6434/4/6
f 6416/4/6 6417/4/6 6434/4/6
f 6382/4/6 6396/4/6 6434/4/6
f 6414/4/6 6415/4/6 6434/4/6
f 6434/4/6 6417/4/6 6435/4/6
f 6420/4/6 6421/4/6 6436/4/6
f 6419/4/6 6420/4/6 6436/4/6
f 6418/4/6 6419/4/6 6436/4/6
f 6422/4/6 6423/4/6 6437/4/6
f 6437/4/6 6423/4/6 6438/4/6
f 6425/4/6 6426/4/6 6439/4/6
f 6424/4/6 6425/4/6 6439/4/6
f 6439/4/6 6426/4/6 6440/4/6
f 6429/4/6 6430/4/6 6442/4/6
f 6428/4/6 6429/4/6 6442/4/6
f 6442/4/6 6430/4/6 6443/4/6
f 6435/4/6 6417/4/6 6444/4/6
f 6444/4/6 6417/4/6 6445/4/6
f 6440/4/6 6441/4/6 6446/4/6
f 6439/4/6 6440/4/6 6446/4/6
f 6437/4/6 6438/4/6 6446/4/6
f 6436/4/6 6437/4/6 6446/4/6
f 6438/4/6 6439/4/6 6446/4/6
f 6443/4/6 6430/4/6 6448/4/6
f 6448/4/6 6430/4/6 6449/4/6
f 6449/4/6 6430/4/6 6450/4/6
f 6433/4/6 6381/4/6 6453/4/6
f 6445/4/6 6417/4/6 6454/4/6
f 6454/4/6 6417/4/6 6455/4/6
f 6450/4/6 6451/4/6 6456/4/6
f 6449/4/6 6450/4/6 6456/4/6
f 6452/4/6 6453/4/6 6457/4/6
f 6446/4/6 6447/4/6 6458/4/6
f 6436/4/6 6446/4/6 6458/4/6
f 6458/4/6 6447/4/6 6459/4/6
f 6449/4/6 6456/4/6 6462/4/6
f 6456/4/6 6457/4/6 6462/4/6
f 6455/4/6 6417/4/6 6463/4/6
f 6463/4/6 6417/4/6 6464/4/6
f 6464/4/6 6417/4/6 6465/4/6
f 6465/4/6 6417/4/6 6466/4/6
f 6436/4/6 6458/4/6 6467/4/6
f 6467/4/6 6458/4/6 6468/4/6
f 6459/4/6 6460/4/6 6469/4/6
f 6461/4/6 6462/4/6 6470/4/6
f 6462/4/6 6457/4/6 6471/4/6
f 6470/4/6 6462/4/6 6471/4/6
f 6471/4/6 6457/4/6 6472/4/6
f 6453/4/6 6381/4/6 6473/4/6
f 6472/4/6 6457/4/6 6473/4/6
f 6457/4/6 6453/4/6 6473/4/6
f 6473/4/6 6381/4/6 6474/4/6
f 6464/4/6 6465/4/6 6475/4/6
f 6475/4/6 6465/4/6 6476/4/6
f 6466/4/6 6417/4/6 6477/4/6
f 6477/4/6 6417/4/6 6478/4/6
f 6436/4/6 6467/4/6 6479/4/6
f 6479/4/6 6467/4/6 6480/4/6
f 6472/4/6 6473/4/6 6481/4/6
f 6481/4/6 6473/4/6 6482/4/6
f 6474/4/6 6381/4/6 6483/4/6
f 6483/4/6 6381/4/6 6484/4/6
f 6476/4/6 6465/4/6 6486/4/6
f 6486/4/6 6465/4/6 6487/4/6
f 6478/4/6 6417/4/6 6489/4/6
f 6489/4/6 6417/4/6 6490/4/6
f 6436/4/6 6479/4/6 6491/4/6
f 6491/4/6 6479/4/6 6492/4/6
f 6472/4/6 6481/4/6 6493/4/6
f 6493/4/6 6481/4/6 6494/4/6
f 6487/4/6 6488/4/6 6495/4/6
f 6485/4/6 6486/4/6 6495/4/6
f 6486/4/6 6487/4/6 6495/4/6
f 6490/4/6 6417/4/6 6496/4/6
f 6496/4/6 6417/4/6 6497/4/6
f 6417/4/6 6405/4/6 6498/4/6
f 6497/4/6 6417/4/6 6498/4/6
f 6418/4/6 6436/4/6 6499/4/6
f 6436/4/6 6491/4/6 6499/4/6
f 6499/4/6 6491/4/6 6500/4/6
f 6500/4/6 6491/4/6 6501/4/6
f 6501/4/6 6491/4/6 6502/4/6
f 6502/4/6 6491/4/6 6503/4/6
f 6503/4/6 6491/4/6 6504/4/6
f 6504/4/6 6491/4/6 6505/4/6
f 6496/4/6 6497/4/6 6506/4/6
f 6485/4/6 6495/4/6 6506/4/6
f 6495/4/6 6496/4/6 6506/4/6
f 6506/4/6 6497/4/6 6507/4/6
f 6418/4/6 6499/4/6 6508/4/6
f 6508/4/6 6499/4/6 6509/4/6
f 6501/4/6 6502/4/6 6510/4/6
f 6510/4/6 6502/4/6 6511/4/6
f 6503/4/6 6504/4/6 6512/4/6
f 6512/4/6 6504/4/6 6513/4/6
f 6459/4/6 6469/4/6 6514/4/6
f 6469/4/6 6470/4/6 6514/4/6
f 6470/4/6 6471/4/6 6514/4/6
f 6514/4/6 6471/4/6 6515/4/6
f 6472/4/6 6493/4/6 6516/4/6
f 6516/4/6 6493/4/6 6517/4/6
f 6484/4/6 6381/4/6 6518/4/6
f 6518/4/6 6381/4/6 6519/4/6
f 6520/5/6 6521/5/6 6522/5/6
f 6522/5/6 6521/5/6 6523/5/6
f 6524/5/6 6525/5/6 6528/5/6
f 6528/5/6 6525/5/6 6529/5/6
f 6529/5/6 6525/5/6 6530/5/6
f 6526/5/6 6527/5/6 6533/5/6
f 6533/5/6 6527/5/6 6534/5/6
f 6530/5/6 6531/5/6 6536/5/6
f 6529/5/6 6530/5/6 6536/5/6
f 6534/5/6 6535/5/6 6538/5/6
f 6533/5/6 6534/5/6 6538/5/6
f 6532/5/6 6533/5/6 6538/5/6
f 6536/5/6 6537/5/6 6540/5/6
f 6538/5/6 6539/5/6 6542/5/6
f 6532/5/6 6538/5/6 6542/5/6
f 6542/5/6 6539/5/6 6543/5/6
f 6543/5/6 6539/5/6 6544/5/6
f 6540/5/6 6541/5/6 6546/5/6
f 6529/5/6 6536/5/6 6546/5/6
f 6536/5/6 6540/5/6 6546/5/6
f 6546/5/6 6541/5/6 6547/5/6
f 6547/5/6 6541/5/6 6548/5/6
f 6544/5/6 6545/5/6 6551/5/6
f 6543/5/6 6544/5/6 6551/5/6
f 6551/5/6 6545/5/6 6552/5/6
f 6548/5/6 6549/5/6 6556/5/6
f 6547/5/6 6548/5/6 6556/5/6
f 6556/5/6 6549/5/6 6557/5/6
f 6557/5/6 6549/5/6 6558/5/6
f 6551/5/6 6552/5/6 6560/5/6
f 6552/5/6 6553/5/6 6560/5/6
f 6550/5/6 6551/5/6 6560/5/6
f 6560/5/6 6553/5/6 6561/5/6
f 6558/5/6 6559/5/6 6562/5/6
f 6557/5/6 6558/5/6 6562/5/6
f 6562/5/6 6559/5/6 6563/5/6
f 6561/5/6 6553/5/6 6564/5/6
f 6564/5/6 6553/5/6 6565/5/6
f 6565/5/6 6553/5/6 6566/5/6
f 6563/5/6 6559/5/6 6568/5/6
f 6568/5/6 6559/5/6 6569/5/6
f 6569/5/6 6559/5/6 6570/5/6
f 6566/5/6 6567/5/6 6572/5/6
f 6565/5/6 6566/5/6 6572/5/6
f 6572/5/6 6567/5/6 6573/5/6
f 6570/5/6 6571/5/6 6574/5/6
f 6569/5/6 6570/5/6 6574/5/6
f 6574/5/6 6571/5/6 6575/5/6
f 6573/5/6 6567/5/6 6576/5/6
f 6576/5/6 6567/5/6 6577/5/6
f 6577/5/6 6567/5/6 6578/5/6
f 6578/5/6 6579/5/6 6580/5/6
f 6577/5/6 6578/5/6 6580/5/6
f 6580/5/6 6579/5/6 6581/5/6
f 6575/5/6 6571/5/6 6582/5/6
f 6575/5/6 6582/5/6 6584/5/6
f 6582/5/6 6583/5/6 6584/5/6
f 6584/5/6 6583/5/6 6585/5/6
f 6581/5/6 6579/5/6 6588/5/6
f 6588/5/6 6579/5/6 6589/5/6
f 6585/5/6 6583/5/6 6590/5/6
f 6586/5/6 6587/5/6 6593/5/6
f 6593/5/6 6587/5/6 6594/5/6
f 6594/5/6 6595/5/6 6598/5/6
f 6592/5/6 6593/5/6 6598/5/6
f 6593/5/6 6594/5/6 6598/5/6
f 6598/5/6 6595/5/6 6599/5/6
f 6599/5/6 6595/5/6 6600/5/6
f 6590/5/6 6591/5/6 6602/5/6
f 6585/5/6 6590/5/6 6602/5/6
f 6602/5/6 6591/5/6 6603/5/6
f 6600/5/6 6601/5/6 6604/5/6
f 6599/5/6 6600/5/6 6604/5/6
f 6604/5/6 6601/5/6 6605/5/6
f 6605/5/6 6601/5/6 6606/5/6
f 6596/5/6 6597/5/6 6608/5/6
f 6608/5/6 6597/5/6 6609/5/6
f 6606/5/6 6607/5/6 6610/5/6
f 6605/5/6 6606/5/6 6610/5/6
f 6610/5/6 6607/5/6 6611/5/6
f 6554/5/6 6555/5/6 6612/5/6
f 6612/5/6 6555/5/6 6613/5/6
f 6585/5/6 6602/5/6 6615/5/6
f 6611/5/6 6607/5/6 6616/5/6
f 6616/5/6 6607/5/6 6617/5/6
f 6617/5/6 6607/5/6 6618/5/6
f 6618/5/6 6619/5/6 6620/5/6
f 6617/5/6 6618/5/6 6620/5/6
f 6620/5/6 6619/5/6 6621/5/6
f 6621/5/6 6619/5/6 6622/5/6
f 6622/5/6 6623/5/6 6624/5/6
f 6621/5/6 6622/5/6 6624/5/6
f 6624/5/6 6623/5/6 6625/5/6
f 6614/5/6 6615/5/6 6627/5/6
f 6615/5/6 6602/5/6 6628/5/6
f 6627/5/6 6615/5/6 6628/5/6
f 6628/5/6 6602/5/6 6629/5/6
f 6625/5/6 6623/5/6 6630/5/6
f 6630/5/6 6631/5/6 6634/5/6
f 6625/5/6 6630/5/6 6634/5/6
f 6634/5/6 6631/5/6 6635/5/6
f 6632/5/6 6633/5/6 6636/5/6
f 6636/5/6 6633/5/6 6637/5/6
f 6637/5/6 6633/5/6 6638/5/6
f 6627/5/6 6628/5/6 6641/5/6
f 6626/5/6 6627/5/6 6641/5/6
f 6637/5/6 6638/5/6 6642/5/6
f 6638/5/6 6639/5/6 6642/5/6
f 6642/5/6 6639/5/6 6643/5/6
f 6643/5/6 6639/5/6 6644/5/6
f 6640/5/6 6641/5/6 6647/5/6
f 6641/5/6 6628/5/6 6648/5/6
f 6647/5/6 6641/5/6 6648/5/6
f 6648/5/6 6628/5/6 6649/5/6
f 6635/5/6 6631/5/6 6650/5/6
f 6650/5/6 6631/5/6 6651/5/6
f 6651/5/6 6631/5/6 6652/5/6
f 6646/5/6 6647/5/6 6654/5/6
f 6647/5/6 6648/5/6 6654/5/6
f 6654/5/6 6648/5/6 6655/5/6
f 6655/5/6 6648/5/6 6656/5/6
f 6656/5/6 6648/5/6 6657/5/6
f 6655/5/6 6656/5/6 6658/5/6
f 6658/5/6 6656/5/6 6659/5/6
f 6643/5/6 6644/5/6 6661/5/6
f 6644/5/6 6645/5/6 6661/5/6
f 6661/5/6 6645/5/6 6662/5/6
f 6662/5/6 6663/5/6 6664/5/6
f 6661/5/6 6662/5/6 6664/5/6
f 6660/5/6 6661/5/6 6664/5/6
f 6664/5/6 6663/5/6 6665/5/6
f 6652/5/6 6653/5/6 6666/5/6
f 6651/5/6 6652/5/6 6666/5/6
f 6666/5/6 6653/5/6 6667/5/6
f 6665/5/6 6663/5/6 6668/5/6
f 6668/5/6 6663/5/6 6669/5/6
f 6667/5/6 6653/5/6 6670/5/6
f 6670/5/6 6653/5/6 6671/5/6
f 6671/5/6 6653/5/6 6672/5/6
f 6672/5/6 6653/5/6 6673/5/6
f 6674/5/6 6675/5/6 6677/5/6
f 6669/5/6 6663/5/6 6679/5/6
f 6679/5/6 6663/5/6 6680/5/6
f 6680/5/6 6663/5/6 6681/5/6
f 6676/5/6 6677/5/6 6686/5/6
f 6686/5/6 6677/5/6 6687/5/6
f 6677/5/6 6675/5/6 6688/5/6
f 6687/5/6 6677/5/6 6688/5/6
f 6688/5/6 6675/5/6 6689/5/6
f 6678/5/6 6679/5/6 6690/5/6
f 6679/5/6 6680/5/6 6690/5/6
f 6690/5/6 6680/5/6 6691/5/6
f 6684/5/6 6685/5/6 6693/5/6
f 6687/5/6 6688/5/6 6694/5/6
f 6694/5/6 6688/5/6 6695/5/6
f 6692/5/6 6693/5/6 6697/5/6
f 6693/5/6 6685/5/6 6698/5/6
f 6697/5/6 6693/5/6 6698/5/6
f 6698/5/6 6685/5/6 6699/5/6
f 6696/5/6 6697/5/6 6700/5/6
f 6697/5/6 6698/5/6 6700/5/6
f 6682/5/6 6683/5/6 6706/5/6
f 6706/5/6 6683/5/6 6707/5/6
f 6700/5/6 6701/5/6 6709/5/6
f 6696/5/6 6700/5/6 6709/5/6
f 6702/5/6 6703/5/6 6710/5/6
f 6710/5/6 6703/5/6 6711/5/6
f 6682/5/6 6706/5/6 6712/5/6
f 6712/5/6 6706/5/6 6713/5/6
f 6708/5/6 6709/5/6 6715/5/6
f 6714/5/6 6715/5/6 6716/5/6
f 6715/5/6 6709/5/6 6716/5/6
f 6709/5/6 6701/5/6 6716/5/6
f 6716/5/6 6701/5/6 6717/5/6
f 6714/5/6 6716/5/6 6719/5/6
f 6719/5/6 6716/5/6 6720/5/6
f 6720/5/6 6716/5/6 6721/5/6
f 6704/5/6 6705/5/6 6722/5/6
f 6722/5/6 6705/5/6 6723/5/6
f 6719/5/6 6720/5/6 6725/5/6
f 6718/5/6 6719/5/6 6725/5/6
f 6725/5/6 6720/5/6 6726/5/6
f 6724/5/6 6725/5/6 6726/5/6
f 6726/5/6 6720/5/6 6727/5/6
f 6724/5/6 6726/5/6 6730/5/6
f 6730/5/6 6726/5/6 6731/5/6
f 6728/5/6 6729/5/6 6734/5/6
f 6724/5/6 6730/5/6 6736/5/6
f 6736/5/6 6730/5/6 6737/5/6
f 6732/5/6 6733/5/6 6738/5/6
f 6724/5/6 6736/5/6 6740/5/6
f 6740/5/6 6736/5/6 6741/5/6
f 6738/5/6 6739/5/6 6742/5/6
f 6732/5/6 6738/5/6 6742/5/6
f 6742/5/6 6739/5/6 6743/5/6
f 6724/5/6 6740/5/6 6744/5/6
f 6732/5/6 6742/5/6 6746/5/6
f 6746/5/6 6742/5/6 6747/5/6
f 6744/5/6 6745/5/6 6750/5/6
f 6724/5/6 6744/5/6 6750/5/6
f 6750/5/6 6745/5/6 6751/5/6
f 6751/5/6 6745/5/6 6752/5/6
f 6748/5/6 6749/5/6 6754/5/6
f 6754/5/6 6749/5/6 6755/5/6
f 6734/5/6 6735/5/6 6756/5/6
f 6728/5/6 6734/5/6 6756/5/6
f 6756/5/6 6735/5/6 6757/5/6
f 6752/5/6 6753/5/6 6759/5/6
f 6751/5/6 6752/5/6 6759/5/6
f 6759/5/6 6753/5/6 6760/5/6
f 6728/5/6 6756/5/6 6762/5/6
f 6762/5/6 6756/5/6 6763/5/6
f 6760/5/6 6761/5/6 6764/5/6
f 6758/5/6 6759/5/6 6764/5/6
f 6759/5/6 6760/5/6 6764/5/6
f 6764/5/6 6761/5/6 6765/5/6
f 6765/5/6 6761/5/6 6766/5/6
f 6728/5/6 6762/5/6 6768/5/6
f 6768/5/6 6762/5/6 6769/5/6
f 6766/5/6 6767/5/6 6770/5/6
f 6765/5/6 6766/5/6 6770/5/6
f 6770/5/6 6767/5/6 6771/5/6
f 6771/5/6 6767/5/6 6772/5/6
f 6772/5/6 6773/5/6 6774/5/6
f 6771/5/6 6772/5/6 6774/5/6
f 6774/5/6 6773/5/6 6775/5/6
f 6775/5/6 6773/5/6 6776/5/6
f 6771/5/6 6774/5/6 6778/5/6
f 6778/5/6 6774/5/6 6779/5/6
f 6779/5/6 6774/5/6 6780/5/6
f 6776/5/6 6777/5/6 6781/5/6
f 6775/5/6 6776/5/6 6781/5/6
f 6779/5/6 6780/5/6 6782/5/6
f 6780/5/6 6781/5/6 6782/5/6
f 6781/5/6 6777/5/6 6783/5/6
f 6782/5/6 6781/5/6 6783/5/6
f 6783/5/6 6777/5/6 6784/5/6
f 6784/5/6 6777/5/6 6785/5/6
f 6783/5/6 6784/5/6 6787/5/6
f 6787/5/6 6784/5/6 6788/5/6
f 6788/5/6 6784/5/6 6789/5/6
f 6785/5/6 6786/5/6 6790/5/6
f 6788/5/6 6789/5/6 6791/5/6
f 6789/5/6 6790/5/6 6791/5/6
f 6791/5/6 6790/5/6 6792/5/6
f 6792/5/6 6790/5/6 6793/5/6
f 6790/5/6 6786/5/6 6794/5/6
f 6793/5/6 6790/5/6 6794/5/6
f 6795/5/6 6796/5/6 6798/5/6
f 6798/5/6 6796/5/6 6799/5/6
f 6797/5/6 6798/5/6 6801/5/6
f 6799/5/6 6800/5/6 6801/5/6
f 6798/5/6 6799/5/6 6801/5/6
f 6801/5/6 6802/5/6 6805/5/6
f 6797/5/6 6801/5/6 6805/5/6
f 6805/5/6 6802/5/6 6806/5/6
f 6803/5/6 6804/5/6 6808/5/6
f 6808/5/6 6804/5/6 6809/5/6
f 6809/5/6 6810/5/6 6811/5/6
f 6808/5/6 6809/5/6 6811/5/6
f 6807/5/6 6808/5/6 6811/5/6
f 6811/5/6 6810/5/6 6812/5/6
f 6812/5/6 6810/5/6 6813/5/6
f 6806/5/6 6802/5/6 6815/5/6
f 6815/5/6 6802/5/6 6816/5/6
f 6816/5/6 6802/5/6 6817/5/6
f 6817/5/6 6802/5/6 6818/5/6
f 6813/5/6 6814/5/6 6819/5/6
f 6812/5/6 6813/5/6 6819/5/6
f 6819/5/6 6814/5/6 6820/5/6
f 6820/5/6 6814/5/6 6821/5/6
f 6816/5/6 6817/5/6 6823/5/6
f 6823/5/6 6817/5/6 6824/5/6
f 6821/5/6 6822/5/6 6825/5/6
f 6820/5/6 6821/5/6 6825/5/6
f 6825/5/6 6822/5/6 6826/5/6
f 6826/5/6 6822/5/6 6827/5/6
f 6827/5/6 6828/5/6 6829/5/6
f 6826/5/6 6827/5/6 6829/5/6
f 6829/5/6 6828/5/6 6830/5/6
f 6830/5/6 6828/5/6 6831/5/6
f 6831/5/6 6828/5/6 6832/5/6
f 6832/5/6 6828/5/6 6833/5/6
f 6835/5/6 6836/5/6 6837/5/6
f 6837/5/6 6836/5/6 6838/5/6
f 6833/5/6 6834/5/6 6840/5/6
f 6832/5/6 6833/5/6 6840/5/6
f 6840/5/6 6834/5/6 6841/5/6
f 6841/5/6 6834/5/6 6842/5/6
f 6838/5/6 6839/5/6 6844/5/6
f 6844/5/6 6839/5/6 6845/5/6
f 6845/5/6 6839/5/6 6846/5/6
f 6846/5/6 6847/5/6 6848/5/6
f 6845/5/6 6846/5/6 6848/5/6
f 6848/5/6 6849/5/6 6850/5/6
f 6845/5/6 6848/5/6 6852/5/6
f 6850/5/6 6851/5/6 6852/5/6
f 6848/5/6 6850/5/6 6852/5/6
f 6852/5/6 6851/5/6 6853/5/6
f 6853/5/6 6851/5/6 6854/5/6
f 6854/5/6 6851/5/6 6855/5/6
f 6842/5/6 6843/5/6 6856/5/6
f 6841/5/6 6842/5/6 6856/5/6
f 6856/5/6 6843/5/6 6857/5/6
f 6855/5/6 6851/5/6 6858/5/6
f 6858/5/6 6851/5/6 6859/5/6
f 6855/5/6 6858/5/6 6864/5/6
f 6864/5/6 6858/5/6 6865/5/6
f 6860/5/6 6861/5/6 6867/5/6
f 6867/5/6 6861/5/6 6868/5/6
f 6868/5/6 6861/5/6 6869/5/6
f 6866/5/6 6867/5/6 6870/5/6
f 6867/5/6 6868/5/6 6870/5/6
f 6870/5/6 6868/5/6 6871/5/6
f 6862/5/6 6863/5/6 6872/5/6
f 6872/5/6 6863/5/6 6873/5/6
f 6857/5/6 6843/5/6 6875/5/6
f 6875/5/6 6843/5/6 6876/5/6
f 6876/5/6 6843/5/6 6877/5/6
f 6866/5/6 6870/5/6 6878/5/6
f 6878/5/6 6870/5/6 6879/5/6
f 6875/5/6 6876/5/6 6881/5/6
f 6874/5/6 6875/5/6 6881/5/6
f 6881/5/6 6876/5/6 6882/5/6
f 6882/5/6 6876/5/6 6883/5/6
f 6880/5/6 6881/5/6 6884/5/6
f 6881/5/6 6882/5/6 6884/5/6
f 6884/5/6 6882/5/6 6885/5/6
f 6885/5/6 6882/5/6 6886/5/6
f 6886/5/6 6882/5/6 6887/5/6
f 6888/5/6 6889/5/6 6893/5/6
f 6890/5/6 6891/5/6 6898/5/6
f 6892/5/6 6893/5/6 6901/5/6
f 6896/5/6 6897/5/6 6903/5/6
f 6903/5/6 6897/5/6 6904/5/6
f 6898/5/6 6899/5/6 6906/5/6
f 6890/5/6 6898/5/6 6906/5/6
f 6906/5/6 6899/5/6 6907/5/6
f 6907/5/6 6899/5/6 6908/5/6
f 6900/5/6 6901/5/6 6911/5/6
f 6904/5/6 6905/5/6 6913/5/6
f 6903/5/6 6904/5/6 6913/5/6
f 6902/5/6 6903/5/6 6913/5/6
f 6908/5/6 6909/5/6 6914/5/6
f 6907/5/6 6908/5/6 6914/5/6
f 6914/5/6 6909/5/6 6915/5/6
f 6910/5/6 6911/5/6 6923/5/6
f 6916/5/6 6917/5/6 6924/5/6
f 6924/5/6 6917/5/6 6925/5/6
f 6918/5/6 6919/5/6 6926/5/6
f 6926/5/6 6919/5/6 6927/5/6
f 6920/5/6 6921/5/6 6928/5/6
f 6928/5/6 6921/5/6 6929/5/6
f 6922/5/6 6923/5/6 6930/5/6
f 6893/5/6 6889/5/6 6931/5/6
f 6930/5/6 6923/5/6 6931/5/6
f 6911/5/6 6901/5/6 6931/5/6
f 6901/5/6 6893/5/6 6931/5/6
f 6923/5/6 6911/5/6 6931/5/6
f 6894/5/6 6895/5/6 6932/5/6
f 6932/5/6 6895/5/6 6933/5/6
f 6912/5/6 6913/5/6 6934/5/6
f 6913/5/6 6905/5/6 6935/5/6
f 6934/5/6 6913/5/6 6935/5/6
f 6936/5/6 6937/5/6 6938/5/6
f 6938/5/6 6937/5/6 6939/5/6
f 6940/5/6 6941/5/6 6942/5/6
f 6942/5/6 6941/5/6 6943/5/6
f 6944/5/6 6945/5/6 6946/5/6
f 6946/5/6 6945/5/6 6947/5/6
